#SET	id	name	grade	armortype	chest,legs,head,gloves,feet,shield	bonuses	tier tags
#PIECE	id	name	grade	kind	slot	type	set	stats	sources (||-separated)
SET	39	Dark Crystal Breastplate	A	HEAVY	365,388,512,5765,5777,641	STR -2, CON +2	Heavy armor, damage #4; Heavy armor, tank (survivability, set shield included) #2
SET	40	Tallum Plate Armor	A	HEAVY	2382,0,547,5768,5780,0	STR +2, CON -2	Heavy armor, damage #1; Heavy armor, tank (survivability, set shield included) #4
SET	41	Dark Crystal Leather Armor	A	LIGHT	2385,2389,512,5766,5778,0	STR +1, CON -1	Light armor, damage (bow) #1; Light armor, damage (dagger) #1
SET	42	Tallum Leather Armor	A	LIGHT	2393,0,547,5769,5781,0	WIT -2, MEN +2	Light armor, damage (bow) #4; Light armor, damage (dagger) #4
SET	43	Tallum Tunic	A	MAGIC	2400,2405,547,5770,5782,0	INT -2, WIT +2	Damage casters and summoners #2; Healers #1
SET	44	Dark Crystal Robe	A	MAGIC	2407,0,512,5767,5779,0	WIT +2, MEN -2	Damage casters and summoners #1; Healers #2
SET	46	Armor of Nightmare	A	HEAVY	374,0,2418,5771,5783,2498	DEX -2, CON +2	Heavy armor, damage #3; Heavy armor, tank (survivability, set shield included) #1
SET	47	Majestic Plate Armor	A	HEAVY	2383,0,2419,5774,5786,0	STR +2, CON -2	Heavy armor, damage #2; Heavy armor, tank (survivability, set shield included) #3
SET	48	Leather Armor of Nightmare	A	LIGHT	2394,0,2418,5772,5784,0	DEX +1, CON -1	Light armor, damage (bow) #3; Light armor, damage (dagger) #2
SET	49	Majestic Leather Armor	A	LIGHT	2395,0,2419,5775,5787,0	DEX +1, CON -1	Light armor, damage (bow) #2; Light armor, damage (dagger) #3
SET	50	Robe of Nightmare	A	MAGIC	2408,0,2418,5773,5785,0	INT +2, WIT -2	Damage casters and summoners #4; Healers #5
SET	51	Majestic Robe	A	MAGIC	2409,0,2419,5776,5788,0	INT -1, MEN +1	Damage casters and summoners #3; Healers #3
SET	25	Zubei's Breastplate	B	HEAVY	357,383,503,5710,5726,0	-	Heavy armor, damage #2; Heavy armor, tank (survivability, set shield included) #2
SET	26	Avadon Breastplate	B	HEAVY	2376,2379,2415,5714,5730,673	-	Heavy armor, damage #3; Heavy armor, tank (survivability, set shield included) #3
SET	27	Zubei's Leather Shirt	B	LIGHT	2384,2388,503,5711,5727,0	-	Light armor, damage (bow) #4; Light armor, damage (dagger) #4
SET	28	Avadon Leather Armor	B	LIGHT	2390,0,2415,5715,5731,0	-	Light armor, damage (bow) #3; Light armor, damage (dagger) #3
SET	29	Tunic of Zubei	B	MAGIC	2397,2402,503,5712,5728,0	-	Damage casters and summoners #2; Healers #3
SET	30	Avadon Robe	B	MAGIC	2406,0,2415,5716,5732,0	-	Damage casters and summoners #1; Healers #2
SET	32	Blue Wolf Breastplate	B	HEAVY	358,2380,2416,5718,5734,0	STR +3, DEX -2, CON -1	Heavy armor, damage #1; Heavy armor, tank (survivability, set shield included) #4
SET	33	Doom Plate Armor	B	HEAVY	2381,0,2417,5722,5738,110	STR -3, CON +3	Heavy armor, damage #4; Heavy armor, tank (survivability, set shield included) #1
SET	34	Blue Wolf Leather Armor	B	LIGHT	2391,0,2416,5719,5735,0	INT -2, WIT -1, MEN +3	Light armor, damage (bow) #2; Light armor, damage (dagger) #2
SET	35	Leather Armor of Doom	B	LIGHT	2392,0,2417,5723,5739,0	STR -1, DEX +3, CON -2	Light armor, damage (bow) #1; Light armor, damage (dagger) #1
SET	36	Blue Wolf Tunic	B	MAGIC	2398,2403,2416,5720,5736,0	INT -2, WIT +3, MEN -1	Damage casters and summoners #3; Healers #1
SET	37	Tunic of Doom	B	MAGIC	2399,2404,2417,5724,5740,0	INT +2, WIT -3, MEN +1	Damage casters and summoners #5; Healers #5
SET	12	Mithril Shirt	C	LIGHT	397,2387,0,0,62,0	-	Light armor, damage (bow) #4; Light armor, damage (dagger) #4
SET	13	Chain Mail Shirt	C	HEAVY	354,381,2413,0,0,2495	-	Heavy armor, damage #3; Heavy armor, tank (survivability, set shield included) #3
SET	14	Karmian Tunic	C	MAGIC	439,471,0,2454,0,0	-	Damage casters and summoners #1; Healers #1
SET	15	Plated Leather	C	LIGHT	398,418,0,0,2431,0	STR +4, CON -1	Light armor, damage (bow) #1; Light armor, damage (dagger) #1
SET	19	Composite Armor	C	HEAVY	60,0,517,0,0,107	-	Heavy armor, damage #2; Heavy armor, tank (survivability, set shield included) #2
SET	20	Demon's Tunic	C	MAGIC	441,472,0,2459,0,0	INT +4, WIT -1	Damage casters and summoners #2; Healers #4
SET	21	Theca Leather Armor	C	LIGHT	400,420,0,0,2436,0	-	Light armor, damage (bow) #2; Light armor, damage (dagger) #2
SET	22	Drake Leather Armor	C	LIGHT	401,0,0,0,2437,0	-	Light armor, damage (bow) #3; Light armor, damage (dagger) #3
SET	23	Full Plate Armor	C	HEAVY	356,0,2414,0,0,2497	-	Heavy armor, damage #1; Heavy armor, tank (survivability, set shield included) #1
SET	24	Divine Tunic	C	MAGIC	442,473,0,2463,0,0	INT -1, WIT +1	Damage casters and summoners #3; Healers #2
SET	3	Mithril Breastplate	D	HEAVY	58,59,47,0,0,628	-	Heavy armor, damage #2; Heavy armor, tank (survivability, set shield included) #2
SET	4	Reinforced Leather Shirt	D	LIGHT	394,416,0,0,2422,0	-	Light armor, damage (bow) #2; Light armor, damage (dagger) #2
SET	5	Tunic of Knowledge	D	MAGIC	436,469,0,2447,0,0	-	Damage casters and summoners #1; Healers #2
SET	6	Manticore Skin Shirt	D	LIGHT	395,417,0,0,2424,0	-	Light armor, damage (bow) #1; Light armor, damage (dagger) #1
SET	7	Brigandine Tunic	D	HEAVY	352,2378,2411,0,0,2493	-	Heavy armor, damage #1; Heavy armor, tank (survivability, set shield included) #1
SET	8	Mithril Tunic	D	MAGIC	437,470,0,2450,0,0	INT -1, WIT +1	Damage casters and summoners #2; Healers #1
SET	1	Wooden Breastplate	NG	LIGHT	23,2386,43,0,0,0	-	Light armor, damage (bow) #1; Light armor, damage (dagger) #1
SET	2	Tunic of Devotion	NG	MAGIC	1101,1104,44,0,0,0	-	Damage casters and summoners #1; Healers #1
SET	56	Imperial Crusader Breastplate	S	HEAVY	6373,6374,6378,6375,6376,6377	STR +2, DEX -2	Heavy armor, damage #1; Heavy armor, tank (survivability, set shield included) #1
SET	57	Draconic Leather Armor	S	LIGHT	6379,0,6382,6380,6381,0	STR +1, DEX +1, CON -2	Light armor, damage (bow) #1; Light armor, damage (dagger) #1
SET	58	Major Arcana Robe	S	MAGIC	6383,0,6386,6384,6385,0	INT +1, WIT +1, MEN -2	Damage casters and summoners #1; Healers #1
PIECE	1	Short Sword	NG	weapon	rhand	SWORD	0	P.Atk 8 M.Atk 6	Drop: L3 Elder Prairie Keltir, L4 Black Wolf, L4 Gray Wolf
PIECE	2	Long Sword	NG	weapon	rhand	SWORD	0	P.Atk 24 M.Atk 17	Exchange at Ariel, Arodin, Creamees, Damion, Garita, Iria, Jackson, Jakal, Kunai, Lector, Minaless, Mion, Nestle, Payne, Reep, Shari, Silvia, Simplon, Sydnia, Unoren, Uska, Varan: Gladius x1 [drop: L12 Akaste Bone Soldier, L12 Balor Orc Fighter Leader +6/exchange], Adena x90,090 || Exchange at Ariel, Arodin, Creamees, Damion, Garita, Iria, Jackson, Jakal, Kunai, Lector, Minaless, Mion, Nestle, Payne, Reep, Shari, Silvia, Simplon, Sydnia, Unoren, Uska, Varan: Orcish Sword x1 [?], Adena x90,090 || Exchange at Ariel, Arodin, Creamees, Damion, Garita, Iria, Jackson, Jakal, Kunai, Lector, Minaless, Mion, Nestle, Payne, Reep, Shari, Silvia, Simplon, Sydnia, Unoren, Uska, Varan: Handmade Sword x1 [?], Adena x90,090 || Drop: L16 Kasha Fang Spider, L17 Felim Lizardman Warrior, L17 Grizzly Bear, L17 Langk Lizardman Warrior, L17 Vuku Orc Fighter +4
PIECE	3	Broadsword	NG	weapon	rhand	SWORD	0	P.Atk 11 M.Atk 9	Exchange at Ariel, Arodin, Creamees, Damion, Garita, Iria, Jackson, Jakal, Kunai, Lector, Minaless, Mion, Nestle, Payne, Reep, Shari, Silvia, Simplon, Sydnia, Unoren, Uska, Varan: Short Sword x1 [drop: L3 Elder Prairie Keltir, L4 Black Wolf +1], Adena x12,905 || Craft (lvl 1, 100%): Broadsword Blade x1 [shop 5,600/drop: L6 Black Timber Wolf, L6 Imp +19], Iron Ore x18 [shop 400/drop: L3 Elder Brown Keltir, L3 Elder Keltir +275], Coal x18 [shop 400/drop: L2 Prairie Keltir, L3 Elder Keltir +238/exchange] || Drop: L6 Black Timber Wolf, L7 Utuku Orc Grunt, L10 Balor Orc Fighter, L10 Baraq Orc Fighter, L10 Kaboo Orc Fighter +1
PIECE	4	Club	NG	weapon	rhand	BLUNT	0	P.Atk 8 M.Atk 6	Drop: L5 Elder Wolf, L5 Giant Toad || Quest: LongLiveThePaagrioLord
PIECE	5	Mace	NG	weapon	rhand	BLUNT	0	P.Atk 11 M.Atk 9	Exchange at Ariel, Arodin, Creamees, Damion, Garita, Iria, Jackson, Jakal, Kunai, Lector, Minaless, Mion, Nestle, Payne, Reep, Shari, Silvia, Simplon, Sydnia, Unoren, Uska, Varan: Heavy Chisel x1 [drop: L9 Garum Werewolf, L9 Relic Werewolf +2/exchange], Adena x4,873 || Drop: L9 Garum Werewolf, L9 Relic Werewolf, L10 Goblin Brigand Lieutenant, L10 Goblin Thief
PIECE	7	Apprentice's Rod	NG	weapon	rhand	BLUNT	0	P.Atk 6 M.Atk 8	Drop: L5 Elder Wolf, L5 Giant Toad
PIECE	8	Willow Staff	NG	weapon	lrhand	BLUNT	0	P.Atk 11 M.Atk 13	Exchange at Ariel, Arodin, Creamees, Damion, Garita, Iria, Jackson, Jakal, Kunai, Lector, Minaless, Mion, Nestle, Payne, Reep, Shari, Silvia, Simplon, Sydnia, Unoren, Uska, Varan: Apprentice's Rod x1 [drop: L5 Elder Wolf, L5 Giant Toad], Adena x12,905 || Exchange at Ariel, Arodin, Creamees, Damion, Garita, Iria, Jackson, Jakal, Kunai, Lector, Minaless, Mion, Nestle, Payne, Reep, Shari, Silvia, Simplon, Sydnia, Unoren, Uska, Varan: Buffalo's Horn x1 [drop: L3 Elder Red Keltir, L4 Ashen Wolf], Adena x12,905 || Craft (lvl 1, 100%): Willow Staff Head x1 [shop 5,600/drop: L6 Imp, L7 Kaboo Orc Grunt +13], Iron Ore x12 [shop 400/drop: L3 Elder Brown Keltir, L3 Elder Keltir +275], Animal Bone x24 [shop 300/drop: L1 Young Prairie Keltir, L3 Elder Keltir +315/exchange/quest], Stem x12 [shop 200/drop: L1 Elpy, L3 Elder Brown Keltir +285] || Drop: L9 Garum Werewolf, L9 Relic Werewolf, L10 Goblin Brigand Lieutenant, L10 Goblin Thief
PIECE	9	Cedar Staff	NG	weapon	lrhand	BLUNT	0	P.Atk 16 M.Atk 18	Exchange at Ariel, Arodin, Creamees, Damion, Garita, Iria, Jackson, Jakal, Kunai, Lector, Minaless, Mion, Nestle, Payne, Reep, Shari, Silvia, Simplon, Sydnia, Unoren, Uska, Varan: Willow Staff x1 [drop: L9 Garum Werewolf, L9 Relic Werewolf +2/craft/exchange], Adena x45,760 || Exchange at Ariel, Arodin, Creamees, Damion, Garita, Iria, Jackson, Jakal, Kunai, Lector, Minaless, Mion, Nestle, Payne, Reep, Shari, Silvia, Simplon, Sydnia, Unoren, Uska, Varan: Apprentice's Spellbook x1 [drop: L6 Kaboo Orc, L10 Vaiss Orc/exchange], Adena x45,760 || Exchange at Ariel, Arodin, Creamees, Damion, Garita, Iria, Jackson, Jakal, Kunai, Lector, Minaless, Mion, Nestle, Payne, Reep, Shari, Silvia, Simplon, Sydnia, Unoren, Uska, Varan: Red Sunset Staff x1 [quest], Adena x31,460 || Craft (lvl 1, 100%): Cedar Staff Head x2 [shop 10,280/drop: L11 Kaboo Orc Fighter Lieutenant, L11 Vaiss Orc Warrior Leader +9], Iron Ore x55 [shop 400/drop: L3 Elder Brown Keltir, L3 Elder Keltir +275], Animal Bone x110 [shop 300/drop: L1 Young Prairie Keltir, L3 Elder Keltir +315/exchange/quest], Stem x55 [shop 200/drop: L1 Elpy, L3 Elder Brown Keltir +285] || Drop: L11 Kaboo Orc Fighter Lieutenant, L12 Dungeon Skeleton, L13 Dryad, L13 Marsh Zombie, L14 Red Bear +3
PIECE	11	Bone Dagger	NG	weapon	rhand	DAGGER	0	P.Atk 7 M.Atk 6	Drop: L1 Elpy
PIECE	12	Knife	NG	weapon	rhand	DAGGER	0	P.Atk 10 M.Atk 9	Drop: L6 Kasha Timber Wolf, L8 Goblin Brigand, L8 Goblin Lookout
PIECE	13	Short Bow	NG	weapon	lrhand	BOW	0	P.Atk 16 M.Atk 6	Drop: L2 Longtail Keltir, L3 Elder Brown Keltir, L4 Wolf
PIECE	14	Bow	NG	weapon	lrhand	BOW	0	P.Atk 23 M.Atk 9	Exchange at Ariel, Arodin, Creamees, Damion, Garita, Iria, Jackson, Jakal, Kunai, Lector, Minaless, Mion, Nestle, Payne, Reep, Shari, Silvia, Simplon, Sydnia, Unoren, Uska, Varan: Short Bow x1 [drop: L2 Longtail Keltir, L3 Elder Brown Keltir +1], Adena x12,905 || Craft (lvl 1, 100%): Bow Shaft x1 [shop 5,600/drop: L6 Utuku Orc, L8 Balor Orc Archer +8], Iron Ore x20 [shop 400/drop: L3 Elder Brown Keltir, L3 Elder Keltir +275], Braided Hemp x4 [shop 1,000/drop: L18 Lirein, L18 Salamander Elder +111/craft/exchange/quest], Suede x4 [shop 600/drop: L1 Elpy, L5 Giant Toad +296] || Drop: L8 Balor Orc Archer, L8 Kaboo Orc Archer, L8 Orc Archer, L8 Utuku Orc Archer, L10 Tunath Orc Marksman
PIECE	15	Short Spear	NG	weapon	lrhand	POLE	0	P.Atk 24 M.Atk 17	Craft (lvl 1, 100%): Short Spear Edge x3 [shop 17,534/drop: L16 Boogle Ratman, L16 Dark Horror +10], Iron Ore x220 [shop 400/drop: L3 Elder Brown Keltir, L3 Elder Keltir +275], Coal x110 [shop 400/drop: L2 Prairie Keltir, L3 Elder Keltir +238/exchange], Suede x55 [shop 600/drop: L1 Elpy, L5 Giant Toad +296] || Drop: L16 Dark Horror, L16 Ruin Zombie Leader, L16 Skeleton Infantryman, L17 Bugbear Raider, L19 Northern Trimden +2
PIECE	16	Great Spear	NG	weapon	lrhand	POLE	0	P.Atk 31 M.Atk 21	Exchange at Ariel, Arodin, Creamees, Damion, Garita, Iria, Jackson, Jakal, Kunai, Lector, Minaless, Mion, Nestle, Payne, Reep, Shari, Silvia, Simplon, Sydnia, Unoren, Uska, Varan: Short Spear x1 [drop: L16 Dark Horror, L16 Ruin Zombie Leader +5/craft], Adena x118,800 || Drop: L21 Baranka's Escort, L21 Dre Vanul Beholder, L21 Ghost Guardian, L21 Nightmare Weaver, L22 Ol Mahum Guard +2
PIECE	18	Leather Shield	NG	armor	lhand	SHIELD	0	P.Def 0 M.Def 0	Drop: L1 Young Keltir, L2 Brown Keltir
PIECE	19	Small Shield	NG	armor	lhand	SHIELD	0	P.Def 0 M.Def 0	Exchange at Ariel, Arodin, Creamees, Damion, Garita, Iria, Jackson, Jakal, Kunai, Lector, Minaless, Mion, Nestle, Payne, Reep, Shari, Silvia, Simplon, Sydnia, Unoren, Uska, Varan: Leather Shield x1 [drop: L1 Young Keltir, L2 Brown Keltir], Adena x658 || Drop: L7 Imp Elder, L7 Kaboo Orc Grunt, L7 Orc Grunt, L7 Rakeclaw Imp Hunter
PIECE	20	Buckler	NG	armor	lhand	SHIELD	0	P.Def 0 M.Def 0	Exchange at Ariel, Arodin, Creamees, Damion, Garita, Iria, Jackson, Jakal, Kunai, Lector, Minaless, Mion, Nestle, Payne, Reep, Shari, Silvia, Simplon, Sydnia, Unoren, Uska, Varan: Small Shield x1 [drop: L7 Imp Elder, L7 Kaboo Orc Grunt +2/exchange], Adena x2,356 || Drop: L11 Vaiss Orc Warrior Leader, L12 Grizzly, L13 Darkstone Golem, L14 Crasher, L14 Doom Soldier +3 || Quest: RecoverSmuggledGoods
PIECE	21	Shirt	NG	armor	chest	LIGHT	0	P.Def 36 M.Def 0	Drop: L2 Prairie Keltir, L2 Red Keltir, L3 Elder Keltir
PIECE	22	Leather Shirt	NG	armor	chest	LIGHT	0	P.Def 43 M.Def 0	Exchange (list 001): Adena x2,100, Shirt x1 [drop: L2 Prairie Keltir, L2 Red Keltir +1] || Exchange at Ariel, Arodin, Creamees, Damion, Garita, Iria, Jackson, Jakal, Kunai, Lector, Minaless, Mion, Nestle, Payne, Reep, Shari, Silvia, Simplon, Sydnia, Unoren, Uska, Varan: Shirt x1 [drop: L2 Prairie Keltir, L2 Red Keltir +1], Adena x2,511 || Drop: L6 Utuku Orc, L8 Goblin Scout, L8 Mountain Fungus, L9 Green Fungus, L10 Blade Bat +1 || Quest: BringWolfPelts
PIECE	23	Wooden Breastplate	NG	armor	chest	LIGHT	1	P.Def 47 M.Def 0	Exchange (list 001): Adena x5,400, Leather Shirt x1 [drop: L6 Utuku Orc, L8 Goblin Scout +4/exchange/quest] || Exchange at Ariel, Arodin, Creamees, Damion, Garita, Iria, Jackson, Jakal, Kunai, Lector, Minaless, Mion, Nestle, Payne, Reep, Shari, Silvia, Simplon, Sydnia, Unoren, Uska, Varan: Leather Shirt x1 [drop: L6 Utuku Orc, L8 Goblin Scout +4/exchange/quest], Adena x6,083 || Drop: L11 Darkwing Bat, L11 Drill Bat, L11 Kaboo Orc Fighter Lieutenant, L12 Barbed Bat, L12 Gemstone Beast +4 || Quest: ShardsOfGolem
PIECE	24	Bone Breastplate	NG	armor	chest	LIGHT	0	P.Def 50 M.Def 0	Exchange (list 001): Adena x12,200, Wooden Breastplate x1 [drop: L11 Darkwing Bat, L11 Drill Bat +7/exchange/quest] || Exchange at Ariel, Arodin, Creamees, Damion, Garita, Iria, Jackson, Jakal, Kunai, Lector, Minaless, Mion, Nestle, Payne, Reep, Shari, Silvia, Simplon, Sydnia, Unoren, Uska, Varan: Wooden Breastplate x1 [drop: L11 Darkwing Bat, L11 Drill Bat +7/exchange/quest], Adena x13,574 || Drop: L16 Dark Terror, L17 Omen Beast, L17 Pincer Spider, L17 Pinrul, L17 Ruin Imp +6
PIECE	25	Piece Bone Breastplate	NG	armor	chest	HEAVY	0	P.Def 62 M.Def 0	Exchange (list 001): Adena x16,500, Bone Breastplate x1 [drop: L16 Dark Terror, L17 Omen Beast +9/exchange] || Exchange at Ariel, Arodin, Creamees, Damion, Garita, Iria, Jackson, Jakal, Kunai, Lector, Minaless, Mion, Nestle, Payne, Reep, Shari, Silvia, Simplon, Sydnia, Unoren, Uska, Varan: Bone Breastplate x1 [drop: L16 Dark Terror, L17 Omen Beast +9/exchange], Adena x12,650 || Exchange at Ariel, Arodin, Creamees, Damion, Garita, Iria, Jackson, Jakal, Kunai, Lector, Minaless, Mion, Nestle, Payne, Reep, Shari, Silvia, Simplon, Sydnia, Unoren, Uska, Varan: Cotton Shirt x1 [drop: L16 Dark Terror, L17 Moonstone Beast +10/quest], Adena x12,650 || Craft (lvl 1, 100%): Piece Bone Breastplate Fragment x3 [shop 3,960/drop: L21 Gigant Slave, L21 Lith Scout +15], Steel Mold x3 [shop 9,000/craft/exchange/quest], Iron Ore x30 [shop 400/drop: L3 Elder Brown Keltir, L3 Elder Keltir +275] || Drop: L21 Gigant Slave, L21 Kirunak's Guards, L21 Lith Scout, L21 Northern Goblin, L24 Ol Mahum Officer +1
PIECE	26	Bronze Breastplate	NG	armor	chest	HEAVY	0	P.Def 68 M.Def 0	Exchange (list 001): Adena x16,500, Piece Bone Breastplate x1 [drop: L21 Gigant Slave, L21 Kirunak's Guards +4/craft/exchange] || Exchange at Ariel, Arodin, Creamees, Damion, Garita, Iria, Jackson, Jakal, Kunai, Lector, Minaless, Mion, Nestle, Payne, Reep, Shari, Silvia, Simplon, Sydnia, Unoren, Uska, Varan: Piece Bone Breastplate x1 [drop: L21 Gigant Slave, L21 Kirunak's Guards +4/craft/exchange], Adena x19,140 || Exchange at Ariel, Arodin, Creamees, Damion, Garita, Iria, Jackson, Jakal, Kunai, Lector, Minaless, Mion, Nestle, Payne, Reep, Shari, Silvia, Simplon, Sydnia, Unoren, Uska, Varan: Hard Leather Shirt x1 [drop: L21 Enku Orc Champion, L21 Hobgoblin +7/craft/exchange], Adena x13,530 || Drop: L21 Gigant Slave, L21 Lith Scout, L21 Northern Goblin, L22 Dre Vanul Slayer, L24 Ol Mahum Officer +1
PIECE	27	Hard Leather Shirt	NG	armor	chest	LIGHT	0	P.Def 53 M.Def 0	Exchange (list 001): Adena x16,500, Bone Breastplate x1 [drop: L16 Dark Terror, L17 Omen Beast +9/exchange] || Exchange at Ariel, Arodin, Creamees, Damion, Garita, Iria, Jackson, Jakal, Kunai, Lector, Minaless, Mion, Nestle, Payne, Reep, Shari, Silvia, Simplon, Sydnia, Unoren, Uska, Varan: Bone Breastplate x1 [drop: L16 Dark Terror, L17 Omen Beast +9/exchange], Adena x18,260 || Exchange at Ariel, Arodin, Creamees, Damion, Garita, Iria, Jackson, Jakal, Kunai, Lector, Minaless, Mion, Nestle, Payne, Reep, Shari, Silvia, Simplon, Sydnia, Unoren, Uska, Varan: Cotton Shirt x1 [drop: L16 Dark Terror, L17 Moonstone Beast +10/quest], Adena x18,260 || Craft (lvl 1, 100%): Hard Leather Shirt Pattern x3 [shop 5,014/drop: L21 Enku Orc Champion, L21 Hobgoblin +12], Animal Skin x110 [shop 300/drop: L2 Prairie Keltir, L4 Black Wolf +311/exchange/quest], Thread x55 [shop 200/drop: L1 Bearded Keltir, L1 Elpy +343/quest] || Drop: L21 Enku Orc Champion, L21 Hobgoblin, L21 Kirunak's Guards, L22 Dre Vanul Disposer, L22 Ol Mahum Ranger +4
PIECE	28	Pants	NG	armor	legs	LIGHT	0	P.Def 22 M.Def 0	Drop: L2 Prairie Keltir, L2 Red Keltir, L3 Elder Keltir
PIECE	29	Leather Pants	NG	armor	legs	LIGHT	0	P.Def 27 M.Def 0	Exchange at Ariel, Arodin, Creamees, Damion, Garita, Iria, Jackson, Jakal, Kunai, Lector, Minaless, Mion, Nestle, Payne, Reep, Shari, Silvia, Simplon, Sydnia, Unoren, Uska, Varan: Pants x1 [drop: L2 Prairie Keltir, L2 Red Keltir +1], Adena x1,570 || Drop: L6 Utuku Orc, L8 Goblin Scout, L8 Green Dryad, L8 Mountain Fungus, L9 Green Fungus +1 || Quest: BringWolfPelts, TotemOfTheHestui
PIECE	30	Hard Leather Pants	NG	armor	legs	LIGHT	0	P.Def 29 M.Def 0	Drop: L11 Darkwing Bat, L11 Drill Bat, L11 Magical Weaver, L12 Barbed Bat, L12 Gemstone Beast +4
PIECE	31	Bone Gaiters	NG	armor	legs	LIGHT	0	P.Def 32 M.Def 0	Exchange at Ariel, Arodin, Creamees, Damion, Garita, Iria, Jackson, Jakal, Kunai, Lector, Minaless, Mion, Nestle, Payne, Reep, Shari, Silvia, Simplon, Sydnia, Unoren, Uska, Varan: Hard Leather Pants x1 [drop: L11 Darkwing Bat, L11 Drill Bat +7], Adena x8,503 || Exchange at Ariel, Arodin, Creamees, Damion, Garita, Iria, Jackson, Jakal, Kunai, Lector, Minaless, Mion, Nestle, Payne, Reep, Shari, Silvia, Simplon, Sydnia, Unoren, Uska, Varan: Wooden Gaiters x1 [drop: L11 Darkwing Bat, L11 Drill Bat +6/exchange], Adena x8,503 || Drop: L16 Dark Terror, L17 Omen Beast, L17 Pincer Spider, L17 Pinrul, L17 Ruin Imp +6 || Quest: OffspringOfNightmares
PIECE	32	Piece Bone Gaiters	NG	armor	legs	HEAVY	0	P.Def 39 M.Def 0	Exchange at Ariel, Arodin, Creamees, Damion, Garita, Iria, Jackson, Jakal, Kunai, Lector, Minaless, Mion, Nestle, Payne, Reep, Shari, Silvia, Simplon, Sydnia, Unoren, Uska, Varan: Bone Gaiters x1 [drop: L16 Dark Terror, L17 Omen Beast +9/exchange/quest], Adena x7,920 || Exchange at Ariel, Arodin, Creamees, Damion, Garita, Iria, Jackson, Jakal, Kunai, Lector, Minaless, Mion, Nestle, Payne, Reep, Shari, Silvia, Simplon, Sydnia, Unoren, Uska, Varan: Cotton Pants x1 [drop: L16 Dark Terror, L17 Kuruka Ratman Hunter +10], Adena x7,920 || Craft (lvl 1, 100%): Piece Bone Gaiters Fragment x3 [shop 2,746/drop: L21 Gigant Slave, L21 Lith Scout +11], Steel Mold x2 [shop 9,000/craft/exchange/quest], Animal Bone x14 [shop 300/drop: L1 Young Prairie Keltir, L3 Elder Keltir +315/exchange/quest] || Drop: L21 Gigant Slave, L21 Lith Scout, L21 Northern Goblin, L22 Hungry Eye, L24 Ol Mahum Officer +1
PIECE	33	Hard Leather Gaiters	NG	armor	legs	LIGHT	0	P.Def 33 M.Def 0	Exchange at Ariel, Arodin, Creamees, Damion, Garita, Iria, Jackson, Jakal, Kunai, Lector, Minaless, Mion, Nestle, Payne, Reep, Shari, Silvia, Simplon, Sydnia, Unoren, Uska, Varan: Bone Gaiters x1 [drop: L16 Dark Terror, L17 Omen Beast +9/exchange/quest], Adena x11,330 || Exchange at Ariel, Arodin, Creamees, Damion, Garita, Iria, Jackson, Jakal, Kunai, Lector, Minaless, Mion, Nestle, Payne, Reep, Shari, Silvia, Simplon, Sydnia, Unoren, Uska, Varan: Cotton Pants x1 [drop: L16 Dark Terror, L17 Kuruka Ratman Hunter +10], Adena x11,330 || Exchange at Ariel, Arodin, Creamees, Damion, Garita, Iria, Jackson, Jakal, Kunai, Lector, Minaless, Mion, Nestle, Payne, Reep, Shari, Silvia, Simplon, Sydnia, Unoren, Uska, Varan: Piece Bone Gaiters x1 [drop: L21 Gigant Slave, L21 Lith Scout +4/craft/exchange], Adena x3,410 || Craft (lvl 1, 100%): Hard Leather Gaiters Material x3 [shop 3,100/drop: L21 Enku Orc Champion, L21 Hobgoblin +12], Animal Skin x55 [shop 300/drop: L2 Prairie Keltir, L4 Black Wolf +311/exchange/quest], Thread x55 [shop 200/drop: L1 Bearded Keltir, L1 Elpy +343/quest] || Drop: L21 Enku Orc Champion, L21 Hobgoblin, L21 Kirunak's Guards, L22 Dre Vanul Disposer, L22 Ol Mahum Ranger +3
PIECE	34	Bronze Gaiters	NG	armor	legs	HEAVY	0	P.Def 43 M.Def 0	Exchange at Ariel, Arodin, Creamees, Damion, Garita, Iria, Jackson, Jakal, Kunai, Lector, Minaless, Mion, Nestle, Payne, Reep, Shari, Silvia, Simplon, Sydnia, Unoren, Uska, Varan: Piece Bone Gaiters x1 [drop: L21 Gigant Slave, L21 Lith Scout +4/craft/exchange], Adena x11,880 || Exchange at Ariel, Arodin, Creamees, Damion, Garita, Iria, Jackson, Jakal, Kunai, Lector, Minaless, Mion, Nestle, Payne, Reep, Shari, Silvia, Simplon, Sydnia, Unoren, Uska, Varan: Hard Leather Gaiters x1 [drop: L21 Enku Orc Champion, L21 Hobgoblin +6/craft/exchange], Adena x8,470 || Drop: L21 Gigant Slave, L21 Lith Scout, L21 Northern Goblin, L24 Ol Mahum Officer, L24 Ol Mahum Shooter +2
PIECE	35	Cloth Shoes	NG	armor	feet	?	0	P.Def 9 M.Def 0	Exchange at Ariel, Arodin, Creamees, Damion, Garita, Iria, Jackson, Jakal, Kunai, Lector, Minaless, Mion, Nestle, Payne, Reep, Shari, Silvia, Simplon, Sydnia, Unoren, Uska, Varan: Apprentice's Shoes x1 [drop: L1 Young Brown Keltir], Adena x33 || Drop: L1 Young Brown Keltir, L2 Brown Keltir || Quest: KeenClaws
PIECE	36	Leather Sandals	NG	armor	feet	?	0	P.Def 9 M.Def 0	Drop: L1 Young Brown Keltir, L2 Prairie Keltir || Quest: KeenClaws
PIECE	37	Leather Shoes	NG	armor	feet	?	0	P.Def 13 M.Def 0	Exchange at Ariel, Arodin, Creamees, Damion, Garita, Iria, Jackson, Jakal, Kunai, Lector, Minaless, Mion, Nestle, Payne, Reep, Shari, Silvia, Simplon, Sydnia, Unoren, Uska, Varan: Cotton Shoes x1 [drop: L6 Imp, L6 Orc +2/exchange], Adena x2,247 || Exchange at Ariel, Arodin, Creamees, Damion, Garita, Iria, Jackson, Jakal, Kunai, Lector, Minaless, Mion, Nestle, Payne, Reep, Shari, Silvia, Simplon, Sydnia, Unoren, Uska, Varan: Crude Leather Shoes x1 [drop: L6 Imp, L6 Orc +2], Adena x2,247 || Craft (lvl 1, 100%): Leather Shoes Texture x2 [shop 620/drop: L11 Balor Orc Lieutenant, L11 Mineshaft Bat +20], Animal Skin x8 [shop 300/drop: L2 Prairie Keltir, L4 Black Wolf +311/exchange/quest], Suede x1 [shop 600/drop: L1 Elpy, L5 Giant Toad +296] || Drop: L11 Balor Orc Lieutenant, L11 Mineshaft Bat, L11 Orc Lieutenant, L12 Tunath Orc Warrior, L13 Stone Golem +5
PIECE	38	Low Boots	NG	armor	feet	?	0	P.Def 15 M.Def 0	Exchange at Ariel, Arodin, Creamees, Damion, Garita, Iria, Jackson, Jakal, Kunai, Lector, Minaless, Mion, Nestle, Payne, Reep, Shari, Silvia, Simplon, Sydnia, Unoren, Uska, Varan: Leather Shoes x1 [drop: L11 Balor Orc Lieutenant, L11 Mineshaft Bat +8/craft/exchange], Adena x4,532 || Drop: L16 Brown Bear, L16 Hook Spider, L16 Hunter Tarantula, L16 Talon Spider, L17 Blade Spider +5
PIECE	39	Boots	NG	armor	feet	?	0	P.Def 17 M.Def 0	Exchange at Ariel, Arodin, Creamees, Damion, Garita, Iria, Jackson, Jakal, Kunai, Lector, Minaless, Mion, Nestle, Payne, Reep, Shari, Silvia, Simplon, Sydnia, Unoren, Uska, Varan: Low Boots x1 [drop: L16 Brown Bear, L16 Hook Spider +8/exchange], Adena x6,083 || Craft (lvl 1, 100%): Boot Lining x3 [shop 1,560/drop: L21 Ol Mahum Patrol, L21 Ol Mahum Recruit +9], Animal Skin x40 [shop 300/drop: L2 Prairie Keltir, L4 Black Wolf +311/exchange/quest], Suede x5 [shop 600/drop: L1 Elpy, L5 Giant Toad +296] || Drop: L21 Ol Mahum Patrol, L21 Ol Mahum Recruit, L21 Ruin Spartoi, L21 Treasure Chest, L22 Cloudy Beast +4
PIECE	40	Leather Boots	D	armor	feet	?	0	P.Def 19 M.Def 0	Craft (lvl 2, 100%): Leather Boot Lining x4 [shop 3,060/drop: L25 Giant Mist Leech, L25 Turek Orc Sentinel +10], Leather x8 [shop 1,800/drop: L18 Crystalline Beast, L18 Tracker Skeleton Leader +127/craft/exchange/quest], High Grade Suede x1 [shop 4,800/drop: L27 Grave Robber Lookout, L27 Ol Mahum Raider +105/craft/exchange/quest], Gemstone D x1 [shop 2,000] || Drop: L25 Giant Mist Leech, L26 Turek Orc Footman, L27 Lafi Lizardman, L27 Lesser Basilisk, L27 Treasure Chest
PIECE	41	Cloth Cap	NG	armor	head	?	0	P.Def 13 M.Def 0	Drop: L1 Young Keltir, L2 Brown Keltir, L3 Elder Longtail Keltir
PIECE	42	Leather Cap	NG	armor	head	?	0	P.Def 16 M.Def 0	Exchange at Ariel, Arodin, Creamees, Damion, Garita, Iria, Jackson, Jakal, Kunai, Lector, Minaless, Mion, Nestle, Payne, Reep, Shari, Silvia, Simplon, Sydnia, Unoren, Uska, Varan: Cloth Cap x1 [drop: L1 Young Keltir, L2 Brown Keltir +1], Adena x941 || Drop: L7 Imp Elder, L7 Kaboo Orc Grunt, L7 Orc Grunt, L7 Rakeclaw Imp Hunter, L10 Tunath Orc Marksman
PIECE	43	Wooden Helmet	NG	armor	head	?	1	P.Def 19 M.Def 0	Exchange at Ariel, Arodin, Creamees, Damion, Garita, Iria, Jackson, Jakal, Kunai, Lector, Minaless, Mion, Nestle, Payne, Reep, Shari, Silvia, Simplon, Sydnia, Unoren, Uska, Varan: Leather Cap x1 [drop: L7 Imp Elder, L7 Kaboo Orc Grunt +3/exchange], Adena x3,375 || Drop: L11 Vaiss Orc Warrior Leader, L12 Grizzly, L13 Darkstone Golem, L14 Doom Soldier, L14 Dread Soldier +3 || Quest: KeenClaws
PIECE	44	Leather Helmet	NG	armor	head	?	2	P.Def 23 M.Def 0	Exchange at Ariel, Arodin, Creamees, Damion, Garita, Iria, Jackson, Jakal, Kunai, Lector, Minaless, Mion, Nestle, Payne, Reep, Shari, Silvia, Simplon, Sydnia, Unoren, Uska, Varan: Wooden Helmet x1 [drop: L11 Vaiss Orc Warrior Leader, L12 Grizzly +6/exchange/quest], Adena x6,842 || Craft (lvl 1, 100%): Leather Helmet Design x3 [shop 1,240/drop: L16 Boogle Ratman, L16 Hook Spider +22], Suede x15 [shop 600/drop: L1 Elpy, L5 Giant Toad +296], Animal Skin x12 [shop 300/drop: L2 Prairie Keltir, L4 Black Wolf +311/exchange/quest] || Drop: L16 Boogle Ratman, L16 Ratman Spy, L18 Scavenger Wererat, L18 Sukar Wererat, L19 Ratman Warrior +3
PIECE	45	Bone Helmet	D	armor	head	?	0	P.Def 29 M.Def 0	Craft (lvl 2, 100%): Bone Helmet Design x4 [shop 2,520/drop: L25 Cloudy Beast Turen, L25 Enchanted Spine Golem +11], Steel Mold x1 [shop 9,000/craft/exchange/quest], Leather x15 [shop 1,800/drop: L18 Crystalline Beast, L18 Tracker Skeleton Leader +127/craft/exchange/quest], Gemstone D x2 [shop 2,000] || Drop: L25 Cloudy Beast Turen, L25 Enchanted Spine Golem, L27 Ol Mahum Raider, L27 Turek Orc Supplier, L28 Basilisk +1
PIECE	46	Bronze Helmet	D	armor	head	?	0	P.Def 33 M.Def 0	Drop: L21 Malex Herald of Dagoniel, L24 Langk Matriarch Rashkos, L29 Ritmal Swordsman, L30 Androscorpio Hunter, L30 Ol Mahum Van Grunt +6
PIECE	47	Helmet	D	armor	head	?	3	P.Def 37 M.Def 0	Drop: L25 Betrayer of Urutu Freki, L28 Anakazel, L33 Gigant Cleric, L33 Lith Medium, L33 Marsh Stakato Soldier +7
PIECE	48	Short Gloves	NG	armor	gloves	?	0	P.Def 9 M.Def 0	Drop: L1 Young Brown Keltir || Quest: KeenClaws
PIECE	49	Gloves	NG	armor	gloves	?	0	P.Def 13 M.Def 0	Exchange at Ariel, Arodin, Creamees, Damion, Garita, Iria, Jackson, Jakal, Kunai, Lector, Minaless, Mion, Nestle, Payne, Reep, Shari, Silvia, Simplon, Sydnia, Unoren, Uska, Varan: Short Leather Gloves x1 [drop: L6 Imp, L6 Orc +1/exchange/quest], Adena x2,247 || Drop: L11 Balor Orc Lieutenant, L11 Mineshaft Bat, L11 Orc Lieutenant, L12 Tunath Orc Warrior, L13 Stone Giant +5
PIECE	50	Leather Gloves	NG	armor	gloves	?	0	P.Def 15 M.Def 0	Exchange at Ariel, Arodin, Creamees, Damion, Garita, Iria, Jackson, Jakal, Kunai, Lector, Minaless, Mion, Nestle, Payne, Reep, Shari, Silvia, Simplon, Sydnia, Unoren, Uska, Varan: Gloves x1 [drop: L11 Balor Orc Lieutenant, L11 Mineshaft Bat +8/exchange], Adena x4,532 || Craft (lvl 1, 100%): Leather Gloves Lining x3 [shop 610/drop: L16 Brown Bear, L16 Dark Terror +18], Animal Skin x24 [shop 300/drop: L2 Prairie Keltir, L4 Black Wolf +311/exchange/quest], Suede x3 [shop 600/drop: L1 Elpy, L5 Giant Toad +296] || Drop: L16 Brown Bear, L16 Hook Spider, L16 Hunter Tarantula, L16 Talon Spider, L17 Blade Spider +5
PIECE	51	Bracer	NG	armor	gloves	?	0	P.Def 17 M.Def 0	Exchange at Ariel, Arodin, Creamees, Damion, Garita, Iria, Jackson, Jakal, Kunai, Lector, Minaless, Mion, Nestle, Payne, Reep, Shari, Silvia, Simplon, Sydnia, Unoren, Uska, Varan: Leather Gloves x1 [drop: L16 Brown Bear, L16 Hook Spider +8/craft/exchange], Adena x6,083 || Drop: L21 Ol Mahum Patrol, L21 Ol Mahum Recruit, L21 Ruin Spartoi, L21 Treasure Chest, L22 Cloudy Beast +4
PIECE	58	Mithril Breastplate	D	armor	chest	HEAVY	3	P.Def 95 M.Def 0	Drop: L25 Princess Molrang, L26 Tiger Hornet, L33 Snow Lynx, L35 Warlike Tyrant
PIECE	59	Mithril Gaiters	D	armor	legs	HEAVY	3	P.Def 61 M.Def 0	Drop: L25 Princess Molrang, L26 Tiger Hornet, L33 Snow Lynx, L35 Warlike Tyrant
PIECE	60	Composite Armor	C	armor	onepiece	HEAVY	19	P.Def 224 M.Def 0	Exchange at Alexandria: Crystal: C-Grade x360 [shop 6,000/exchange], Crystal: D-Grade x1,800 [shop 1,300/exchange] || Craft (lvl 5, 100%): Composite Armor Temper x10 [shop 27,040/drop: L44 Flamestone Golem, L44 Thief Kelbar +8], Blacksmith's Frame x4 [shop 128,000/craft/exchange/quest], Mithril Alloy x21 [shop 26,200/craft/exchange/quest], Varnish of Purity x7 [shop 16,200/craft/exchange/quest], Crystal: C-Grade x95 [shop 6,000/exchange], Gemstone C x48 [shop 6,000] || Drop: L44 Flamestone Golem, L44 Thief Kelbar, L45 Timak Orc Gosmos, L50 Core, L50 Crypt Archon +5
PIECE	61	Mithril Plate Gloves	D	armor	gloves	?	0	P.Def 29 M.Def 0	Craft (lvl 4, 100%): Mithril Gloves Design x8 [shop 3,584/drop: L33 Nurka's Messenger, L35 Remmel +10], Leather x32 [shop 1,800/drop: L18 Crystalline Beast, L18 Tracker Skeleton Leader +127/craft/exchange/quest], High Grade Suede x4 [shop 4,800/drop: L27 Grave Robber Lookout, L27 Ol Mahum Raider +105/craft/exchange/quest], Crystal: D-Grade x30 [shop 1,300/exchange], Gemstone D x6 [shop 2,000] || Drop: L33 Nurka's Messenger, L35 Remmel, L35 Soul Collector Acheron, L36 Evil Spirit Tempest, L41 Taik Orc Archer +6
PIECE	62	Reinforced Mithril Boots	C	armor	feet	?	12	P.Def 32 M.Def 0	Craft (lvl 4, 100%): Mithril Boots Design x8 [shop 4,450/drop: L33 Lesser Warlike Tyrant, L39 Nellis' Vengeful Spirit +9], Crafted Leather x8 [shop 11,400/drop: L36 Cave Ant Larva, L36 Tyrant Kingpin +133/craft/exchange/quest], High Grade Suede x1 [shop 4,800/drop: L27 Grave Robber Lookout, L27 Ol Mahum Raider +105/craft/exchange/quest], Crystal: D-Grade x40 [shop 1,300/exchange], Gemstone D x9 [shop 2,000] || Drop: L39 Nellis' Vengeful Spirit, L40 Icarus Sample 1, L40 Water Spirit Lian, L44 Krator, L44 Snipe +4
PIECE	63	Gauntlets	D	armor	gloves	?	0	P.Def 24 M.Def 0	Drop: L25 Soul Scavenger, L28 Partisan Leader Talakin, L33 Ant Recruit, L33 Treasure Chest, L34 Puncher +3
PIECE	64	Composite Boots	C	armor	feet	?	0	P.Def 36 M.Def 0	Exchange at Alexandria: Crystal: C-Grade x62 [shop 6,000/exchange], Crystal: D-Grade x310 [shop 1,300/exchange] || Craft (lvl 5, 100%): Composite Boots Part x10 [shop 6,800/drop: L44 Rotten Tree Repiro, L45 Biconne of Blue Sky +9], Crafted Leather x16 [shop 11,400/drop: L36 Cave Ant Larva, L36 Tyrant Kingpin +133/craft/exchange/quest], High Grade Suede x2 [shop 4,800/drop: L27 Grave Robber Lookout, L27 Ol Mahum Raider +105/craft/exchange/quest], Crystal: C-Grade x16 [shop 6,000/exchange], Gemstone C x6 [shop 6,000] || Drop: L44 Rotten Tree Repiro, L45 Biconne of Blue Sky, L45 Tiger King Karuta, L50 Cadeine, L50 Deprive +7
PIECE	66	Gladius	NG	weapon	rhand	SWORD	0	P.Atk 17 M.Atk 12	Exchange at Ariel, Arodin, Creamees, Damion, Garita, Iria, Jackson, Jakal, Kunai, Lector, Minaless, Mion, Nestle, Payne, Reep, Shari, Silvia, Simplon, Sydnia, Unoren, Uska, Varan: Broadsword x1 [drop: L6 Black Timber Wolf, L7 Utuku Orc Grunt +4/craft/exchange], Adena x45,760 || Exchange at Ariel, Arodin, Creamees, Damion, Garita, Iria, Jackson, Jakal, Kunai, Lector, Minaless, Mion, Nestle, Payne, Reep, Shari, Silvia, Simplon, Sydnia, Unoren, Uska, Varan: Sword of Solidarity x1 [quest], Adena x39,160 || Exchange at Ariel, Arodin, Creamees, Damion, Garita, Iria, Jackson, Jakal, Kunai, Lector, Minaless, Mion, Nestle, Payne, Reep, Shari, Silvia, Simplon, Sydnia, Unoren, Uska, Varan: Butcher's Sword x1 [quest], Adena x31,460 || Drop: L12 Akaste Bone Soldier, L12 Balor Orc Fighter Leader, L12 Kaboo Orc Fighter Leader, L12 Orc Fighter Leader, L12 Skeleton +3
PIECE	68	Falchion	NG	weapon	rhand	SWORD	0	P.Atk 31 M.Atk 21	Exchange at Ariel, Arodin, Creamees, Damion, Garita, Iria, Jackson, Jakal, Kunai, Lector, Minaless, Mion, Nestle, Payne, Reep, Shari, Silvia, Simplon, Sydnia, Unoren, Uska, Varan: Long Sword x1 [drop: L16 Kasha Fang Spider, L17 Felim Lizardman Warrior +7/exchange], Adena x118,800 || Exchange at Ariel, Arodin, Creamees, Damion, Garita, Iria, Jackson, Jakal, Kunai, Lector, Minaless, Mion, Nestle, Payne, Reep, Shari, Silvia, Simplon, Sydnia, Unoren, Uska, Varan: Sword of Reflection x1 [drop: L16 Kasha Fang Spider, L17 Felim Lizardman Warrior +7/craft], Adena x118,800 || Exchange at Ariel, Arodin, Creamees, Damion, Garita, Iria, Jackson, Jakal, Kunai, Lector, Minaless, Mion, Nestle, Payne, Reep, Shari, Silvia, Simplon, Sydnia, Unoren, Uska, Varan: Sword of Watershadow x1 [drop: L16 Kasha Fang Spider, L17 Felim Lizardman Warrior +7], Adena x118,800 || Drop: L22 Dre Vanul Slayer, L22 Langk Lizardman Lieutenant, L24 Underground Kobold
PIECE	69	Bastard Sword	D	weapon	rhand	SWORD	0	P.Atk 51 M.Atk 32	Exchange at mammblack 1a: Saber x1 [drop: L20 Discarded Guardian, L25 Vault Guardian +4/craft/exchange], Ancient Adena x282,000 || Exchange at mammblack 1a: Priest Sword x1 [craft/exchange], Ancient Adena x282,000 || Exchange at mammblack 1b: Spinebone Sword x1 [drop: L23 Greyclaw Kutus, L30 Bandit Sweeper +4/craft/exchange] || Drop: L23 Greyclaw Kutus, L30 Bandit Sweeper, L30 Barrow Sentinel, L30 Otherworldly Invader Martyrs, L30 Turek Orc Warlord +1
PIECE	70	Claymore	D	weapon	lrhand	SWORD	0	P.Atk 112 M.Atk 54	Exchange at mammblack 1a: Titan Sword x1 [craft/exchange], Ancient Adena x480,000 || Exchange at mammblack 1b: Ancient Reagent x1 [craft/exchange] || Exchange at mammblack 1b: Atuba Mace x1 [drop: L34 Breka Warlock Pastu, L35 Guilotine, Warden of the Execution Grounds +5/craft/exchange] || Craft (lvl 4, 100%): Claymore Blade x8 [shop 45,500/drop: L33 Corsair Captain Kylon, L35 Eye of Beleth +8], Steel Mold x3 [shop 9,000/craft/exchange/quest], Steel x270 [shop 4,000/drop: L11 Balor Orc Lieutenant, L18 Tainted Zombie +147/craft/exchange/quest], Cokes x135 [shop 2,400/drop: L18 Red Eye Barbed Bat, L18 Undine Elder +120/craft/exchange/quest], Crystal: D-Grade x550 [shop 1,300/exchange], Gemstone D x185 [shop 2,000] || Drop: L33 Corsair Captain Kylon, L35 Eye of Beleth, L35 Sejarr's Servitor, L40 Queen Ant, L42 Great White Shark +5
PIECE	71	Flamberge	C	weapon	lrhand	SWORD	0	P.Atk 130 M.Atk 61	Exchange at mammblack 1: Flamberge - Critical Damage x1 [exchange] || Exchange at mammblack 1: Flamberge - Focus x1 [exchange] || Exchange at mammblack 1: Flamberge - Light x1 [exchange] || Craft (lvl 4, 100%): Flamberge Blade x8 [shop 53,850/drop: L39 Leader of Cat Gang, L40 Road Scavenger Leader +5], Artisan's Frame x3 [shop 190,000/craft/exchange/quest], Mithril Alloy x24 [shop 26,200/craft/exchange/quest], Synthetic Cokes x12 [shop 13,200/craft/exchange/quest], Metal Hardener x48 [shop 10,000/drop: L15 Obsidian Golem, L16 Dark Terror +107/craft/exchange/quest], Crystal: D-Grade x700 [shop 1,300/exchange], Gemstone C x81 [shop 6,000] || Drop: L39 Leader of Cat Gang, L40 Road Scavenger Leader, L44 Rotting Golem, L45 Timak Orc Overlord, L45 Vanor Silenos +1
PIECE	72	Stormbringer	C	weapon	rhand	SWORD	0	P.Atk 107 M.Atk 61	Exchange at mammblack 1: Stormbringer - Critical Anger x1 [exchange] || Exchange at mammblack 1: Stormbringer - Focus x1 [exchange] || Exchange at mammblack 1: Stormbringer - Light x1 [exchange] || Craft (lvl 4, 100%): Stormbringer Blade x8 [shop 50,376/drop: L39 Leader of Cat Gang, L40 Road Scavenger Leader +6], Artisan's Frame x2 [shop 190,000/craft/exchange/quest], Mithril Alloy x25 [shop 26,200/craft/exchange/quest], Synthetic Cokes x25 [shop 13,200/craft/exchange/quest], Metal Hardener x50 [shop 10,000/drop: L15 Obsidian Golem, L16 Dark Terror +107/craft/exchange/quest], Crystal: D-Grade x700 [shop 1,300/exchange], Gemstone C x81 [shop 6,000] || Drop: L39 Leader of Cat Gang, L40 Road Scavenger Leader, L44 Rotting Golem, L45 Timak Orc Overlord, L45 Vanor Silenos +1
PIECE	73	Shamshir	C	weapon	rhand	SWORD	0	P.Atk 122 M.Atk 68	Exchange at mammblack 1: Shamshir - Guidance x1 [exchange] || Exchange at mammblack 1: Shamshir - Back Blow x1 [exchange] || Exchange at mammblack 1: Shamshir - Rsk. Evasion x1 [exchange] || Craft (lvl 5, 100%): Shamshir Blade x9 [shop 60,200/drop: L48 Hatar Ratman Boss, L48 Tarlk Bugbear Warrior +1], Artisan's Frame x2 [shop 190,000/craft/exchange/quest], Mithril Alloy x33 [shop 26,200/craft/exchange/quest], Synthetic Cokes x33 [shop 13,200/craft/exchange/quest], Metal Hardener x66 [shop 10,000/drop: L15 Obsidian Golem, L16 Dark Terror +107/craft/exchange/quest], Crystal: C-Grade x180 [shop 6,000/exchange], Gemstone C x105 [shop 6,000] || Drop: L48 Hatar Ratman Boss, L48 Tarlk Bugbear Warrior, L49 Cave Servant Captain
PIECE	74	Katana	C	weapon	rhand	SWORD	0	P.Atk 122 M.Atk 68	Exchange at mammblack 1: Katana - Focus x1 [exchange] || Exchange at mammblack 1: Katana - Critical Damage x1 [exchange] || Exchange at mammblack 1: Katana - Haste x1 [exchange] || Craft (lvl 5, 100%): Katana Blade x9 [shop 60,200/drop: L48 Hatar Ratman Boss, L48 Tarlk Bugbear Warrior +2], Artisan's Frame x2 [shop 190,000/craft/exchange/quest], Mithril Alloy x33 [shop 26,200/craft/exchange/quest], Synthetic Cokes x33 [shop 13,200/craft/exchange/quest], Metal Hardener x66 [shop 10,000/drop: L15 Obsidian Golem, L16 Dark Terror +107/craft/exchange/quest], Crystal: C-Grade x180 [shop 6,000/exchange], Gemstone C x105 [shop 6,000] || Drop: L48 Hatar Ratman Boss, L48 Tarlk Bugbear Warrior, L49 Cave Servant Captain
PIECE	75	Caliburs	C	weapon	rhand	SWORD	0	P.Atk 139 M.Atk 76	Exchange at mammblack 1: Caliburs - Guidance x1 [exchange] || Exchange at mammblack 1: Caliburs - Focus x1 [exchange] || Exchange at mammblack 1: Caliburs - Critical Damage x1 [exchange] || Craft (lvl 5, 100%): Caliburs Edge x10 [shop 73,400/drop: L44 Rotten Tree Repiro, L45 Iron Giant Totem +10], Artisan's Frame x2 [shop 190,000/craft/exchange/quest], Mithril Alloy x50 [shop 26,200/craft/exchange/quest], Synthetic Cokes x50 [shop 13,200/craft/exchange/quest], Metal Hardener x100 [shop 10,000/drop: L15 Obsidian Golem, L16 Dark Terror +107/craft/exchange/quest], Crystal: C-Grade x300 [shop 6,000/exchange], Gemstone C x166 [shop 6,000] || Drop: L44 Rotten Tree Repiro, L45 Iron Giant Totem, L50 Core, L50 Dark Lord, L50 Death Knight +6
PIECE	76	Sword of Delusion	C	weapon	rhand	SWORD	0	P.Atk 139 M.Atk 76	Exchange at mammblack 1: Sword of Delusion - Focus x1 [exchange] || Exchange at mammblack 1: Sword of Delusion - Health x1 [exchange] || Exchange at mammblack 1: Sword of Delusion - Rsk. Haste x1 [exchange] || Craft (lvl 5, 100%): Delusional Blade x10 [shop 73,400/drop: L44 Rotten Tree Repiro, L45 Iron Giant Totem +8], Artisan's Frame x2 [shop 190,000/craft/exchange/quest], Mithril Alloy x50 [shop 26,200/craft/exchange/quest], Synthetic Cokes x50 [shop 13,200/craft/exchange/quest], Metal Hardener x100 [shop 10,000/drop: L15 Obsidian Golem, L16 Dark Terror +107/craft/exchange/quest], Crystal: C-Grade x300 [shop 6,000/exchange], Gemstone C x166 [shop 6,000] || Drop: L44 Rotten Tree Repiro, L45 Iron Giant Totem, L50 Dark Lord, L50 Death Knight, L50 Orfen +5
PIECE	77	Tsurugi	C	weapon	rhand	SWORD	0	P.Atk 139 M.Atk 76	Exchange at mammblack 1: Tsurugi - Focus x1 [exchange] || Exchange at mammblack 1: Tsurugi - Critical Damage x1 [exchange] || Exchange at mammblack 1: Tsurugi - Haste x1 [exchange] || Craft (lvl 5, 100%): Tsurugi Blade x10 [shop 73,400/drop: L44 Rotten Tree Repiro, L45 Iron Giant Totem +9], Artisan's Frame x2 [shop 190,000/craft/exchange/quest], Mithril Alloy x50 [shop 26,200/craft/exchange/quest], Synthetic Cokes x50 [shop 13,200/craft/exchange/quest], Metal Hardener x100 [shop 10,000/drop: L15 Obsidian Golem, L16 Dark Terror +107/craft/exchange/quest], Crystal: C-Grade x300 [shop 6,000/exchange], Gemstone C x166 [shop 6,000] || Drop: L44 Rotten Tree Repiro, L45 Iron Giant Totem, L50 Dark Lord, L50 Death Knight, L50 Purgatory Invader Soldier +5
PIECE	78	Great Sword	B	weapon	lrhand	SWORD	0	P.Atk 213 M.Atk 91	Exchange at mammblack 1: Great Sword - Health x1 [exchange] || Exchange at mammblack 1: Great Sword - Critical Damage x1 [exchange] || Exchange at mammblack 1: Great Sword - Focus x1 [exchange] || Craft (lvl 6, 60%): Recipe: Great Sword (60%) x1 [shop 347,200/drop: L57 Grave Lich], Great Sword Blade x12 [shop 69,900/drop: L50 Messenger of Fairy Queen Berun, L52 Captain of Red Flag Shaka +20], Artisan's Frame x3 [shop 190,000/craft/exchange/quest], Mithril Alloy x80 [shop 26,200/craft/exchange/quest], Synthetic Cokes x40 [shop 13,200/craft/exchange/quest], Enria x40 [shop 24,000/drop: L45 Dimension Invader Berserker, L45 Dimension Invader Magus +211/exchange/quest], Crystal: C-Grade x350 [shop 6,000/exchange], Gemstone B x62 [shop 20,000] || Craft (lvl 6, 100%): Recipe: Great Sword x1 [shop 347,200/drop: L54 Soul of Ruins, L57 Sepulcher Inquisitor], Great Sword Blade x12 [shop 69,900/drop: L50 Messenger of Fairy Queen Berun, L52 Captain of Red Flag Shaka +20], Craftsman Mold x3 [shop 1,420,000/craft/quest], Mithril Alloy x126 [shop 26,200/craft/exchange/quest], Synthetic Cokes x63 [shop 13,200/craft/exchange/quest], Enria x63 [shop 24,000/drop: L45 Dimension Invader Berserker, L45 Dimension Invader Magus +211/exchange/quest], Crystal: C-Grade x317 [shop 6,000/exchange], Gemstone B x62 [shop 20,000] || Drop: L50 Messenger of Fairy Queen Berun, L52 Captain of Red Flag Shaka, L52 Gigantic Chaos Golem, L55 Bandit Leader Barda, L55 Enchanted Forest Watcher Ruell +16
PIECE	79	Sword of Damascus	B	weapon	rhand	SWORD	0	P.Atk 194 M.Atk 99	Exchange at mammblack 1: Sword of Damascus - Focus x1 [exchange] || Exchange at mammblack 1: Sword of Damascus - Critical Damage x1 [exchange] || Exchange at mammblack 1: Sword of Damascus - Haste x1 [exchange] || Craft (lvl 7, 60%): Recipe: Sword of Damascus (60%) x1 [shop 524,000/drop: L63 Hound Dog of Hallate, L69 Hallate's Guardian], Sword of Damascus Blade x13 [shop 91,384/drop: L58 Anakazel, L62 Wisdom of Splendor +16], Artisan's Frame x2 [shop 190,000/craft/exchange/quest], Mithril Alloy x120 [shop 26,200/craft/exchange/quest], Synthetic Cokes x120 [shop 13,200/craft/exchange/quest], Enria x60 [shop 24,000/drop: L45 Dimension Invader Berserker, L45 Dimension Invader Magus +211/exchange/quest], Crystal: B-Grade x160 [shop 18,000/exchange], Gemstone B x98 [shop 20,000] || Craft (lvl 7, 100%): Recipe: Sword of Damascus x1 [shop 524,000/drop: L59 Cave Maiden, L66 Malruk Knight], Sword of Damascus Blade x13 [shop 91,384/drop: L58 Anakazel, L62 Wisdom of Splendor +16], Craftsman Mold x2 [shop 1,420,000/craft/quest], Mithril Alloy x172 [shop 26,200/craft/exchange/quest], Synthetic Cokes x172 [shop 13,200/craft/exchange/quest], Enria x86 [shop 24,000/drop: L45 Dimension Invader Berserker, L45 Dimension Invader Magus +211/exchange/quest], Crystal: B-Grade x341 [shop 18,000/exchange], Gemstone B x98 [shop 20,000] || Drop: L58 Anakazel, L62 Wisdom of Splendor, L63 Forbidden Path Invader Disciple, L63 Frost Yeti, L63 Pilgrim of Splendor +10
PIECE	80	Tallum Blade	A	weapon	rhand	SWORD	0	P.Atk 213 M.Atk 107	Exchange at mammblack 1: Tallum Blade - Critical Poison x1 [exchange] || Exchange at mammblack 1: Tallum Blade - Haste x1 [exchange] || Exchange at mammblack 1: Tallum Blade - Anger x1 [exchange] || Craft (lvl 7, 60%): Recipe: Tallum Blade(60%) x1 [shop 732,000/drop: L64 Victory of Splendor, L65 Alliance of Splendor +2/exchange], Tallum Blade Edge x13 [shop 117,570/drop: L59 Abyss Brukunt, L59 Demon Kurikups +21/quest], Craftsman Mold x3 [shop 1,420,000/craft/quest], Mithril Alloy x82 [shop 26,200/craft/exchange/quest], Synthetic Cokes x82 [shop 13,200/craft/exchange/quest], Durable Metal Plate x41 [shop 30,000/drop: L27 Grave Robber Lookout, L27 Kuran Kobold +126/craft/exchange/quest], Enria x41 [shop 24,000/drop: L45 Dimension Invader Berserker, L45 Dimension Invader Magus +211/exchange/quest], Crystal: B-Grade x192 [shop 18,000/exchange], Gemstone B x143 [shop 20,000] || Craft (lvl 7, 100%): Recipe: Tallum Blade(100%) x1 [shop 732,000], Tallum Blade Edge x13 [shop 117,570/drop: L59 Abyss Brukunt, L59 Demon Kurikups +21/quest], Craftsman Mold x4 [shop 1,420,000/craft/quest], Mithril Alloy x196 [shop 26,200/craft/exchange/quest], Synthetic Cokes x196 [shop 13,200/craft/exchange/quest], Durable Metal Plate x98 [shop 30,000/drop: L27 Grave Robber Lookout, L27 Kuran Kobold +126/craft/exchange/quest], Enria x98 [shop 24,000/drop: L45 Dimension Invader Berserker, L45 Dimension Invader Magus +211/exchange/quest], Crystal: B-Grade x344 [shop 18,000/exchange], Gemstone B x143 [shop 20,000] || Drop: L59 Abyss Brukunt, L59 Demon Kurikups, L62 Roaring Lord Kastor, L68 Antelope, L68 Canyon Antelope +20
PIECE	81	Dragon Slayer	A	weapon	lrhand	SWORD	0	P.Atk 282 M.Atk 114	Exchange at mammblack 1: Dragon Slayer - Health x1 [exchange] || Exchange at mammblack 1: Dragon Slayer - Critical Bleed x1 [exchange] || Exchange at mammblack 1: Dragon Slayer - Critical Drain x1 [exchange] || Craft (lvl 8, 60%): Recipe: Dragon Slayer(60%) x1 [shop 1,080,000/drop: L65 Alpen Kookaburra, L65 Forbidden Path Invader Elite Soldier +7/exchange], Dragon Slayer Edge x14 [shop 145,800/drop: L70 Roaring Skylancer, L71 Eilhalder von Hellmann +22/quest], Craftsman Mold x3 [shop 1,420,000/craft/quest], Mithril Alloy x156 [shop 26,200/craft/exchange/quest], Synthetic Cokes x78 [shop 13,200/craft/exchange/quest], Durable Metal Plate x78 [shop 30,000/drop: L27 Grave Robber Lookout, L27 Kuran Kobold +126/craft/exchange/quest], Enria x78 [shop 24,000/drop: L45 Dimension Invader Berserker, L45 Dimension Invader Magus +211/exchange/quest], Crystal: A-Grade x195 [shop 30,000/exchange], Gemstone A x74 [shop 60,000/exchange] || Craft (lvl 8, 100%): Recipe: Dragon Slayer(100%) x1 [shop 1,080,000], Dragon Slayer Edge x14 [shop 145,800/drop: L70 Roaring Skylancer, L71 Eilhalder von Hellmann +22/quest], Craftsman Mold x4 [shop 1,420,000/craft/quest], Mithril Alloy x334 [shop 26,200/craft/exchange/quest], Synthetic Cokes x167 [shop 13,200/craft/exchange/quest], Durable Metal Plate x167 [shop 30,000/drop: L27 Grave Robber Lookout, L27 Kuran Kobold +126/craft/exchange/quest], Enria x167 [shop 24,000/drop: L45 Dimension Invader Berserker, L45 Dimension Invader Magus +211/exchange/quest], Crystal: A-Grade x369 [shop 30,000/exchange], Gemstone A x74 [shop 60,000/exchange] || Drop: L70 Roaring Skylancer, L71 Eilhalder von Hellmann, L74 Krokian Padisha Sobekk, L79 Antharas, L79 Ketra Orc Shaman +14
PIECE	83	Sword of Magic	D	weapon	rhand	SWORD	0	P.Atk 43 M.Atk 45	Exchange at mammblack 1b: Sword of Occult x1 [drop: L25 Zombie Lord Crowl, L28 Tirak +8/exchange] || Exchange at mammblack 1b: Sword of Mystic x1 [exchange] || Drop: L25 Zombie Lord Crowl, L28 Tirak, L34 Hatu Brown Bear, L34 Ol Mahum Lord, L34 Ol Mahum Van Leader +5
PIECE	84	Homunkulus's Sword	C	weapon	rhand	SWORD	0	P.Atk 111 M.Atk 101	Exchange at mammblack 1: Homunkulus's Sword - Acumen x1 [exchange] || Exchange at mammblack 1: Homunkulus's Sword - Conversion x1 [exchange] || Exchange at mammblack 1: Homunkulus's Sword - Magic Paralyze x1 [exchange] || Craft (lvl 5, 100%): Homunkulus's Sword Blade x10 [shop 73,400/drop: L44 Rotten Tree Repiro, L45 Iron Giant Totem +8], Artisan's Frame x2 [shop 190,000/craft/exchange/quest], Mithril Alloy x50 [shop 26,200/craft/exchange/quest], Synthetic Cokes x50 [shop 13,200/craft/exchange/quest], Metal Hardener x100 [shop 10,000/drop: L15 Obsidian Golem, L16 Dark Terror +107/craft/exchange/quest], Crystal: C-Grade x300 [shop 6,000/exchange], Gemstone C x166 [shop 6,000] || Drop: L44 Rotten Tree Repiro, L45 Iron Giant Totem, L50 Core, L50 Dark Lord, L50 Death Knight +4
PIECE	86	Tomahawk	D	weapon	rhand	BLUNT	0	P.Atk 51 M.Atk 32	Exchange at mammblack 1a: Hand Axe x1 [drop: L20 Zombie Lord Farakelsus, L25 Dead Pit Skeleton Archer +3/exchange], Ancient Adena x282,000 || Exchange at mammblack 1a: Heavy Mace x1 [exchange], Ancient Adena x282,000 || Exchange at mammblack 1a: Scalpel x1 [drop: L20 Zombie Lord Farakelsus, L25 Dead Pit Skeleton Archer +3/exchange], Ancient Adena x282,000 || Drop: L23 Tracker Leader Sharuk, L29 Marsh Stakato, L30 Ol Mahum Captain, L31 Turak Bugbear, L32 Barrow Monk +1
PIECE	87	Iron Hammer	NG	weapon	rhand	BLUNT	0	P.Atk 31 M.Atk 21	Craft (lvl 1, 100%): Iron Hammer Head x3 [shop 34,800/drop: L21 Baranka's Escort, L21 Dre Vanul Scout +5], Iron Ore x260 [shop 400/drop: L3 Elder Brown Keltir, L3 Elder Keltir +275], Coal x260 [shop 400/drop: L2 Prairie Keltir, L3 Elder Keltir +238/exchange], Suede x130 [shop 600/drop: L1 Elpy, L5 Giant Toad +296] || Drop: L21 Dre Vanul Scout, L22 Kasha Imp Turen, L22 Raging Spartoi, L23 Veelan Bugbear
PIECE	88	Morning Star	D	weapon	rhand	BLUNT	0	P.Atk 79 M.Atk 47	Exchange at mammblack 1a: Spiked Club x1 [drop: L25 Ikuntai, L28 Partisan Leader Talakin +5/craft/exchange], Ancient Adena x519,600 || Exchange at mammblack 1b: Maingauche x1 [drop: L30 Boss Akata, L30 Turek Mercenary Captain +4/craft/exchange] || Exchange at mammblack 1b: Skull Breaker x1 [drop: L30 Apepi, L38 Cave Ant Soldier +6/craft/exchange] || Craft (lvl 3, 100%): Morning Star Head x7 [shop 39,514/drop: L30 Apepi, L38 Cave Ant Soldier +7], Steel x128 [shop 4,000/drop: L11 Balor Orc Lieutenant, L18 Tainted Zombie +147/craft/exchange/quest], Cokes x128 [shop 2,400/drop: L18 Red Eye Barbed Bat, L18 Undine Elder +120/craft/exchange/quest], High Grade Suede x64 [shop 4,800/drop: L27 Grave Robber Lookout, L27 Ol Mahum Raider +105/craft/exchange/quest], Crystal: D-Grade x430 [shop 1,300/exchange], Gemstone D x139 [shop 2,000] || Drop: L30 Apepi, L38 Cave Ant Soldier, L38 Ogre, L39 Farhite, L39 Gigant Raider +3
PIECE	89	Big Hammer	C	weapon	rhand	BLUNT	0	P.Atk 107 M.Atk 61	Exchange at mammblack 1: Big Hammer - Health x1 [exchange] || Exchange at mammblack 1: Big Hammer - Rsk. Focus x1 [exchange] || Exchange at mammblack 1: Big Hammer - Haste x1 [exchange] || Craft (lvl 4, 100%): Big Hammer Head x8 [shop 51,750/drop: L40 Water Spirit Lian, L40 Wizard of Storm Teruk +4], Mithril Alloy x30 [shop 26,200/craft/exchange/quest], Synthetic Cokes x30 [shop 13,200/craft/exchange/quest], High Grade Suede x15 [shop 4,800/drop: L27 Grave Robber Lookout, L27 Ol Mahum Raider +105/craft/exchange/quest], Metal Hardener x60 [shop 10,000/drop: L15 Obsidian Golem, L16 Dark Terror +107/craft/exchange/quest], Crystal: D-Grade x700 [shop 1,300/exchange], Gemstone C x81 [shop 6,000] || Drop: L40 Water Spirit Lian, L40 Wizard of Storm Teruk, L44 Timak Orc Shaman, L45 Formor, L46 Forest of Mirrors Ghost
PIECE	90	Goat Head Staff	D	weapon	lrhand	BLUNT	0	P.Atk 77 M.Atk 69	Exchange at mammblack 1a: Staff of Magic x1 [drop: L25 Ikuntai, L28 Partisan Leader Talakin +5/exchange], Ancient Adena x519,600 || Exchange at mammblack 1b: Maingauche x1 [drop: L30 Boss Akata, L30 Turek Mercenary Captain +4/craft/exchange] || Exchange at mammblack 1b: Skull Breaker x1 [drop: L30 Apepi, L38 Cave Ant Soldier +6/craft/exchange] || Craft (lvl 3, 100%): Goat Head Staff Head x7 [shop 43,286/drop: L30 Apepi, L38 Cave Ant Soldier +9], Steel x100 [shop 4,000/drop: L11 Balor Orc Lieutenant, L18 Tainted Zombie +147/craft/exchange/quest], Coarse Bone Powder x200 [shop 3,000/drop: L18 Boogle Ratman Leader, L19 Lirein Elder +159/craft/exchange/quest], Braided Hemp x100 [shop 1,000/drop: L18 Lirein, L18 Salamander Elder +111/craft/exchange/quest], Crystal: D-Grade x430 [shop 1,300/exchange], Gemstone D x139 [shop 2,000] || Drop: L30 Apepi, L38 Cave Ant Soldier, L38 Ogre, L39 Farhite, L39 Gigant Raider +3
PIECE	91	Heavy War Axe	B	weapon	rhand	BLUNT	0	P.Atk 175 M.Atk 91	Exchange at mammblack 1: Heavy War Axe - Anger x1 [exchange] || Exchange at mammblack 1: Heavy War Axe - Health x1 [exchange] || Exchange at mammblack 1: Heavy War Axe - Rsk. Focus x1 [exchange] || Craft (lvl 6, 60%): Recipe: Heavy War Axe (60%) x1 [shop 347,200/drop: L57 Fallen Orc Archer], Heavy War Axe Head x12 [shop 69,900/drop: L50 Carnage Lord Gato, L52 Grave Robber Kim +13], Mithril Alloy x80 [shop 26,200/craft/exchange/quest], Synthetic Cokes x80 [shop 13,200/craft/exchange/quest], High Grade Suede x40 [shop 4,800/drop: L27 Grave Robber Lookout, L27 Ol Mahum Raider +105/craft/exchange/quest], Enria x40 [shop 24,000/drop: L45 Dimension Invader Berserker, L45 Dimension Invader Magus +211/exchange/quest], Crystal: C-Grade x325 [shop 6,000/exchange], Gemstone B x62 [shop 20,000] || Craft (lvl 6, 100%): Recipe: Heavy War Axe x1 [shop 347,200/drop: L55 Sepulcher Archon, L55 Tomb Archon], Heavy War Axe Head x12 [shop 69,900/drop: L50 Carnage Lord Gato, L52 Grave Robber Kim +13], Maestro Holder x3 [shop 822,000/craft], Mithril Alloy x118 [shop 26,200/craft/exchange/quest], Synthetic Cokes x118 [shop 13,200/craft/exchange/quest], High Grade Suede x59 [shop 4,800/drop: L27 Grave Robber Lookout, L27 Ol Mahum Raider +105/craft/exchange/quest], Enria x59 [shop 24,000/drop: L45 Dimension Invader Berserker, L45 Dimension Invader Magus +211/exchange/quest], Crystal: C-Grade x498 [shop 6,000/exchange], Gemstone B x62 [shop 20,000] || Drop: L50 Carnage Lord Gato, L52 Grave Robber Kim, L53 Dark Shaman Varangka, L55 Eva's Spirit Niniel, L55 Sorcerer Isirr +9
PIECE	92	Sprite's Staff	B	weapon	lrhand	BLUNT	0	P.Atk 170 M.Atk 134	Exchange at mammblack 1: Sprite's Staff - Magic Regeneration x1 [exchange] || Exchange at mammblack 1: Sprite's Staff - Mental Shield x1 [exchange] || Exchange at mammblack 1: Sprite's Staff - Magic Hold x1 [exchange] || Craft (lvl 6, 60%): Recipe: Sprite's Staff (60%) x1 [shop 347,200/drop: L55 Sepulcher Archon, L55 Tomb Archon], Sprite's Staff Head x12 [shop 71,066/drop: L50 Carnage Lord Gato, L52 Grave Robber Kim +13], Oriharukon x50 [shop 49,200/craft/exchange/quest], Coarse Bone Powder x100 [shop 3,000/drop: L18 Boogle Ratman Leader, L19 Lirein Elder +159/craft/exchange/quest], Compound Braid x50 [shop 6,000/drop: L27 Gigant Overseer, L27 Grave Robber Scout +145/craft/exchange/quest], Enria x50 [shop 24,000/drop: L45 Dimension Invader Berserker, L45 Dimension Invader Magus +211/exchange/quest], Crystal: C-Grade x330 [shop 6,000/exchange], Gemstone B x62 [shop 20,000] || Craft (lvl 6, 100%): Recipe: Sprite's Staff x1 [shop 347,200/drop: L50 Tairim, L53 Farcran +7], Sprite's Staff Head x12 [shop 71,066/drop: L50 Carnage Lord Gato, L52 Grave Robber Kim +13], Maestro Holder x3 [shop 822,000/craft], Oriharukon x75 [shop 49,200/craft/exchange/quest], Coarse Bone Powder x150 [shop 3,000/drop: L18 Boogle Ratman Leader, L19 Lirein Elder +159/craft/exchange/quest], Compound Braid x75 [shop 6,000/drop: L27 Gigant Overseer, L27 Grave Robber Scout +145/craft/exchange/quest], Enria x75 [shop 24,000/drop: L45 Dimension Invader Berserker, L45 Dimension Invader Magus +211/exchange/quest], Crystal: C-Grade x491 [shop 6,000/exchange], Gemstone B x62 [shop 20,000] || Drop: L50 Carnage Lord Gato, L52 Grave Robber Kim, L53 Dark Shaman Varangka, L55 Eva's Spirit Niniel, L55 Sorcerer Isirr +9
PIECE	93	Winged Spear	D	weapon	lrhand	POLE	0	P.Atk 79 M.Atk 47	Exchange at mammblack 1a: War Hammer x1 [drop: L25 Princess Molrang, L26 Patriarch Kuroboros +3/exchange], Ancient Adena x519,600 || Exchange at mammblack 1a: Dwarven Pike x1 [drop: L25 Princess Molrang, L26 Patriarch Kuroboros +3/exchange], Ancient Adena x519,600 || Exchange at mammblack 1b: Maingauche x1 [drop: L30 Boss Akata, L30 Turek Mercenary Captain +4/craft/exchange] || Craft (lvl 3, 100%): Winged Spear Blade x7 [shop 35,858/drop: L30 Agent of Beres, Meana, L40 Nos], Steel x180 [shop 4,000/drop: L11 Balor Orc Lieutenant, L18 Tainted Zombie +147/craft/exchange/quest], Cokes x90 [shop 2,400/drop: L18 Red Eye Barbed Bat, L18 Undine Elder +120/craft/exchange/quest], High Grade Suede x45 [shop 4,800/drop: L27 Grave Robber Lookout, L27 Ol Mahum Raider +105/craft/exchange/quest], Crystal: D-Grade x430 [shop 1,300/exchange], Gemstone D x139 [shop 2,000] || Drop: L30 Agent of Beres, Meana, L40 Nos
PIECE	94	Bec de Corbin	C	weapon	lrhand	POLE	0	P.Atk 122 M.Atk 68	Exchange at mammblack 1: Bec de Corbin - Critical Stun x1 [exchange] || Exchange at mammblack 1: Bec de Corbin - Towering Blow x1 [exchange] || Exchange at mammblack 1: Bec de Corbin - Light x1 [exchange] || Craft (lvl 5, 100%): Bec De Corbin Blade x9 [shop 58,222/drop: L47 Valley Treant, L48 Dark Knight +2], Mithril Alloy x52 [shop 26,200/craft/exchange/quest], Synthetic Cokes x26 [shop 13,200/craft/exchange/quest], High Grade Suede x13 [shop 4,800/drop: L27 Grave Robber Lookout, L27 Ol Mahum Raider +105/craft/exchange/quest], Metal Hardener x65 [shop 10,000/drop: L15 Obsidian Golem, L16 Dark Terror +107/craft/exchange/quest], Crystal: C-Grade x170 [shop 6,000/exchange], Gemstone C x105 [shop 6,000] || Drop: L47 Valley Treant, L48 Dark Knight, L49 Tarlk Bugbear High Warrior
PIECE	95	Poleaxe	C	weapon	lrhand	POLE	0	P.Atk 139 M.Atk 76	Exchange at mammblack 1: Poleaxe - Critical Stun x1 [exchange] || Exchange at mammblack 1: Poleaxe - Towering Blow x1 [exchange] || Exchange at mammblack 1: Poleaxe - Wide Blow x1 [exchange] || Craft (lvl 5, 100%): Poleaxe Blade x10 [?], Mithril Alloy x72 [shop 26,200/craft/exchange/quest], Synthetic Cokes x36 [shop 13,200/craft/exchange/quest], High Grade Suede x18 [shop 4,800/drop: L27 Grave Robber Lookout, L27 Ol Mahum Raider +105/craft/exchange/quest], Metal Hardener x90 [shop 10,000/drop: L15 Obsidian Golem, L16 Dark Terror +107/craft/exchange/quest], Crystal: C-Grade x300 [shop 6,000/exchange], Gemstone C x166 [shop 6,000]
PIECE	96	Scythe	C	weapon	lrhand	POLE	0	P.Atk 107 M.Atk 61	Exchange at mammblack 1: Scythe - Anger x1 [exchange] || Exchange at mammblack 1: Scythe - Critical Stun x1 [exchange] || Exchange at mammblack 1: Scythe - Light x1 [exchange] || Craft (lvl 4, 100%): Scythe Edge x8 [shop 51,000/drop: L38 Premo Prime, L39 Nellis' Vengeful Spirit +11], Mithril Alloy x40 [shop 26,200/craft/exchange/quest], Synthetic Cokes x20 [shop 13,200/craft/exchange/quest], High Grade Suede x10 [shop 4,800/drop: L27 Grave Robber Lookout, L27 Ol Mahum Raider +105/craft/exchange/quest], Metal Hardener x50 [shop 10,000/drop: L15 Obsidian Golem, L16 Dark Terror +107/craft/exchange/quest], Crystal: D-Grade x700 [shop 1,300/exchange], Gemstone C x81 [shop 6,000] || Drop: L38 Premo Prime, L39 Nellis' Vengeful Spirit, L40 Fafurion's Page Sika, L44 Pirate Zombie, L45 Dimension Invader Elite Soldier +5
PIECE	97	Lance	B	weapon	lrhand	POLE	0	P.Atk 194 M.Atk 99	Exchange at mammblack 1: Lance - Anger x1 [exchange] || Exchange at mammblack 1: Lance - Critical Stun x1 [exchange] || Exchange at mammblack 1: Lance - Towering Blow x1 [exchange] || Craft (lvl 7, 60%): Recipe: Lance (60%) x1 [shop 524,000/drop: L59 Sharp Talon Tiger, L60 Fallen Orc Captain +2], Lance Blade x13 [shop 91,692/drop: L57 Timak Seer Ragoth, L60 Lord Ishka +9], Mithril Alloy x160 [shop 26,200/craft/exchange/quest], Synthetic Cokes x80 [shop 13,200/craft/exchange/quest], High Grade Suede x40 [shop 4,800/drop: L27 Grave Robber Lookout, L27 Ol Mahum Raider +105/craft/exchange/quest], Enria x40 [shop 24,000/drop: L45 Dimension Invader Berserker, L45 Dimension Invader Magus +211/exchange/quest], Crystal: B-Grade x168 [shop 18,000/exchange], Gemstone B x98 [shop 20,000] || Craft (lvl 7, 100%): Recipe: Lance x1 [shop 524,000/drop: L60 Doom Servant], Lance Blade x13 [shop 91,692/drop: L57 Timak Seer Ragoth, L60 Lord Ishka +9], Maestro Holder x4 [shop 822,000/craft], Mithril Alloy x232 [shop 26,200/craft/exchange/quest], Synthetic Cokes x116 [shop 13,200/craft/exchange/quest], High Grade Suede x58 [shop 4,800/drop: L27 Grave Robber Lookout, L27 Ol Mahum Raider +105/craft/exchange/quest], Enria x58 [shop 24,000/drop: L45 Dimension Invader Berserker, L45 Dimension Invader Magus +211/exchange/quest], Crystal: B-Grade x291 [shop 18,000/exchange], Gemstone B x98 [shop 20,000] || Drop: L57 Timak Seer Ragoth, L60 Lord Ishka, L63 Forbidden Path Invader Warrior, L64 Bloody Ghost, L65 Forbidden Path Invader Elite Soldier +3
PIECE	98	Halberd	A	weapon	lrhand	POLE	0	P.Atk 213 M.Atk 107	Exchange at mammblack 1: Halberd - Haste x1 [exchange] || Exchange at mammblack 1: Halberd - Critical Stun x1 [exchange] || Exchange at mammblack 1: Halberd - Wide Blow x1 [exchange] || Craft (lvl 7, 60%): Recipe: Halberd(60%) x1 [shop 732,000/drop: L65 Alpen Kookaburra, L66 Judge of Light +1/exchange], Halberd Edge x13 [shop 118,616/drop: L65 Hekaton Prime, L66 Last Titan Utenus +10/quest], Maestro Holder x4 [shop 822,000/craft], Mithril Alloy x84 [shop 26,200/craft/exchange/quest], Synthetic Cokes x42 [shop 13,200/craft/exchange/quest], High Grade Suede x21 [shop 4,800/drop: L27 Grave Robber Lookout, L27 Ol Mahum Raider +105/craft/exchange/quest], Enria x21 [shop 24,000/drop: L45 Dimension Invader Berserker, L45 Dimension Invader Magus +211/exchange/quest], Durable Metal Plate x84 [shop 30,000/drop: L27 Grave Robber Lookout, L27 Kuran Kobold +126/craft/exchange/quest], Crystal: B-Grade x222 [shop 18,000/exchange], Gemstone B x143 [shop 20,000] || Craft (lvl 7, 100%): Recipe: Halberd(100%) x1 [shop 732,000], Halberd Edge x13 [shop 118,616/drop: L65 Hekaton Prime, L66 Last Titan Utenus +10/quest], Warsmith's Holder x3 [shop 1,768,000/craft/exchange], Mithril Alloy x172 [shop 26,200/craft/exchange/quest], Synthetic Cokes x86 [shop 13,200/craft/exchange/quest], High Grade Suede x43 [shop 4,800/drop: L27 Grave Robber Lookout, L27 Ol Mahum Raider +105/craft/exchange/quest], Enria x43 [shop 24,000/drop: L45 Dimension Invader Berserker, L45 Dimension Invader Magus +211/exchange/quest], Durable Metal Plate x172 [shop 30,000/drop: L27 Grave Robber Lookout, L27 Kuran Kobold +126/craft/exchange/quest], Crystal: B-Grade x419 [shop 18,000/exchange], Gemstone B x143 [shop 20,000] || Drop: L65 Hekaton Prime, L66 Last Titan Utenus, L68 Bone Animator, L68 Requiem Lord, L69 Alpen Cougar +9
PIECE	99	Apprentice's Spellbook	NG	weapon	rhand	ETC	0	P.Atk 9 M.Atk 12	Exchange at Ariel, Arodin, Creamees, Damion, Garita, Iria, Jackson, Jakal, Kunai, Lector, Minaless, Mion, Nestle, Payne, Reep, Shari, Silvia, Simplon, Sydnia, Unoren, Uska, Varan: Apprentice's Rod x1 [drop: L5 Elder Wolf, L5 Giant Toad], Adena x12,905 || Exchange at Ariel, Arodin, Creamees, Damion, Garita, Iria, Jackson, Jakal, Kunai, Lector, Minaless, Mion, Nestle, Payne, Reep, Shari, Silvia, Simplon, Sydnia, Unoren, Uska, Varan: Buffalo's Horn x1 [drop: L3 Elder Red Keltir, L4 Ashen Wolf], Adena x12,905 || Drop: L6 Kaboo Orc, L10 Vaiss Orc
PIECE	101	Scroll of Wisdom	D	weapon	rhand	ETC	0	P.Atk 32 M.Atk 35	Exchange at mammblack 1b: Reinforced Bow x1 [drop: L27 Grave Robber Scout, L27 Turek Orc Archer +3/exchange] || Exchange at mammblack 1b: Branch of Life x1 [drop: L26 Monster Eye Destroyer, L26 Specter +1/exchange] || Exchange at mammblack 1b: Temptation of Abyss x1 [drop: L26 Monster Eye Destroyer, L26 Specter +1/craft/exchange] || Drop: L26 Monster Eye Destroyer, L26 Specter, L28 Kuran Kobold Warrior
PIECE	102	Round Shield	NG	armor	lhand	SHIELD	0	P.Def 0 M.Def 0	Exchange at Ariel, Arodin, Creamees, Damion, Garita, Iria, Jackson, Jakal, Kunai, Lector, Minaless, Mion, Nestle, Payne, Reep, Shari, Silvia, Simplon, Sydnia, Unoren, Uska, Varan: Buckler x1 [drop: L11 Vaiss Orc Warrior Leader, L12 Grizzly +6/exchange/quest], Adena x4,763 || Exchange at Ariel, Arodin, Creamees, Damion, Garita, Iria, Jackson, Jakal, Kunai, Lector, Minaless, Mion, Nestle, Payne, Reep, Shari, Silvia, Simplon, Sydnia, Unoren, Uska, Varan: Skeleton Buckler x1 [drop: L16 Boogle Ratman, L16 Kasha Fang Spider +6], Adena x4,037 || Drop: L16 Boogle Ratman, L16 Ratman Spy, L18 Scarlet Salamander Elder, L18 Scavenger Wererat, L18 Sukar Wererat +3 || Quest: CureForFever
PIECE	103	Tower Shield	C	armor	lhand	SHIELD	0	P.Def 0 M.Def 0	Exchange at Alexandria: Crystal: C-Grade x65 [shop 6,000/exchange], Crystal: D-Grade x325 [shop 1,300/exchange] || Exchange (list 301660373): Demonic Essence x8 [?] || Craft (lvl 5, 100%): Tower Shield Fragment x10 [shop 6,240/drop: L44 Dread Avenger Kraven, L45 Archon Suscepter +7], Mithril Alloy x6 [shop 26,200/craft/exchange/quest], Synthetic Cokes x2 [shop 13,200/craft/exchange/quest], Crafted Leather x2 [shop 11,400/drop: L36 Cave Ant Larva, L36 Tyrant Kingpin +133/craft/exchange/quest], Crystal: C-Grade x17 [shop 6,000/exchange], Gemstone C x7 [shop 6,000] || Drop: L44 Dread Avenger Kraven, L45 Archon Suscepter, L45 Iron Giant Totem, L50 Headless Knight, L50 Orfen +3 || Quest: UnderTheShadowOfTheIvoryTower
PIECE	107	Composite Shield	C	armor	lhand	SHIELD	19	P.Def 0 M.Def 0	Craft (lvl 5, 100%): Composite Shield Fragment x10 [shop 6,240/drop: L44 Dread Avenger Kraven, L45 Archon Suscepter +5], Mithril Alloy x6 [shop 26,200/craft/exchange/quest], Synthetic Cokes x2 [shop 13,200/craft/exchange/quest], Crafted Leather x2 [shop 11,400/drop: L36 Cave Ant Larva, L36 Tyrant Kingpin +133/craft/exchange/quest], Crystal: C-Grade x17 [shop 6,000/exchange], Gemstone C x7 [shop 6,000] || Drop: L44 Dread Avenger Kraven, L45 Archon Suscepter, L45 Iron Giant Totem, L50 Core, L50 Headless Knight +3
PIECE	110	Doom Shield	B	armor	lhand	SHIELD	33	P.Def 0 M.Def 0	Exchange (list 697): Adena x286,712,000 || Craft (lvl 7, 60%): Recipe: Doom Shield (60%) x1 [shop 33,800/drop: L68 Platinum Tribe Archer], Doom Shield Fragment x13 [shop 8,892/drop: L60 Giant Marpanak, L60 Ice Fairy Sirra +22], Mithril Alloy x9 [shop 26,200/craft/exchange/quest], Synthetic Cokes x3 [shop 13,200/craft/exchange/quest], Crafted Leather x3 [shop 11,400/drop: L36 Cave Ant Larva, L36 Tyrant Kingpin +133/craft/exchange/quest], Asofe x3 [shop 12,000/drop: L45 Shackle, L45 Vault Overlord +149/exchange/quest], Crystal: B-Grade x15 [shop 18,000/exchange], Gemstone B x4 [shop 20,000] || Craft (lvl 7, 100%): Recipe: Doom Shield x1 [shop 33,800/drop: L57 Ice Tarantula, L58 Freya's Dog +7], Doom Shield Fragment x13 [shop 8,892/drop: L60 Giant Marpanak, L60 Ice Fairy Sirra +22], Maestro Anvil Lock x1 [shop 180,800/craft/quest], Mithril Alloy x9 [shop 26,200/craft/exchange/quest], Synthetic Cokes x3 [shop 13,200/craft/exchange/quest], Crafted Leather x3 [shop 11,400/drop: L36 Cave Ant Larva, L36 Tyrant Kingpin +133/craft/exchange/quest], Asofe x3 [shop 12,000/drop: L45 Shackle, L45 Vault Overlord +149/exchange/quest], Crystal: B-Grade x20 [shop 18,000/exchange], Gemstone B x4 [shop 20,000] || Drop: L60 Giant Marpanak, L60 Ice Fairy Sirra, L63 Anger of Splendor, L63 Forbidden Path Invader Magus, L63 Lesser Giant Shooter +8
PIECE	112	Apprentice's Earring	NG	jewel	Earring	-	0	M.Def 11 MP 0	Drop: L5 Goblin, L5 Goblin Grave Robber, L5 Goblin Raider, L5 Goblin Snooper
PIECE	113	Mystic's Earring	NG	jewel	Earring	-	0	M.Def 13 MP 0	Exchange at Ariel, Arodin, Creamees, Damion, Garita, Iria, Jackson, Jakal, Kunai, Lector, Minaless, Mion, Nestle, Payne, Reep, Shari, Silvia, Simplon, Sydnia, Unoren, Uska, Varan: Apprentice's Earring x1 [drop: L5 Goblin, L5 Goblin Grave Robber +2], Adena x838 || Drop: L8 Orc Archer, L10 Evil Eye, L10 Monster Eye, L10 Monster Eye Tracker, L10 Werewolf Hunter || Quest: SacrificeToTheSea, WhatWomenWant
PIECE	114	Earring of Strength	NG	jewel	Earring	-	0	M.Def 16 MP 0	Drop: L12 Blood Fungus, L13 Stone Giant, L14 Crasher, L14 Evil Eye Patroller, L14 Stone Soldier +2
PIECE	115	Earring of Wisdom	NG	jewel	Earring	-	0	M.Def 16 MP 0	Exchange at Ariel, Arodin, Creamees, Damion, Garita, Iria, Jackson, Jakal, Kunai, Lector, Minaless, Mion, Nestle, Payne, Reep, Shari, Silvia, Simplon, Sydnia, Unoren, Uska, Varan: Mystic's Earring x1 [drop: L8 Orc Archer, L10 Evil Eye +3/exchange/quest], Adena x2,968 || Drop: L12 Blood Fungus, L13 Stone Giant, L14 Crasher, L14 Evil Eye Patroller, L14 Stone Soldier +2
PIECE	116	Magic Ring	NG	jewel	Ring	-	0	M.Def 7 MP 0	Drop: L5 Goblin, L5 Goblin Grave Robber, L5 Goblin Raider, L5 Goblin Snooper
PIECE	118	Necklace of Magic	NG	jewel	Necklace	-	0	M.Def 15 MP 0	Drop: L5 Goblin, L5 Goblin Grave Robber, L5 Goblin Raider, L5 Goblin Snooper
PIECE	119	Necklace of Seal	C	jewel	Necklace	-	0	M.Def 64 MP 0	Craft (lvl 6, 100%): Necklace of Binding Chain x11 [shop 11,690/drop: L49 Katu Van Leader Atui, L53 Horrifying Cannon Golem VI +18], Blacksmith's Frame x1 [shop 128,000/craft/exchange/quest], Compound Braid x35 [shop 6,000/drop: L27 Gigant Overseer, L27 Grave Robber Scout +145/craft/exchange/quest], Varnish of Purity x7 [shop 16,200/craft/exchange/quest], Crystal: C-Grade x38 [shop 6,000/exchange], Gemstone C x16 [shop 6,000] || Drop: L49 Katu Van Leader Atui, L53 Purgatory Invader Magus, L54 Massive Maze Bandersnatch, L55 Baby Panthera, L55 Lost Gargoyle +3
PIECE	120	Sword of Reflection	NG	weapon	rhand	SWORD	0	P.Atk 24 M.Atk 17	Craft (lvl 1, 100%): Sword of Reflection Blade x3 [shop 19,200/drop: L16 Hunter Tarantula, L16 Kasha Fang Spider +11], Iron Ore x200 [shop 400/drop: L3 Elder Brown Keltir, L3 Elder Keltir +275], Coal x200 [shop 400/drop: L2 Prairie Keltir, L3 Elder Keltir +238/exchange] || Drop: L16 Kasha Fang Spider, L17 Felim Lizardman Warrior, L17 Grizzly Bear, L17 Langk Lizardman Warrior, L17 Vuku Orc Fighter +4
PIECE	121	Sword of Watershadow	NG	weapon	rhand	SWORD	0	P.Atk 24 M.Atk 17	Drop: L16 Kasha Fang Spider, L17 Felim Lizardman Warrior, L17 Grizzly Bear, L17 Langk Lizardman Warrior, L17 Vuku Orc Fighter +4
PIECE	123	Saber	D	weapon	rhand	SWORD	0	P.Atk 40 M.Atk 26	Exchange at mammblack 1b: Reinforced Bow x1 [drop: L27 Grave Robber Scout, L27 Turek Orc Archer +3/exchange] || Exchange at mammblack 1b: Branch of Life x1 [drop: L26 Monster Eye Destroyer, L26 Specter +1/exchange] || Exchange at mammblack 1b: Temptation of Abyss x1 [drop: L26 Monster Eye Destroyer, L26 Specter +1/craft/exchange] || Craft (lvl 2, 100%): Saber Blade x4 [shop 30,100/drop: L20 Discarded Guardian, L25 Vault Guardian +6], Steel Mold x2 [shop 9,000/craft/exchange/quest], Steel x70 [shop 4,000/drop: L11 Balor Orc Lieutenant, L18 Tainted Zombie +147/craft/exchange/quest], Cokes x70 [shop 2,400/drop: L18 Red Eye Barbed Bat, L18 Undine Elder +120/craft/exchange/quest], Gemstone D x34 [shop 2,000] || Drop: L20 Discarded Guardian, L25 Vault Guardian, L26 Gray Ant, L26 Maille Lizardman Warrior, L27 Grave Robber Lookout +1
PIECE	124	Two-Handed Sword	D	weapon	lrhand	SWORD	0	P.Atk 78 M.Atk 39	Craft (lvl 3, 100%): Two-Handed Sword Edge x6 [shop 33,234/drop: L25 Zombie Lord Crowl, L28 Tirak +10], Steel Mold x3 [shop 9,000/craft/exchange/quest], Steel x144 [shop 4,000/drop: L11 Balor Orc Lieutenant, L18 Tainted Zombie +147/craft/exchange/quest], Cokes x72 [shop 2,400/drop: L18 Red Eye Barbed Bat, L18 Undine Elder +120/craft/exchange/quest], Crystal: D-Grade x300 [shop 1,300/exchange], Gemstone D x91 [shop 2,000] || Drop: L25 Zombie Lord Crowl, L28 Tirak, L34 Hatu Brown Bear, L34 Ol Mahum Lord, L34 Ol Mahum Van Leader +5
PIECE	125	Spinebone Sword	D	weapon	rhand	SWORD	0	P.Atk 51 M.Atk 32	Exchange at mammblack 1a: Saber x1 [drop: L20 Discarded Guardian, L25 Vault Guardian +4/craft/exchange], Ancient Adena x282,000 || Exchange at mammblack 1a: Priest Sword x1 [craft/exchange], Ancient Adena x282,000 || Exchange at mammblack 1b: Mystic Staff x1 [drop: L23 Tracker Leader Sharuk, L29 Marsh Stakato +4/exchange] || Craft (lvl 2, 100%): Spinebone Sword Blade x5 [shop 31,680/drop: L23 Greyclaw Kutus, L30 Bandit Sweeper +7], Steel Mold x2 [shop 9,000/craft/exchange/quest], Steel x75 [shop 4,000/drop: L11 Balor Orc Lieutenant, L18 Tainted Zombie +147/craft/exchange/quest], Cokes x75 [shop 2,400/drop: L18 Red Eye Barbed Bat, L18 Undine Elder +120/craft/exchange/quest], Crystal: D-Grade x200 [shop 1,300/exchange], Gemstone D x57 [shop 2,000] || Drop: L23 Greyclaw Kutus, L30 Bandit Sweeper, L30 Barrow Sentinel, L30 Otherworldly Invader Martyrs, L30 Turek Orc Warlord +1
PIECE	126	Artisan's Sword	D	weapon	rhand	SWORD	0	P.Atk 51 M.Atk 32	Exchange at mammblack 1a: Saber x1 [drop: L20 Discarded Guardian, L25 Vault Guardian +4/craft/exchange], Ancient Adena x282,000 || Exchange at mammblack 1a: Priest Sword x1 [craft/exchange], Ancient Adena x282,000 || Exchange at mammblack 1b: Spinebone Sword x1 [drop: L23 Greyclaw Kutus, L30 Bandit Sweeper +4/craft/exchange] || Drop: L23 Greyclaw Kutus, L30 Bandit Sweeper, L30 Barrow Sentinel, L30 Otherworldly Invader Martyrs, L30 Turek Orc Warlord +1
PIECE	127	Crimson Sword	D	weapon	rhand	SWORD	0	P.Atk 64 M.Atk 39	Exchange at mammblack 1a: Bastard Sword x1 [drop: L23 Greyclaw Kutus, L30 Bandit Sweeper +4/exchange], Ancient Adena x387,600 || Exchange at mammblack 1a: Spinebone Sword x1 [drop: L23 Greyclaw Kutus, L30 Bandit Sweeper +4/craft/exchange], Ancient Adena x387,600 || Exchange at mammblack 1a: Artisan's Sword x1 [drop: L23 Greyclaw Kutus, L30 Bandit Sweeper +4/exchange], Ancient Adena x387,600 || Drop: L25 Zombie Lord Crowl, L28 Tirak, L34 Hatu Brown Bear, L34 Ol Mahum Lord, L34 Ol Mahum Van Leader +5
PIECE	128	Knight's Sword	D	weapon	rhand	SWORD	0	P.Atk 51 M.Atk 32	Exchange at mammblack 1a: Saber x1 [drop: L20 Discarded Guardian, L25 Vault Guardian +4/craft/exchange], Ancient Adena x282,000 || Exchange at mammblack 1a: Priest Sword x1 [craft/exchange], Ancient Adena x282,000 || Exchange at mammblack 1b: Spinebone Sword x1 [drop: L23 Greyclaw Kutus, L30 Bandit Sweeper +4/craft/exchange] || Drop: L23 Greyclaw Kutus, L30 Bandit Sweeper, L30 Barrow Sentinel, L30 Otherworldly Invader Martyrs, L30 Turek Orc Warlord +1
PIECE	129	Sword of Revolution	D	weapon	rhand	SWORD	0	P.Atk 79 M.Atk 47	Exchange at mammblack 1a: Crimson Sword x1 [drop: L25 Zombie Lord Crowl, L28 Tirak +8/exchange], Ancient Adena x519,600 || Exchange at mammblack 1a: Elven Sword x1 [drop: L25 Zombie Lord Crowl, L28 Tirak +7/exchange], Ancient Adena x519,600 || Exchange at mammblack 1b: Maingauche x1 [drop: L30 Boss Akata, L30 Turek Mercenary Captain +4/craft/exchange] || Craft (lvl 3, 100%): Sword of Revolution Blade x7 [shop 37,858/drop: L30 Ragraman, L37 Cave Ant +8], Steel Mold x2 [shop 9,000/craft/exchange/quest], Steel x175 [shop 4,000/drop: L11 Balor Orc Lieutenant, L18 Tainted Zombie +147/craft/exchange/quest], Cokes x175 [shop 2,400/drop: L18 Red Eye Barbed Bat, L18 Undine Elder +120/craft/exchange/quest], Crystal: D-Grade x430 [shop 1,300/exchange], Gemstone D x139 [shop 2,000] || Drop: L30 Ragraman, L37 Cave Ant, L38 Catacomb Stakato Soldier, L38 Cave Ant Soldier, L38 Fettered Soul +2
PIECE	130	Elven Sword	D	weapon	rhand	SWORD	0	P.Atk 64 M.Atk 39	Exchange at mammblack 1a: Bastard Sword x1 [drop: L23 Greyclaw Kutus, L30 Bandit Sweeper +4/exchange], Ancient Adena x387,600 || Exchange at mammblack 1a: Spinebone Sword x1 [drop: L23 Greyclaw Kutus, L30 Bandit Sweeper +4/craft/exchange], Ancient Adena x387,600 || Exchange at mammblack 1a: Artisan's Sword x1 [drop: L23 Greyclaw Kutus, L30 Bandit Sweeper +4/exchange], Ancient Adena x387,600 || Drop: L25 Zombie Lord Crowl, L28 Tirak, L34 Hatu Brown Bear, L34 Ol Mahum Lord, L34 Ol Mahum Van Leader +4
PIECE	131	Spirit Sword	C	weapon	rhand	SWORD	0	P.Atk 122 M.Atk 68	Exchange at mammblack 1: Spirit Sword - Critical Damage x1 [exchange] || Exchange at mammblack 1: Spirit Sword - Critical Poison x1 [exchange] || Exchange at mammblack 1: Spirit Sword - Haste x1 [exchange] || Craft (lvl 5, 100%): Spirit Sword Blade x9 [shop 60,200/drop: L48 Hatar Ratman Boss, L48 Tarlk Bugbear Warrior +1], Artisan's Frame x2 [shop 190,000/craft/exchange/quest], Mithril Alloy x33 [shop 26,200/craft/exchange/quest], Synthetic Cokes x33 [shop 13,200/craft/exchange/quest], Metal Hardener x66 [shop 10,000/drop: L15 Obsidian Golem, L16 Dark Terror +107/craft/exchange/quest], Crystal: C-Grade x180 [shop 6,000/exchange], Gemstone C x105 [shop 6,000] || Drop: L48 Hatar Ratman Boss, L48 Tarlk Bugbear Warrior, L49 Cave Servant Captain
PIECE	132	Sword of Limit	C	weapon	rhand	SWORD	0	P.Atk 139 M.Atk 76	Exchange at mammblack 1: Sword of Limit - Guidance x1 [exchange] || Exchange at mammblack 1: Sword of Limit - Critical Drain x1 [exchange] || Exchange at mammblack 1: Sword of Limit - Health x1 [exchange] || Craft (lvl 5, 100%): Sword of Limit Blade x10 [?], Artisan's Frame x2 [shop 190,000/craft/exchange/quest], Mithril Alloy x50 [shop 26,200/craft/exchange/quest], Synthetic Cokes x50 [shop 13,200/craft/exchange/quest], Metal Hardener x100 [shop 10,000/drop: L15 Obsidian Golem, L16 Dark Terror +107/craft/exchange/quest], Crystal: C-Grade x300 [shop 6,000/exchange], Gemstone C x166 [shop 6,000]
PIECE	133	Raid Sword	C	weapon	rhand	SWORD	0	P.Atk 122 M.Atk 68	Exchange at mammblack 1: Raid Sword - Focus x1 [exchange] || Exchange at mammblack 1: Raid Sword - Critical Drain x1 [exchange] || Exchange at mammblack 1: Raid Sword - Critical Poison x1 [exchange] || Craft (lvl 5, 100%): Raid Sword Blade x9 [shop 60,200/drop: L48 Hatar Ratman Boss, L48 Tarlk Bugbear Warrior +1], Artisan's Frame x2 [shop 190,000/craft/exchange/quest], Mithril Alloy x33 [shop 26,200/craft/exchange/quest], Synthetic Cokes x33 [shop 13,200/craft/exchange/quest], Metal Hardener x66 [shop 10,000/drop: L15 Obsidian Golem, L16 Dark Terror +107/craft/exchange/quest], Crystal: C-Grade x180 [shop 6,000/exchange], Gemstone C x105 [shop 6,000] || Drop: L48 Hatar Ratman Boss, L48 Tarlk Bugbear Warrior, L49 Cave Servant Captain || Quest: 1000YearsTheEndOfLamentation
PIECE	134	Sword of Nightmare	C	weapon	rhand	SWORD	0	P.Atk 139 M.Atk 76	Exchange at mammblack 1: Sword of Nightmare - Health x1 [exchange] || Exchange at mammblack 1: Sword of Nightmare - Focus x1 [exchange] || Exchange at mammblack 1: Sword of Nightmare - Light x1 [exchange] || Craft (lvl 5, 100%): Sword of Nightmare Blade x10 [shop 73,400/drop: L44 Rotten Tree Repiro, L45 Iron Giant Totem +7], Artisan's Frame x2 [shop 190,000/craft/exchange/quest], Mithril Alloy x50 [shop 26,200/craft/exchange/quest], Synthetic Cokes x50 [shop 13,200/craft/exchange/quest], Metal Hardener x100 [shop 10,000/drop: L15 Obsidian Golem, L16 Dark Terror +107/craft/exchange/quest], Crystal: C-Grade x300 [shop 6,000/exchange], Gemstone C x166 [shop 6,000] || Drop: L44 Rotten Tree Repiro, L45 Iron Giant Totem, L50 Dark Lord, L50 Death Knight, L50 Purgatory Invader Soldier +4
PIECE	135	Samurai Longsword	C	weapon	rhand	SWORD	0	P.Atk 156 M.Atk 83	Exchange at mammblack 1: Samurai Longsword - Focus x1 [exchange] || Exchange at mammblack 1: Samurai Longsword - Critical Damage x1 [exchange] || Exchange at mammblack 1: Samurai Longsword - Haste x1 [exchange] || Craft (lvl 6, 100%): Samurai Longsword Blade x11 [shop 87,310/drop: L48 King Tarlk, L53 Crimson Doll Blader +6], Artisan's Frame x3 [shop 190,000/craft/exchange/quest], Mithril Alloy x82 [shop 26,200/craft/exchange/quest], Synthetic Cokes x41 [shop 13,200/craft/exchange/quest], Metal Hardener x164 [shop 10,000/drop: L15 Obsidian Golem, L16 Dark Terror +107/craft/exchange/quest], Crystal: C-Grade x410 [shop 6,000/exchange], Gemstone C x248 [shop 6,000] || Drop: L48 King Tarlk, L53 Crimson Doll Blader, L53 Purgatory Invader Warrior, L54 Crimson Vale Master, L54 Oel Mahum Warrior +3 || Quest: WarehouseKeepersPastime
PIECE	136	Blade of Serenity	B	weapon	rhand	SWORD	0	P.Atk 175 M.Atk 91	Exchange (list 697): Adena x343,060,000
PIECE	137	Mist Sword	B	weapon	rhand	SWORD	0	P.Atk 175 M.Atk 91	Exchange (list 697): Adena x24,500,000
PIECE	138	Sword of Desert	B	weapon	rhand	SWORD	0	P.Atk 175 M.Atk 91	Exchange (list 697): Adena x30,384,000
PIECE	139	Dusk Sword	B	weapon	rhand	SWORD	0	P.Atk 175 M.Atk 91	Exchange (list 697): Adena x15,192,000
PIECE	140	Eminence Sword	B	weapon	rhand	SWORD	0	P.Atk 175 M.Atk 91	Exchange (list 697): Adena x286,712,000
PIECE	141	Hazard Sword	B	weapon	rhand	SWORD	0	P.Atk 175 M.Atk 91	Exchange (list 697): Adena x343,060,000
PIECE	142	Keshanberk	B	weapon	rhand	SWORD	0	P.Atk 175 M.Atk 91	Exchange at mammblack 1: Keshanberk - Guidance x1 [exchange] || Exchange at mammblack 1: Keshanberk - Focus x1 [exchange] || Exchange at mammblack 1: Keshanberk - Back Blow x1 [exchange] || Craft (lvl 6, 60%): Recipe: Keshanberk (60%) x1 [shop 347,200/drop: L55 Wretched Archer], Keshanberk Blade x12 [shop 71,000/drop: L50 Messenger of Fairy Queen Berun, L52 Captain of Red Flag Shaka +19], Artisan's Frame x2 [shop 190,000/craft/exchange/quest], Mithril Alloy x72 [shop 26,200/craft/exchange/quest], Synthetic Cokes x72 [shop 13,200/craft/exchange/quest], Enria x36 [shop 24,000/drop: L45 Dimension Invader Berserker, L45 Dimension Invader Magus +211/exchange/quest], Crystal: C-Grade x360 [shop 6,000/exchange], Gemstone B x62 [shop 20,000] || Craft (lvl 6, 100%): Recipe: Keshanberk x1 [shop 347,200/drop: L55 Malruk Succubus], Keshanberk Blade x12 [shop 71,000/drop: L50 Messenger of Fairy Queen Berun, L52 Captain of Red Flag Shaka +19], Craftsman Mold x2 [shop 1,420,000/craft/quest], Mithril Alloy x114 [shop 26,200/craft/exchange/quest], Synthetic Cokes x114 [shop 13,200/craft/exchange/quest], Enria x57 [shop 24,000/drop: L45 Dimension Invader Berserker, L45 Dimension Invader Magus +211/exchange/quest], Crystal: C-Grade x517 [shop 6,000/exchange], Gemstone B x62 [shop 20,000] || Drop: L50 Messenger of Fairy Queen Berun, L52 Captain of Red Flag Shaka, L52 Gigantic Chaos Golem, L55 Bandit Leader Barda, L55 Enchanted Forest Watcher Ruell +16
PIECE	143	Sword of Mystic	D	weapon	rhand	SWORD	0	P.Atk 43 M.Atk 45	Exchange at mammblack 1b: Sword of Magic x1 [drop: L25 Zombie Lord Crowl, L28 Tirak +8/exchange] || Exchange at mammblack 1b: Sword of Occult x1 [drop: L25 Zombie Lord Crowl, L28 Tirak +8/exchange]
PIECE	144	Sword of Occult	D	weapon	rhand	SWORD	0	P.Atk 43 M.Atk 45	Exchange at mammblack 1b: Sword of Magic x1 [drop: L25 Zombie Lord Crowl, L28 Tirak +8/exchange] || Exchange at mammblack 1b: Sword of Mystic x1 [exchange] || Drop: L25 Zombie Lord Crowl, L28 Tirak, L34 Hatu Brown Bear, L34 Ol Mahum Lord, L34 Ol Mahum Van Leader +5
PIECE	145	Sword of Whispering Death	C	weapon	rhand	SWORD	0	P.Atk 111 M.Atk 101	Exchange at mammblack 1: Sword of Whispering Death - Empower x1 [exchange] || Exchange at mammblack 1: Sword of Whispering Death - M. Atk. x1 [exchange] || Exchange at mammblack 1: Sword of Whispering Death - Magic Silence x1 [exchange] || Craft (lvl 5, 100%): Sword of Whispering Death Blade x10 [shop 73,400/drop: L44 Rotten Tree Repiro, L45 Iron Giant Totem +8], Artisan's Frame x2 [shop 190,000/craft/exchange/quest], Mithril Alloy x50 [shop 26,200/craft/exchange/quest], Synthetic Cokes x50 [shop 13,200/craft/exchange/quest], Metal Hardener x100 [shop 10,000/drop: L15 Obsidian Golem, L16 Dark Terror +107/craft/exchange/quest], Crystal: C-Grade x300 [shop 6,000/exchange], Gemstone C x166 [shop 6,000] || Drop: L44 Rotten Tree Repiro, L45 Iron Giant Totem, L50 Dark Lord, L50 Death Knight, L50 Orfen +4
PIECE	146	Ghoulbane	B	weapon	rhand	SWORD	0	P.Atk 140 M.Atk 122	Exchange (list 697): Adena x24,500,000
PIECE	148	Sword of Valhalla	B	weapon	rhand	SWORD	0	P.Atk 140 M.Atk 122	Exchange at mammblack 1: Sword of Valhalla - Acumen x1 [exchange] || Exchange at mammblack 1: Sword of Valhalla - Magic Weakness x1 [exchange] || Exchange at mammblack 1: Sword of Valhalla - Magic Regeneration x1 [exchange] || Craft (lvl 6, 60%): Recipe: Sword of Valhalla (60%) x1 [shop 347,200/drop: L54 Connabi], Sword of Valhalla Blade x12 [shop 71,000/drop: L50 Messenger of Fairy Queen Berun, L52 Captain of Red Flag Shaka +19], Artisan's Frame x2 [shop 190,000/craft/exchange/quest], Mithril Alloy x72 [shop 26,200/craft/exchange/quest], Synthetic Cokes x72 [shop 13,200/craft/exchange/quest], Enria x36 [shop 24,000/drop: L45 Dimension Invader Berserker, L45 Dimension Invader Magus +211/exchange/quest], Crystal: C-Grade x360 [shop 6,000/exchange], Gemstone B x62 [shop 20,000] || Craft (lvl 6, 100%): Recipe: Sword of Valhalla x1 [shop 347,200/drop: L50 Garden Guard Leader, L54 Marsh Stalker +2], Sword of Valhalla Blade x12 [shop 71,000/drop: L50 Messenger of Fairy Queen Berun, L52 Captain of Red Flag Shaka +19], Craftsman Mold x2 [shop 1,420,000/craft/quest], Mithril Alloy x114 [shop 26,200/craft/exchange/quest], Synthetic Cokes x114 [shop 13,200/craft/exchange/quest], Enria x57 [shop 24,000/drop: L45 Dimension Invader Berserker, L45 Dimension Invader Magus +211/exchange/quest], Crystal: C-Grade x517 [shop 6,000/exchange], Gemstone B x62 [shop 20,000] || Drop: L50 Messenger of Fairy Queen Berun, L52 Captain of Red Flag Shaka, L52 Gigantic Chaos Golem, L55 Bandit Leader Barda, L55 Enchanted Forest Watcher Ruell +16
PIECE	150	Elemental Sword	A	weapon	rhand	SWORD	0	P.Atk 170 M.Atk 143	Exchange at mammblack 1: Elemental Sword - M. Atk. x1 [exchange] || Exchange at mammblack 1: Elemental Sword - Magic Paralyze x1 [exchange] || Exchange at mammblack 1: Elemental Sword - Empower x1 [exchange] || Craft (lvl 7, 60%): Recipe: Elemental Sword(60%) x1 [shop 732,000/drop: L64 Raider of Pastureland, L65 Alpen Kookaburra +1/exchange], Elemental Sword Edge x13 [shop 117,570/drop: L59 Abyss Brukunt, L59 Demon Kurikups +21/quest], Craftsman Mold x3 [shop 1,420,000/craft/quest], Mithril Alloy x82 [shop 26,200/craft/exchange/quest], Synthetic Cokes x82 [shop 13,200/craft/exchange/quest], Durable Metal Plate x41 [shop 30,000/drop: L27 Grave Robber Lookout, L27 Kuran Kobold +126/craft/exchange/quest], Enria x41 [shop 24,000/drop: L45 Dimension Invader Berserker, L45 Dimension Invader Magus +211/exchange/quest], Crystal: B-Grade x193 [shop 18,000/exchange], Gemstone B x143 [shop 20,000] || Craft (lvl 7, 100%): Recipe: Elemental Sword(100%) x1 [shop 732,000], Elemental Sword Edge x13 [shop 117,570/drop: L59 Abyss Brukunt, L59 Demon Kurikups +21/quest], Craftsman Mold x4 [shop 1,420,000/craft/quest], Mithril Alloy x196 [shop 26,200/craft/exchange/quest], Synthetic Cokes x196 [shop 13,200/craft/exchange/quest], Durable Metal Plate x98 [shop 30,000/drop: L27 Grave Robber Lookout, L27 Kuran Kobold +126/craft/exchange/quest], Enria x98 [shop 24,000/drop: L45 Dimension Invader Berserker, L45 Dimension Invader Magus +211/exchange/quest], Crystal: B-Grade x344 [shop 18,000/exchange], Gemstone B x143 [shop 20,000] || Drop: L59 Abyss Brukunt, L59 Demon Kurikups, L62 Roaring Lord Kastor, L68 Antelope, L68 Canyon Antelope +20
PIECE	151	Sword of Miracles	A	weapon	rhand	SWORD	0	P.Atk 186 M.Atk 152	Exchange at mammblack 1: Sword of Miracles - M. Atk. x1 [exchange] || Exchange at mammblack 1: Sword of Miracles - Magic Silence x1 [exchange] || Exchange at mammblack 1: Sword of Miracles - Acumen x1 [exchange] || Craft (lvl 8, 60%): Recipe: Sword of Miracles(60%) x1 [shop 1,080,000/drop: L65 Slaughter Executioner, L66 Splinter Stakato +9/exchange], Sword of Miracles Edge x14 [shop 132,738/drop: L70 Roaring Skylancer, L71 Eilhalder von Hellmann +22/quest], Craftsman Mold x3 [shop 1,420,000/craft/quest], Mithril Alloy x160 [shop 26,200/craft/exchange/quest], Synthetic Cokes x160 [shop 13,200/craft/exchange/quest], Durable Metal Plate x80 [shop 30,000/drop: L27 Grave Robber Lookout, L27 Kuran Kobold +126/craft/exchange/quest], Enria x80 [shop 24,000/drop: L45 Dimension Invader Berserker, L45 Dimension Invader Magus +211/exchange/quest], Crystal: A-Grade x152 [shop 30,000/exchange], Gemstone A x74 [shop 60,000/exchange] || Craft (lvl 8, 100%): Recipe: Sword of Miracles(100%) x1 [shop 1,080,000], Sword of Miracles Edge x14 [shop 132,738/drop: L70 Roaring Skylancer, L71 Eilhalder von Hellmann +22/quest], Craftsman Mold x4 [shop 1,420,000/craft/quest], Mithril Alloy x320 [shop 26,200/craft/exchange/quest], Synthetic Cokes x320 [shop 13,200/craft/exchange/quest], Durable Metal Plate x160 [shop 30,000/drop: L27 Grave Robber Lookout, L27 Kuran Kobold +126/craft/exchange/quest], Enria x160 [shop 24,000/drop: L45 Dimension Invader Berserker, L45 Dimension Invader Magus +211/exchange/quest], Crystal: A-Grade x372 [shop 30,000/exchange], Gemstone A x74 [shop 60,000/exchange] || Drop: L70 Roaring Skylancer, L71 Eilhalder von Hellmann, L74 Krokian Padisha Sobekk, L79 Antharas, L79 Ketra Orc Shaman +15
PIECE	152	Heavy Chisel	NG	weapon	rhand	BLUNT	0	P.Atk 10 M.Atk 8	Exchange at Ariel, Arodin, Creamees, Damion, Garita, Iria, Jackson, Jakal, Kunai, Lector, Minaless, Mion, Nestle, Payne, Reep, Shari, Silvia, Simplon, Sydnia, Unoren, Uska, Varan: Club x1 [drop: L5 Elder Wolf, L5 Giant Toad/quest], Adena x8,032 || Drop: L9 Garum Werewolf, L9 Relic Werewolf, L10 Goblin Brigand Lieutenant, L10 Goblin Thief
PIECE	153	Sigil	NG	weapon	rhand	BLUNT	0	P.Atk 12 M.Atk 9	Exchange at Ariel, Arodin, Creamees, Damion, Garita, Iria, Jackson, Jakal, Kunai, Lector, Minaless, Mion, Nestle, Payne, Reep, Shari, Silvia, Simplon, Sydnia, Unoren, Uska, Varan: Mace x1 [drop: L9 Garum Werewolf, L9 Relic Werewolf +2/exchange], Adena x6,600
PIECE	154	Dwarven Mace	NG	weapon	rhand	BLUNT	0	P.Atk 17 M.Atk 12	Exchange at Ariel, Arodin, Creamees, Damion, Garita, Iria, Jackson, Jakal, Kunai, Lector, Minaless, Mion, Nestle, Payne, Reep, Shari, Silvia, Simplon, Sydnia, Unoren, Uska, Varan: Sigil x1 [exchange], Adena x39,160 || Exchange at Ariel, Arodin, Creamees, Damion, Garita, Iria, Jackson, Jakal, Kunai, Lector, Minaless, Mion, Nestle, Payne, Reep, Shari, Silvia, Simplon, Sydnia, Unoren, Uska, Varan: Silversmith Hammer x1 [quest], Adena x31,460 || Drop: L11 Kaboo Orc Fighter Lieutenant, L12 Dungeon Skeleton, L13 Dryad, L13 Marsh Zombie, L14 Red Bear +3
PIECE	155	Flanged Mace	NG	weapon	rhand	BLUNT	0	P.Atk 31 M.Atk 21	Exchange at Ariel, Arodin, Creamees, Damion, Garita, Iria, Jackson, Jakal, Kunai, Lector, Minaless, Mion, Nestle, Payne, Reep, Shari, Silvia, Simplon, Sydnia, Unoren, Uska, Varan: Dwarven Mace x1 [drop: L11 Kaboo Orc Fighter Lieutenant, L12 Dungeon Skeleton +6/exchange], Adena x208,890 || Exchange at Ariel, Arodin, Creamees, Damion, Garita, Iria, Jackson, Jakal, Kunai, Lector, Minaless, Mion, Nestle, Payne, Reep, Shari, Silvia, Simplon, Sydnia, Unoren, Uska, Varan: Bone Club x1 [drop: L16 Langk Lizardman Scout, L16 Stone Guardian +6], Adena x118,800 || Drop: L21 Dre Vanul Scout, L22 Kasha Imp Turen, L22 Raging Spartoi, L23 Veelan Bugbear
PIECE	156	Hand Axe	D	weapon	rhand	BLUNT	0	P.Atk 40 M.Atk 26	Exchange at mammblack 1b: Reinforced Bow x1 [drop: L27 Grave Robber Scout, L27 Turek Orc Archer +3/exchange] || Exchange at mammblack 1b: Branch of Life x1 [drop: L26 Monster Eye Destroyer, L26 Specter +1/exchange] || Exchange at mammblack 1b: Temptation of Abyss x1 [drop: L26 Monster Eye Destroyer, L26 Specter +1/craft/exchange] || Drop: L20 Zombie Lord Farakelsus, L25 Dead Pit Skeleton Archer, L25 Poison Araneid, L26 Sobbing Wind, L27 Vault Seer
PIECE	157	Spiked Club	D	weapon	rhand	BLUNT	0	P.Atk 64 M.Atk 39	Exchange at mammblack 1a: Tomahawk x1 [drop: L23 Tracker Leader Sharuk, L29 Marsh Stakato +4/exchange], Ancient Adena x387,600 || Exchange at mammblack 1a: Mace of Prayer x1 [drop: L23 Tracker Leader Sharuk, L29 Marsh Stakato +4/exchange], Ancient Adena x387,600 || Exchange at mammblack 1a: Mace of Judgment x1 [drop: L23 Tracker Leader Sharuk, L29 Marsh Stakato +4/craft/exchange], Ancient Adena x387,600 || Craft (lvl 3, 100%): Spiked Club Head x6 [shop 30,534/drop: L25 Ikuntai, L28 Partisan Leader Talakin +7], Steel x90 [shop 4,000/drop: L11 Balor Orc Lieutenant, L18 Tainted Zombie +147/craft/exchange/quest], Cokes x90 [shop 2,400/drop: L18 Red Eye Barbed Bat, L18 Undine Elder +120/craft/exchange/quest], High Grade Suede x45 [shop 4,800/drop: L27 Grave Robber Lookout, L27 Ol Mahum Raider +105/craft/exchange/quest], Crystal: D-Grade x300 [shop 1,300/exchange], Gemstone D x91 [shop 2,000] || Drop: L25 Ikuntai, L28 Partisan Leader Talakin, L33 Rowin Undine, L34 Bandit Undertaker, L34 Breka Orc Shaman +2
PIECE	158	Tarbar	D	weapon	rhand	BLUNT	0	P.Atk 79 M.Atk 47	Exchange at mammblack 1a: Spiked Club x1 [drop: L25 Ikuntai, L28 Partisan Leader Talakin +5/craft/exchange], Ancient Adena x519,600 || Exchange at mammblack 1b: Maingauche x1 [drop: L30 Boss Akata, L30 Turek Mercenary Captain +4/craft/exchange] || Exchange at mammblack 1b: Skull Breaker x1 [drop: L30 Apepi, L38 Cave Ant Soldier +6/craft/exchange] || Craft (lvl 3, 100%): Tarbar Head x7 [shop 39,514/drop: L30 Apepi, L38 Cave Ant Soldier +6], Steel x128 [shop 4,000/drop: L11 Balor Orc Lieutenant, L18 Tainted Zombie +147/craft/exchange/quest], Cokes x128 [shop 2,400/drop: L18 Red Eye Barbed Bat, L18 Undine Elder +120/craft/exchange/quest], High Grade Suede x64 [shop 4,800/drop: L27 Grave Robber Lookout, L27 Ol Mahum Raider +105/craft/exchange/quest], Crystal: D-Grade x430 [shop 1,300/exchange], Gemstone D x139 [shop 2,000] || Drop: L30 Apepi, L38 Cave Ant Soldier, L38 Ogre, L39 Farhite, L39 Gigant Raider +3
PIECE	159	Bonebreaker	D	weapon	rhand	BLUNT	0	P.Atk 92 M.Atk 54	Exchange at mammblack 1a: Morning Star x1 [drop: L30 Apepi, L38 Cave Ant Soldier +6/craft/exchange], Ancient Adena x480,000 || Exchange at mammblack 1a: Tarbar x1 [drop: L30 Apepi, L38 Cave Ant Soldier +6/craft/exchange], Ancient Adena x480,000 || Exchange at mammblack 1a: Skull Breaker x1 [drop: L30 Apepi, L38 Cave Ant Soldier +6/craft/exchange], Ancient Adena x480,000 || Craft (lvl 4, 100%): Bonebreaker Head x8 [shop 48,376/drop: L34 Breka Warlock Pastu, L35 Guilotine, Warden of the Execution Grounds +5], Steel x160 [shop 4,000/drop: L11 Balor Orc Lieutenant, L18 Tainted Zombie +147/craft/exchange/quest], Cokes x160 [shop 2,400/drop: L18 Red Eye Barbed Bat, L18 Undine Elder +120/craft/exchange/quest], High Grade Suede x80 [shop 4,800/drop: L27 Grave Robber Lookout, L27 Ol Mahum Raider +105/craft/exchange/quest], Crystal: D-Grade x550 [shop 1,300/exchange], Gemstone D x185 [shop 2,000] || Drop: L34 Breka Warlock Pastu, L35 Guilotine, Warden of the Execution Grounds, L40 Nakondas, L40 Queen Ant, L41 Timak Orc Troop Archer +3
PIECE	160	Battle Axe	C	weapon	rhand	BLUNT	0	P.Atk 107 M.Atk 61	Exchange at mammblack 1: Battle Axe - Anger x1 [exchange] || Exchange at mammblack 1: Battle Axe - Rsk. Focus x1 [exchange] || Exchange at mammblack 1: Battle Axe - Haste x1 [exchange] || Craft (lvl 4, 100%): Battle Axe Head x8 [shop 51,750/drop: L40 Water Spirit Lian, L40 Wizard of Storm Teruk +4], Mithril Alloy x30 [shop 26,200/craft/exchange/quest], Synthetic Cokes x30 [shop 13,200/craft/exchange/quest], High Grade Suede x15 [shop 4,800/drop: L27 Grave Robber Lookout, L27 Ol Mahum Raider +105/craft/exchange/quest], Metal Hardener x60 [shop 10,000/drop: L15 Obsidian Golem, L16 Dark Terror +107/craft/exchange/quest], Crystal: D-Grade x700 [shop 1,300/exchange], Gemstone C x81 [shop 6,000] || Drop: L40 Water Spirit Lian, L40 Wizard of Storm Teruk, L44 Timak Orc Shaman, L45 Formor, L46 Forest of Mirrors Ghost
PIECE	161	Silver Axe	C	weapon	rhand	BLUNT	0	P.Atk 107 M.Atk 61	Exchange at mammblack 1: Silver Axe - Anger x1 [exchange] || Exchange at mammblack 1: Silver Axe - Rsk. Focus x1 [exchange] || Exchange at mammblack 1: Silver Axe - Haste x1 [exchange] || Craft (lvl 4, 100%): Silver Axe Head x8 [shop 51,750/drop: L40 Water Spirit Lian, L40 Wizard of Storm Teruk +4], Mithril Alloy x30 [shop 26,200/craft/exchange/quest], Synthetic Cokes x30 [shop 13,200/craft/exchange/quest], High Grade Suede x15 [shop 4,800/drop: L27 Grave Robber Lookout, L27 Ol Mahum Raider +105/craft/exchange/quest], Metal Hardener x60 [shop 10,000/drop: L15 Obsidian Golem, L16 Dark Terror +107/craft/exchange/quest], Crystal: D-Grade x700 [shop 1,300/exchange], Gemstone C x81 [shop 6,000] || Drop: L40 Water Spirit Lian, L40 Wizard of Storm Teruk, L44 Timak Orc Shaman, L45 Formor, L46 Forest of Mirrors Ghost
PIECE	162	War Axe	C	weapon	rhand	BLUNT	0	P.Atk 139 M.Atk 76	Exchange at mammblack 1: War Axe - Anger x1 [exchange] || Exchange at mammblack 1: War Axe - Health x1 [exchange] || Exchange at mammblack 1: War Axe - Haste x1 [exchange] || Craft (lvl 5, 100%): War Axe Blade x10 [shop 74,680/drop: L44 Dread Avenger Kraven, L45 Archon Suscepter +7], Mithril Alloy x54 [shop 26,200/craft/exchange/quest], Synthetic Cokes x54 [shop 13,200/craft/exchange/quest], High Grade Suede x27 [shop 4,800/drop: L27 Grave Robber Lookout, L27 Ol Mahum Raider +105/craft/exchange/quest], Metal Hardener x108 [shop 10,000/drop: L15 Obsidian Golem, L16 Dark Terror +107/craft/exchange/quest], Crystal: C-Grade x300 [shop 6,000/exchange], Gemstone C x166 [shop 6,000] || Drop: L44 Dread Avenger Kraven, L45 Archon Suscepter, L50 Core, L50 Orfen, L50 Purgatory Invader Elite Soldier +5
PIECE	164	Elysian	A	weapon	rhand	BLUNT	0	P.Atk 232 M.Atk 114	Exchange at mammblack 1: Elysian - Health x1 [exchange] || Exchange at mammblack 1: Elysian - Anger x1 [exchange] || Exchange at mammblack 1: Elysian - Critical Drain x1 [exchange] || Craft (lvl 8, 60%): Recipe: Elysian(60%) x1 [shop 1,080,000/drop: L65 Alpen Kookaburra, L65 Forbidden Path Invader Elite Soldier +14/exchange], Elysian Head x14 [shop 145,828/drop: L70 Fafurion's Herald Lokness, L71 Immortal Savior Mardil +19/quest], Maestro Holder x3 [shop 822,000/craft], Mithril Alloy x98 [shop 26,200/craft/exchange/quest], Synthetic Cokes x98 [shop 13,200/craft/exchange/quest], High Grade Suede x49 [shop 4,800/drop: L27 Grave Robber Lookout, L27 Ol Mahum Raider +105/craft/exchange/quest], Enria x49 [shop 24,000/drop: L45 Dimension Invader Berserker, L45 Dimension Invader Magus +211/exchange/quest], Durable Metal Plate x196 [shop 30,000/drop: L27 Grave Robber Lookout, L27 Kuran Kobold +126/craft/exchange/quest], Crystal: A-Grade x194 [shop 30,000/exchange], Gemstone A x74 [shop 60,000/exchange] || Craft (lvl 8, 100%): Recipe: Elysian(100%) x1 [shop 1,080,000], Elysian Head x14 [shop 145,828/drop: L70 Fafurion's Herald Lokness, L71 Immortal Savior Mardil +19/quest], Warsmith's Holder x2 [shop 1,768,000/craft/exchange], Mithril Alloy x194 [shop 26,200/craft/exchange/quest], Synthetic Cokes x194 [shop 13,200/craft/exchange/quest], High Grade Suede x97 [shop 4,800/drop: L27 Grave Robber Lookout, L27 Ol Mahum Raider +105/craft/exchange/quest], Enria x97 [shop 24,000/drop: L45 Dimension Invader Berserker, L45 Dimension Invader Magus +211/exchange/quest], Durable Metal Plate x388 [shop 30,000/drop: L27 Grave Robber Lookout, L27 Kuran Kobold +126/craft/exchange/quest], Crystal: A-Grade x370 [shop 30,000/exchange], Gemstone A x74 [shop 60,000/exchange] || Drop: L70 Fafurion's Herald Lokness, L71 Immortal Savior Mardil, L74 Icicle Emperor Bumbalump, L79 Antharas, L79 Grazing Buffalo +13
PIECE	166	Heavy Mace	D	weapon	rhand	BLUNT	0	P.Atk 40 M.Atk 26	Exchange at mammblack 1b: Reinforced Bow x1 [drop: L27 Grave Robber Scout, L27 Turek Orc Archer +3/exchange] || Exchange at mammblack 1b: Branch of Life x1 [drop: L26 Monster Eye Destroyer, L26 Specter +1/exchange] || Exchange at mammblack 1b: Temptation of Abyss x1 [drop: L26 Monster Eye Destroyer, L26 Specter +1/craft/exchange]
PIECE	167	Scalpel	D	weapon	rhand	BLUNT	0	P.Atk 40 M.Atk 26	Exchange at mammblack 1b: Reinforced Bow x1 [drop: L27 Grave Robber Scout, L27 Turek Orc Archer +3/exchange] || Exchange at mammblack 1b: Branch of Life x1 [drop: L26 Monster Eye Destroyer, L26 Specter +1/exchange] || Exchange at mammblack 1b: Temptation of Abyss x1 [drop: L26 Monster Eye Destroyer, L26 Specter +1/craft/exchange] || Drop: L20 Zombie Lord Farakelsus, L25 Dead Pit Skeleton Archer, L25 Poison Araneid, L26 Sobbing Wind, L27 Vault Seer
PIECE	168	Work Hammer	D	weapon	rhand	BLUNT	0	P.Atk 40 M.Atk 26	Exchange at mammblack 1b: Reinforced Bow x1 [drop: L27 Grave Robber Scout, L27 Turek Orc Archer +3/exchange] || Exchange at mammblack 1b: Branch of Life x1 [drop: L26 Monster Eye Destroyer, L26 Specter +1/exchange] || Exchange at mammblack 1b: Temptation of Abyss x1 [drop: L26 Monster Eye Destroyer, L26 Specter +1/craft/exchange]
PIECE	169	Skull Breaker	D	weapon	rhand	BLUNT	0	P.Atk 79 M.Atk 47	Exchange at mammblack 1a: Spiked Club x1 [drop: L25 Ikuntai, L28 Partisan Leader Talakin +5/craft/exchange], Ancient Adena x519,600 || Exchange at mammblack 1b: Maingauche x1 [drop: L30 Boss Akata, L30 Turek Mercenary Captain +4/craft/exchange] || Exchange at mammblack 1b: Heavy Bone Club x1 [drop: L30 Apepi, L38 Cave Ant Soldier +6/craft/exchange] || Craft (lvl 3, 100%): Skull Breaker Head x7 [shop 39,514/drop: L30 Apepi, L38 Cave Ant Soldier +7], Steel x128 [shop 4,000/drop: L11 Balor Orc Lieutenant, L18 Tainted Zombie +147/craft/exchange/quest], Cokes x128 [shop 2,400/drop: L18 Red Eye Barbed Bat, L18 Undine Elder +120/craft/exchange/quest], High Grade Suede x64 [shop 4,800/drop: L27 Grave Robber Lookout, L27 Ol Mahum Raider +105/craft/exchange/quest], Crystal: D-Grade x430 [shop 1,300/exchange], Gemstone D x139 [shop 2,000] || Drop: L30 Apepi, L38 Cave Ant Soldier, L38 Ogre, L39 Farhite, L39 Gigant Raider +3
PIECE	171	Deadman's Glory	B	weapon	rhand	BLUNT	0	P.Atk 194 M.Atk 99	Exchange at mammblack 1: Deadman's Glory - Anger x1 [exchange] || Exchange at mammblack 1: Deadman's Glory - Health x1 [exchange] || Exchange at mammblack 1: Deadman's Glory - Haste x1 [exchange] || Craft (lvl 7, 60%): Recipe: Deadman's Glory (60%) x1 [shop 524,000/drop: L60 Bloody Lady], Deadman's Glory Stone x13 [shop 91,538/drop: L59 Soulless Wild Boar, L60 Ice Fairy Sirra +15], Mithril Alloy x120 [shop 26,200/craft/exchange/quest], Synthetic Cokes x120 [shop 13,200/craft/exchange/quest], High Grade Suede x60 [shop 4,800/drop: L27 Grave Robber Lookout, L27 Ol Mahum Raider +105/craft/exchange/quest], Enria x60 [shop 24,000/drop: L45 Dimension Invader Berserker, L45 Dimension Invader Magus +211/exchange/quest], Crystal: B-Grade x165 [shop 18,000/exchange], Gemstone B x98 [shop 20,000] || Craft (lvl 7, 100%): Recipe: Deadman's Glory x1 [shop 524,000/drop: L58 Hamrut, L59 Beast Guardian], Deadman's Glory Stone x13 [shop 91,538/drop: L59 Soulless Wild Boar, L60 Ice Fairy Sirra +15], Maestro Holder x3 [shop 822,000/craft], Mithril Alloy x172 [shop 26,200/craft/exchange/quest], Synthetic Cokes x172 [shop 13,200/craft/exchange/quest], High Grade Suede x86 [shop 4,800/drop: L27 Grave Robber Lookout, L27 Ol Mahum Raider +105/craft/exchange/quest], Enria x86 [shop 24,000/drop: L45 Dimension Invader Berserker, L45 Dimension Invader Magus +211/exchange/quest], Crystal: B-Grade x339 [shop 18,000/exchange], Gemstone B x98 [shop 20,000] || Drop: L59 Soulless Wild Boar, L60 Ice Fairy Sirra, L62 Page of Pilgrim, L63 Corrupted Knight, L64 Barif +7
PIECE	172	Heavy Bone Club	D	weapon	rhand	BLUNT	0	P.Atk 79 M.Atk 47	Exchange at mammblack 1a: Spiked Club x1 [drop: L25 Ikuntai, L28 Partisan Leader Talakin +5/craft/exchange], Ancient Adena x519,600 || Exchange at mammblack 1b: Maingauche x1 [drop: L30 Boss Akata, L30 Turek Mercenary Captain +4/craft/exchange] || Exchange at mammblack 1b: Skull Breaker x1 [drop: L30 Apepi, L38 Cave Ant Soldier +6/craft/exchange] || Craft (lvl 3, 100%): Heavy Bone Club Head x7 [shop 39,514/drop: L30 Apepi, L38 Cave Ant Soldier +7], Steel x128 [shop 4,000/drop: L11 Balor Orc Lieutenant, L18 Tainted Zombie +147/craft/exchange/quest], Cokes x128 [shop 2,400/drop: L18 Red Eye Barbed Bat, L18 Undine Elder +120/craft/exchange/quest], High Grade Suede x64 [shop 4,800/drop: L27 Grave Robber Lookout, L27 Ol Mahum Raider +105/craft/exchange/quest], Crystal: D-Grade x430 [shop 1,300/exchange], Gemstone D x139 [shop 2,000] || Drop: L30 Apepi, L38 Cave Ant Soldier, L38 Ogre, L39 Farhite, L39 Gigant Raider +3
PIECE	173	Skull Graver	C	weapon	rhand	BLUNT	0	P.Atk 107 M.Atk 61	Exchange at mammblack 1: Skull Graver - Anger x1 [exchange] || Exchange at mammblack 1: Skull Graver - Health x1 [exchange] || Exchange at mammblack 1: Skull Graver - Rsk. Focus x1 [exchange] || Craft (lvl 4, 100%): Skull Graver Head x8 [shop 51,750/drop: L40 Water Spirit Lian, L40 Wizard of Storm Teruk +4], Mithril Alloy x30 [shop 26,200/craft/exchange/quest], Synthetic Cokes x30 [shop 13,200/craft/exchange/quest], High Grade Suede x15 [shop 4,800/drop: L27 Grave Robber Lookout, L27 Ol Mahum Raider +105/craft/exchange/quest], Metal Hardener x60 [shop 10,000/drop: L15 Obsidian Golem, L16 Dark Terror +107/craft/exchange/quest], Crystal: D-Grade x700 [shop 1,300/exchange], Gemstone C x81 [shop 6,000] || Drop: L40 Water Spirit Lian, L40 Wizard of Storm Teruk, L44 Timak Orc Shaman, L45 Formor, L46 Forest of Mirrors Ghost
PIECE	174	Nirvana Axe	C	weapon	rhand	BLUNT	0	P.Atk 111 M.Atk 101	Exchange at mammblack 1: Nirvana Axe - M. Atk. x1 [exchange] || Exchange at mammblack 1: Nirvana Axe - Magic Poison x1 [exchange] || Exchange at mammblack 1: Nirvana Axe - Magic Weakness x1 [exchange] || Craft (lvl 5, 100%): Nirvana Axe Blade x10 [shop 74,680/drop: L44 Dread Avenger Kraven, L45 Archon Suscepter +8], Mithril Alloy x54 [shop 26,200/craft/exchange/quest], Synthetic Cokes x54 [shop 13,200/craft/exchange/quest], High Grade Suede x27 [shop 4,800/drop: L27 Grave Robber Lookout, L27 Ol Mahum Raider +105/craft/exchange/quest], Metal Hardener x108 [shop 10,000/drop: L15 Obsidian Golem, L16 Dark Terror +107/craft/exchange/quest], Crystal: C-Grade x300 [shop 6,000/exchange], Gemstone C x166 [shop 6,000] || Drop: L44 Dread Avenger Kraven, L45 Archon Suscepter, L50 Core, L50 Purgatory Invader Elite Soldier, L50 Ragna Orc Sorcerer +4
PIECE	175	Art of Battle Axe	B	weapon	rhand	BLUNT	0	P.Atk 194 M.Atk 99	Exchange at mammblack 1: Art of Battle Axe - Health x1 [exchange] || Exchange at mammblack 1: Art of Battle Axe - Rsk. Focus x1 [exchange] || Exchange at mammblack 1: Art of Battle Axe - Haste x1 [exchange] || Craft (lvl 7, 60%): Recipe: Art of Battle Axe (60%) x1 [shop 524,000/drop: L57 Fallen Orc Archer, L57 Lilim Marauder +1], Art of Battle Axe Blade x13 [shop 91,538/drop: L59 Soulless Wild Boar, L60 Ice Fairy Sirra +14], Mithril Alloy x120 [shop 26,200/craft/exchange/quest], Synthetic Cokes x120 [shop 13,200/craft/exchange/quest], High Grade Suede x60 [shop 4,800/drop: L27 Grave Robber Lookout, L27 Ol Mahum Raider +105/craft/exchange/quest], Enria x60 [shop 24,000/drop: L45 Dimension Invader Berserker, L45 Dimension Invader Magus +211/exchange/quest], Crystal: B-Grade x165 [shop 18,000/exchange], Gemstone B x98 [shop 20,000] || Craft (lvl 7, 100%): Recipe: Art of Battle Axe x1 [shop 524,000/drop: L59 Kranrot, L60 Beast Lord +1], Art of Battle Axe Blade x13 [shop 91,538/drop: L59 Soulless Wild Boar, L60 Ice Fairy Sirra +14], Maestro Holder x3 [shop 822,000/craft], Mithril Alloy x172 [shop 26,200/craft/exchange/quest], Synthetic Cokes x172 [shop 13,200/craft/exchange/quest], High Grade Suede x86 [shop 4,800/drop: L27 Grave Robber Lookout, L27 Ol Mahum Raider +105/craft/exchange/quest], Enria x86 [shop 24,000/drop: L45 Dimension Invader Berserker, L45 Dimension Invader Magus +211/exchange/quest], Crystal: B-Grade x339 [shop 18,000/exchange], Gemstone B x98 [shop 20,000] || Drop: L59 Soulless Wild Boar, L60 Ice Fairy Sirra, L62 Page of Pilgrim, L63 Corrupted Knight, L64 Barif +7
PIECE	176	Apprentice's Staff	NG	weapon	lrhand	BLUNT	0	P.Atk 23 M.Atk 24	Exchange at Ariel, Arodin, Creamees, Damion, Garita, Iria, Jackson, Jakal, Kunai, Lector, Minaless, Mion, Nestle, Payne, Reep, Shari, Silvia, Simplon, Sydnia, Unoren, Uska, Varan: Cedar Staff x1 [drop: L11 Kaboo Orc Fighter Lieutenant, L12 Dungeon Skeleton +6/craft/exchange], Adena x90,090 || Drop: L16 Langk Lizardman Scout, L16 Stone Guardian, L17 Akaste Bone Warlord, L19 Pitchstone Golem, L19 Ratman Warrior +3
PIECE	177	Mage Staff	NG	weapon	lrhand	BLUNT	0	P.Atk 30 M.Atk 31	Exchange at Ariel, Arodin, Creamees, Damion, Garita, Iria, Jackson, Jakal, Kunai, Lector, Minaless, Mion, Nestle, Payne, Reep, Shari, Silvia, Simplon, Sydnia, Unoren, Uska, Varan: Apprentice's Staff x1 [drop: L16 Langk Lizardman Scout, L16 Stone Guardian +6/exchange], Adena x118,800 || Exchange at Ariel, Arodin, Creamees, Damion, Garita, Iria, Jackson, Jakal, Kunai, Lector, Minaless, Mion, Nestle, Payne, Reep, Shari, Silvia, Simplon, Sydnia, Unoren, Uska, Varan: Tears of Eva x1 [drop: L17 Scarlet Salamander, L18 Red Eye Barbed Bat +3], Adena x118,800 || Exchange at Ariel, Arodin, Creamees, Damion, Garita, Iria, Jackson, Jakal, Kunai, Lector, Minaless, Mion, Nestle, Payne, Reep, Shari, Silvia, Simplon, Sydnia, Unoren, Uska, Varan: Relic of the Saints x1 [drop: L17 Scarlet Salamander, L18 Red Eye Barbed Bat +3/exchange], Adena x118,800 || Drop: L21 Dre Vanul Scout, L22 Kasha Imp Turen, L22 Raging Spartoi, L23 Veelan Bugbear
PIECE	178	Bone Staff	D	weapon	lrhand	BLUNT	0	P.Atk 39 M.Atk 39	Exchange at mammblack 1b: Reinforced Bow x1 [drop: L27 Grave Robber Scout, L27 Turek Orc Archer +3/exchange] || Exchange at mammblack 1b: Branch of Life x1 [drop: L26 Monster Eye Destroyer, L26 Specter +1/exchange] || Exchange at mammblack 1b: Temptation of Abyss x1 [drop: L26 Monster Eye Destroyer, L26 Specter +1/craft/exchange] || Drop: L20 Zombie Lord Farakelsus, L25 Dead Pit Skeleton Archer, L25 Poison Araneid, L26 Sobbing Wind, L27 Vault Seer
PIECE	179	Mace of Prayer	D	weapon	rhand	BLUNT	0	P.Atk 41 M.Atk 43	Exchange at mammblack 1a: Hand Axe x1 [drop: L20 Zombie Lord Farakelsus, L25 Dead Pit Skeleton Archer +3/exchange], Ancient Adena x282,000 || Exchange at mammblack 1a: Heavy Mace x1 [exchange], Ancient Adena x282,000 || Exchange at mammblack 1a: Scalpel x1 [drop: L20 Zombie Lord Farakelsus, L25 Dead Pit Skeleton Archer +3/exchange], Ancient Adena x282,000 || Drop: L23 Tracker Leader Sharuk, L29 Marsh Stakato, L30 Ol Mahum Captain, L31 Turak Bugbear, L32 Barrow Monk +1
PIECE	180	Mace of Judgment	D	weapon	rhand	BLUNT	0	P.Atk 41 M.Atk 43	Exchange at mammblack 1a: Hand Axe x1 [drop: L20 Zombie Lord Farakelsus, L25 Dead Pit Skeleton Archer +3/exchange], Ancient Adena x282,000 || Exchange at mammblack 1a: Heavy Mace x1 [exchange], Ancient Adena x282,000 || Exchange at mammblack 1a: Scalpel x1 [drop: L20 Zombie Lord Farakelsus, L25 Dead Pit Skeleton Archer +3/exchange], Ancient Adena x282,000 || Craft (lvl 2, 100%): Mace of Judgment Head x5 [shop 25,680/drop: L23 Tracker Leader Sharuk, L29 Ghost of a Soldier +7], Steel x60 [shop 4,000/drop: L11 Balor Orc Lieutenant, L18 Tainted Zombie +147/craft/exchange/quest], Cokes x60 [shop 2,400/drop: L18 Red Eye Barbed Bat, L18 Undine Elder +120/craft/exchange/quest], High Grade Suede x30 [shop 4,800/drop: L27 Grave Robber Lookout, L27 Ol Mahum Raider +105/craft/exchange/quest], Crystal: D-Grade x200 [shop 1,300/exchange], Gemstone D x57 [shop 2,000] || Drop: L23 Tracker Leader Sharuk, L29 Marsh Stakato, L30 Ol Mahum Captain, L31 Turak Bugbear, L32 Barrow Monk +1
PIECE	181	Mace of Miracle	D	weapon	rhand	BLUNT	0	P.Atk 41 M.Atk 43	Exchange at mammblack 1a: Hand Axe x1 [drop: L20 Zombie Lord Farakelsus, L25 Dead Pit Skeleton Archer +3/exchange], Ancient Adena x282,000 || Exchange at mammblack 1a: Heavy Mace x1 [exchange], Ancient Adena x282,000 || Exchange at mammblack 1a: Scalpel x1 [drop: L20 Zombie Lord Farakelsus, L25 Dead Pit Skeleton Archer +3/exchange], Ancient Adena x282,000 || Drop: L23 Tracker Leader Sharuk, L29 Marsh Stakato, L30 Ol Mahum Captain, L31 Turak Bugbear, L32 Barrow Monk +1
PIECE	182	Doom Hammer	D	weapon	rhand	BLUNT	0	P.Atk 41 M.Atk 43	Exchange at mammblack 1a: Hand Axe x1 [drop: L20 Zombie Lord Farakelsus, L25 Dead Pit Skeleton Archer +3/exchange], Ancient Adena x282,000 || Exchange at mammblack 1a: Heavy Mace x1 [exchange], Ancient Adena x282,000 || Exchange at mammblack 1a: Scalpel x1 [drop: L20 Zombie Lord Farakelsus, L25 Dead Pit Skeleton Archer +3/exchange], Ancient Adena x282,000 || Drop: L23 Tracker Leader Sharuk, L29 Marsh Stakato, L30 Ol Mahum Captain, L31 Turak Bugbear, L32 Barrow Monk +1
PIECE	183	Mystic Staff	D	weapon	lrhand	BLUNT	0	P.Atk 50 M.Atk 47	Exchange at mammblack 1a: Bone Staff x1 [drop: L20 Zombie Lord Farakelsus, L25 Dead Pit Skeleton Archer +3/exchange], Ancient Adena x282,000 || Exchange at mammblack 1b: Spinebone Sword x1 [drop: L23 Greyclaw Kutus, L30 Bandit Sweeper +4/craft/exchange] || Exchange at mammblack 1b: Conjuror's Staff x1 [drop: L23 Tracker Leader Sharuk, L29 Marsh Stakato +4/craft/exchange] || Drop: L23 Tracker Leader Sharuk, L29 Marsh Stakato, L30 Ol Mahum Captain, L31 Turak Bugbear, L32 Barrow Monk +1
PIECE	184	Conjuror's Staff	D	weapon	lrhand	BLUNT	0	P.Atk 50 M.Atk 47	Exchange at mammblack 1a: Bone Staff x1 [drop: L20 Zombie Lord Farakelsus, L25 Dead Pit Skeleton Archer +3/exchange], Ancient Adena x282,000 || Exchange at mammblack 1b: Spinebone Sword x1 [drop: L23 Greyclaw Kutus, L30 Bandit Sweeper +4/craft/exchange] || Exchange at mammblack 1b: Mystic Staff x1 [drop: L23 Tracker Leader Sharuk, L29 Marsh Stakato +4/exchange] || Craft (lvl 2, 100%): Conjuror's Staff Head x5 [shop 32,280/drop: L23 Tracker Leader Sharuk, L29 Ghost of a Soldier +7], Steel x45 [shop 4,000/drop: L11 Balor Orc Lieutenant, L18 Tainted Zombie +147/craft/exchange/quest], Coarse Bone Powder x90 [shop 3,000/drop: L18 Boogle Ratman Leader, L19 Lirein Elder +159/craft/exchange/quest], Braided Hemp x45 [shop 1,000/drop: L18 Lirein, L18 Salamander Elder +111/craft/exchange/quest], Crystal: D-Grade x200 [shop 1,300/exchange], Gemstone D x57 [shop 2,000] || Drop: L23 Tracker Leader Sharuk, L29 Marsh Stakato, L30 Ol Mahum Captain, L31 Turak Bugbear, L32 Barrow Monk +1
PIECE	185	Staff of Mana	D	weapon	lrhand	BLUNT	0	P.Atk 50 M.Atk 47	Exchange at mammblack 1a: Bone Staff x1 [drop: L20 Zombie Lord Farakelsus, L25 Dead Pit Skeleton Archer +3/exchange], Ancient Adena x282,000 || Exchange at mammblack 1b: Spinebone Sword x1 [drop: L23 Greyclaw Kutus, L30 Bandit Sweeper +4/craft/exchange] || Exchange at mammblack 1b: Mystic Staff x1 [drop: L23 Tracker Leader Sharuk, L29 Marsh Stakato +4/exchange] || Drop: L23 Tracker Leader Sharuk, L29 Marsh Stakato, L30 Ol Mahum Captain, L31 Turak Bugbear, L32 Barrow Monk +1
PIECE	186	Staff of Magic	D	weapon	lrhand	BLUNT	0	P.Atk 62 M.Atk 57	Exchange at mammblack 1a: Mystic Staff x1 [drop: L23 Tracker Leader Sharuk, L29 Marsh Stakato +4/exchange], Ancient Adena x387,600 || Exchange at mammblack 1a: Conjuror's Staff x1 [drop: L23 Tracker Leader Sharuk, L29 Marsh Stakato +4/craft/exchange], Ancient Adena x387,600 || Exchange at mammblack 1a: Staff of Mana x1 [drop: L23 Tracker Leader Sharuk, L29 Marsh Stakato +4/exchange], Ancient Adena x387,600 || Drop: L25 Ikuntai, L28 Partisan Leader Talakin, L33 Rowin Undine, L34 Bandit Undertaker, L34 Breka Orc Shaman +2
PIECE	187	Atuba Hammer	D	weapon	lrhand	BLUNT	0	P.Atk 90 M.Atk 79	Exchange at mammblack 1a: Goat Head Staff x1 [drop: L30 Apepi, L38 Cave Ant Soldier +6/craft/exchange], Ancient Adena x480,000 || Exchange at mammblack 1a: Titan Hammer x1 [craft/exchange], Ancient Adena x480,000 || Exchange at mammblack 1b: Ancient Reagent x1 [craft/exchange] || Craft (lvl 4, 100%): Atuba Hammer Head x8 [shop 48,376/drop: L34 Breka Warlock Pastu, L35 Guilotine, Warden of the Execution Grounds +5], Steel x220 [shop 4,000/drop: L11 Balor Orc Lieutenant, L18 Tainted Zombie +147/craft/exchange/quest], Cokes x110 [shop 2,400/drop: L18 Red Eye Barbed Bat, L18 Undine Elder +120/craft/exchange/quest], High Grade Suede x55 [shop 4,800/drop: L27 Grave Robber Lookout, L27 Ol Mahum Raider +105/craft/exchange/quest], Crystal: D-Grade x550 [shop 1,300/exchange], Gemstone D x185 [shop 2,000] || Drop: L34 Breka Warlock Pastu, L35 Guilotine, Warden of the Execution Grounds, L40 Nakondas, L41 Timak Orc Troop Archer, L42 Dailaon Lad +2
PIECE	188	Ghost Staff	D	weapon	lrhand	BLUNT	0	P.Atk 90 M.Atk 79	Exchange at mammblack 1a: Goat Head Staff x1 [drop: L30 Apepi, L38 Cave Ant Soldier +6/craft/exchange], Ancient Adena x480,000 || Exchange at mammblack 1a: Titan Hammer x1 [craft/exchange], Ancient Adena x480,000 || Exchange at mammblack 1b: Ancient Reagent x1 [craft/exchange] || Craft (lvl 4, 100%): Ghost Staff Head x8 [shop 45,624/drop: L34 Breka Warlock Pastu, L35 Guilotine, Warden of the Execution Grounds +5], Steel x130 [shop 4,000/drop: L11 Balor Orc Lieutenant, L18 Tainted Zombie +147/craft/exchange/quest], Coarse Bone Powder x260 [shop 3,000/drop: L18 Boogle Ratman Leader, L19 Lirein Elder +159/craft/exchange/quest], Braided Hemp x130 [shop 1,000/drop: L18 Lirein, L18 Salamander Elder +111/craft/exchange/quest], Crystal: D-Grade x550 [shop 1,300/exchange], Gemstone D x185 [shop 2,000] || Drop: L34 Breka Warlock Pastu, L35 Guilotine, Warden of the Execution Grounds, L40 Nakondas, L40 Queen Ant, L41 Timak Orc Troop Archer +3 || Quest: UnderTheShadowOfTheIvoryTower
PIECE	189	Staff of Life	D	weapon	rhand	BLUNT	0	P.Atk 74 M.Atk 72	Exchange at mammblack 1a: Morning Star x1 [drop: L30 Apepi, L38 Cave Ant Soldier +6/craft/exchange], Ancient Adena x480,000 || Exchange at mammblack 1a: Tarbar x1 [drop: L30 Apepi, L38 Cave Ant Soldier +6/craft/exchange], Ancient Adena x480,000 || Exchange at mammblack 1a: Skull Breaker x1 [drop: L30 Apepi, L38 Cave Ant Soldier +6/craft/exchange], Ancient Adena x480,000 || Craft (lvl 4, 100%): Staff of Life Shaft x8 [shop 45,624/drop: L34 Breka Warlock Pastu, L35 Guilotine, Warden of the Execution Grounds +5], Steel x130 [shop 4,000/drop: L11 Balor Orc Lieutenant, L18 Tainted Zombie +147/craft/exchange/quest], Coarse Bone Powder x260 [shop 3,000/drop: L18 Boogle Ratman Leader, L19 Lirein Elder +159/craft/exchange/quest], Braided Hemp x130 [shop 1,000/drop: L18 Lirein, L18 Salamander Elder +111/craft/exchange/quest], Crystal: D-Grade x550 [shop 1,300/exchange], Gemstone D x185 [shop 2,000] || Drop: L34 Breka Warlock Pastu, L35 Guilotine, Warden of the Execution Grounds, L40 Nakondas, L40 Queen Ant, L41 Timak Orc Troop Archer +3
PIECE	190	Atuba Mace	D	weapon	lrhand	BLUNT	0	P.Atk 90 M.Atk 79	Exchange at mammblack 1a: Goat Head Staff x1 [drop: L30 Apepi, L38 Cave Ant Soldier +6/craft/exchange], Ancient Adena x480,000 || Exchange at mammblack 1a: Titan Hammer x1 [craft/exchange], Ancient Adena x480,000 || Exchange at mammblack 1b: Ancient Reagent x1 [craft/exchange] || Craft (lvl 4, 100%): Atuba Mace Head x8 [shop 48,376/drop: L34 Breka Warlock Pastu, L35 Guilotine, Warden of the Execution Grounds +5], Steel x220 [shop 4,000/drop: L11 Balor Orc Lieutenant, L18 Tainted Zombie +147/craft/exchange/quest], Cokes x110 [shop 2,400/drop: L18 Red Eye Barbed Bat, L18 Undine Elder +120/craft/exchange/quest], High Grade Suede x55 [shop 4,800/drop: L27 Grave Robber Lookout, L27 Ol Mahum Raider +105/craft/exchange/quest], Crystal: D-Grade x550 [shop 1,300/exchange], Gemstone D x185 [shop 2,000] || Drop: L34 Breka Warlock Pastu, L35 Guilotine, Warden of the Execution Grounds, L40 Nakondas, L41 Timak Orc Troop Archer, L42 Dailaon Lad +2
PIECE	191	Heavy Doom Hammer	C	weapon	lrhand	BLUNT	0	P.Atk 103 M.Atk 89	Exchange at mammblack 1: Heavy Doom Hammer - Magic Regeneration x1 [exchange] || Exchange at mammblack 1: Heavy Doom Hammer - Mental Shield x1 [exchange] || Exchange at mammblack 1: Heavy Doom Hammer - Magic Hold x1 [exchange] || Craft (lvl 4, 100%): Heavy Doom Hammer Head x8 [shop 51,000/drop: L40 Water Spirit Lian, L40 Wizard of Storm Teruk +4], Mithril Alloy x40 [shop 26,200/craft/exchange/quest], Synthetic Cokes x20 [shop 13,200/craft/exchange/quest], High Grade Suede x10 [shop 4,800/drop: L27 Grave Robber Lookout, L27 Ol Mahum Raider +105/craft/exchange/quest], Metal Hardener x50 [shop 10,000/drop: L15 Obsidian Golem, L16 Dark Terror +107/craft/exchange/quest], Crystal: D-Grade x700 [shop 1,300/exchange], Gemstone C x81 [shop 6,000] || Drop: L40 Water Spirit Lian, L40 Wizard of Storm Teruk, L44 Timak Orc Shaman, L45 Formor, L46 Forest of Mirrors Ghost || Quest: 1000YearsTheEndOfLamentation
PIECE	192	Crystal Staff	C	weapon	lrhand	BLUNT	0	P.Atk 103 M.Atk 89	Exchange at mammblack 1: Crystal Staff - Rsk. Evasion x1 [exchange] || Exchange at mammblack 1: Crystal Staff - Mana Up x1 [exchange] || Exchange at mammblack 1: Crystal Staff - Blessed Body x1 [exchange] || Craft (lvl 4, 100%): Crystal Staff Head x8 [shop 55,500/drop: L40 Water Spirit Lian, L40 Wizard of Storm Teruk +4], Oriharukon x20 [shop 49,200/craft/exchange/quest], Coarse Bone Powder x40 [shop 3,000/drop: L18 Boogle Ratman Leader, L19 Lirein Elder +159/craft/exchange/quest], Compound Braid x20 [shop 6,000/drop: L27 Gigant Overseer, L27 Grave Robber Scout +145/craft/exchange/quest], Metal Hardener x60 [shop 10,000/drop: L15 Obsidian Golem, L16 Dark Terror +107/craft/exchange/quest], Crystal: D-Grade x700 [shop 1,300/exchange], Gemstone C x81 [shop 6,000] || Drop: L40 Water Spirit Lian, L40 Wizard of Storm Teruk, L44 Timak Orc Shaman, L45 Formor, L46 Forest of Mirrors Ghost
PIECE	193	Stick of Faith	C	weapon	rhand	BLUNT	0	P.Atk 85 M.Atk 81	Exchange at mammblack 1: Stick of Faith - Mana Up x1 [exchange] || Exchange at mammblack 1: Stick of Faith - Magic Hold x1 [exchange] || Exchange at mammblack 1: Stick of Faith - Magic Shield x1 [exchange] || Craft (lvl 4, 100%): Stick of Faith Shaft x8 [shop 55,500/drop: L40 Water Spirit Lian, L40 Wizard of Storm Teruk +4], Oriharukon x20 [shop 49,200/craft/exchange/quest], Coarse Bone Powder x40 [shop 3,000/drop: L18 Boogle Ratman Leader, L19 Lirein Elder +159/craft/exchange/quest], Compound Braid x20 [shop 6,000/drop: L27 Gigant Overseer, L27 Grave Robber Scout +145/craft/exchange/quest], Metal Hardener x60 [shop 10,000/drop: L15 Obsidian Golem, L16 Dark Terror +107/craft/exchange/quest], Crystal: D-Grade x700 [shop 1,300/exchange], Gemstone C x81 [shop 6,000] || Drop: L40 Water Spirit Lian, L40 Wizard of Storm Teruk, L44 Timak Orc Shaman, L45 Formor, L46 Forest of Mirrors Ghost
PIECE	194	Heavy Doom Axe	C	weapon	lrhand	BLUNT	0	P.Atk 103 M.Atk 89	Exchange at mammblack 1: Heavy Doom Axe - Magic Poison x1 [exchange] || Exchange at mammblack 1: Heavy Doom Axe - Magic Weakness x1 [exchange] || Exchange at mammblack 1: Heavy Doom Axe - Magic Chaos x1 [exchange] || Craft (lvl 4, 100%): Heavy Doom Axe Blade x8 [shop 51,000/drop: L40 Water Spirit Lian, L40 Wizard of Storm Teruk +3], Mithril Alloy x40 [shop 26,200/craft/exchange/quest], Synthetic Cokes x20 [shop 13,200/craft/exchange/quest], High Grade Suede x10 [shop 4,800/drop: L27 Grave Robber Lookout, L27 Ol Mahum Raider +105/craft/exchange/quest], Metal Hardener x50 [shop 10,000/drop: L15 Obsidian Golem, L16 Dark Terror +107/craft/exchange/quest], Crystal: D-Grade x700 [shop 1,300/exchange], Gemstone C x81 [shop 6,000] || Drop: L40 Water Spirit Lian, L40 Wizard of Storm Teruk, L44 Timak Orc Shaman, L45 Formor, L46 Forest of Mirrors Ghost
PIECE	195	Cursed Staff	C	weapon	lrhand	BLUNT	0	P.Atk 119 M.Atk 100	Exchange at mammblack 1: Cursed Staff - Magic Hold x1 [exchange] || Exchange at mammblack 1: Cursed Staff - Magic Poison x1 [exchange] || Exchange at mammblack 1: Cursed Staff - Magic Weakness x1 [exchange] || Craft (lvl 5, 100%): Cursed Staff Head x9 [shop 56,756/drop: L48 Satyr, L49 Soldier of Darkness +1], Oriharukon x26 [shop 49,200/craft/exchange/quest], Coarse Bone Powder x52 [shop 3,000/drop: L18 Boogle Ratman Leader, L19 Lirein Elder +159/craft/exchange/quest], Compound Braid x26 [shop 6,000/drop: L27 Gigant Overseer, L27 Grave Robber Scout +145/craft/exchange/quest], Metal Hardener x78 [shop 10,000/drop: L15 Obsidian Golem, L16 Dark Terror +107/craft/exchange/quest], Crystal: C-Grade x180 [shop 6,000/exchange], Gemstone C x105 [shop 6,000] || Drop: L48 Satyr, L49 Soldier of Darkness, L49 Vanor Silenos Shaman
PIECE	196	Stick of Eternity	C	weapon	rhand	BLUNT	0	P.Atk 111 M.Atk 101	Exchange at mammblack 1: Stick of Eternity - Empower x1 [exchange] || Exchange at mammblack 1: Stick of Eternity - Rsk. Evasion x1 [exchange] || Exchange at mammblack 1: Stick of Eternity - Blessed Body x1 [exchange] || Craft (lvl 5, 100%): Stick of Eternity Shaft x10 [shop 70,960/drop: L44 Dread Avenger Kraven, L45 Archon Suscepter +6], Oriharukon x37 [shop 49,200/craft/exchange/quest], Coarse Bone Powder x74 [shop 3,000/drop: L18 Boogle Ratman Leader, L19 Lirein Elder +159/craft/exchange/quest], Compound Braid x37 [shop 6,000/drop: L27 Gigant Overseer, L27 Grave Robber Scout +145/craft/exchange/quest], Metal Hardener x111 [shop 10,000/drop: L15 Obsidian Golem, L16 Dark Terror +107/craft/exchange/quest], Crystal: C-Grade x300 [shop 6,000/exchange], Gemstone C x166 [shop 6,000] || Drop: L44 Dread Avenger Kraven, L45 Archon Suscepter, L50 Purgatory Invader Elite Soldier, L50 Ragna Orc Sorcerer, L51 Kaim Vanul Lad +3
PIECE	197	Paradia Staff	C	weapon	lrhand	BLUNT	0	P.Atk 135 M.Atk 111	Exchange at mammblack 1: Paradia Staff - Magic Regeneration x1 [exchange] || Exchange at mammblack 1: Paradia Staff - Mental Shield x1 [exchange] || Exchange at mammblack 1: Paradia Staff - Magic Hold x1 [exchange] || Craft (lvl 5, 100%): Paradia Staff Head x10 [shop 70,960/drop: L44 Dread Avenger Kraven, L45 Archon Suscepter +9], Oriharukon x37 [shop 49,200/craft/exchange/quest], Coarse Bone Powder x74 [shop 3,000/drop: L18 Boogle Ratman Leader, L19 Lirein Elder +159/craft/exchange/quest], Compound Braid x37 [shop 6,000/drop: L27 Gigant Overseer, L27 Grave Robber Scout +145/craft/exchange/quest], Metal Hardener x111 [shop 10,000/drop: L15 Obsidian Golem, L16 Dark Terror +107/craft/exchange/quest], Crystal: C-Grade x300 [shop 6,000/exchange], Gemstone C x166 [shop 6,000] || Drop: L44 Dread Avenger Kraven, L45 Archon Suscepter, L50 Purgatory Invader Elite Soldier, L50 Ragna Orc Sorcerer, L51 Kaim Vanul Lad +3
PIECE	198	Inferno Staff	C	weapon	lrhand	BLUNT	0	P.Atk 135 M.Atk 111	Exchange at mammblack 1: Inferno Staff - Acumen x1 [exchange] || Exchange at mammblack 1: Inferno Staff - Magic Silence x1 [exchange] || Exchange at mammblack 1: Inferno Staff - Magic Paralyze x1 [exchange] || Craft (lvl 5, 100%): Inferno Staff Head x10 [?], Oriharukon x37 [shop 49,200/craft/exchange/quest], Coarse Bone Powder x74 [shop 3,000/drop: L18 Boogle Ratman Leader, L19 Lirein Elder +159/craft/exchange/quest], Compound Braid x37 [shop 6,000/drop: L27 Gigant Overseer, L27 Grave Robber Scout +145/craft/exchange/quest], Metal Hardener x111 [shop 10,000/drop: L15 Obsidian Golem, L16 Dark Terror +107/craft/exchange/quest], Crystal: C-Grade x300 [shop 6,000/exchange], Gemstone C x166 [shop 6,000]
PIECE	199	Pa'agrian Hammer	C	weapon	lrhand	BLUNT	0	P.Atk 135 M.Atk 111	Exchange at mammblack 1: Pa'agrian Hammer - Rsk. Evasion x1 [exchange] || Exchange at mammblack 1: Pa'agrian Hammer - Magic Poison x1 [exchange] || Exchange at mammblack 1: Pa'agrian Hammer - Magic Weakness x1 [exchange] || Craft (lvl 5, 100%): Pa'agrian Hammer Head x10 [shop 73,600/drop: L44 Dread Avenger Kraven, L45 Archon Suscepter +6], Mithril Alloy x72 [shop 26,200/craft/exchange/quest], Synthetic Cokes x36 [shop 13,200/craft/exchange/quest], High Grade Suede x18 [shop 4,800/drop: L27 Grave Robber Lookout, L27 Ol Mahum Raider +105/craft/exchange/quest], Metal Hardener x90 [shop 10,000/drop: L15 Obsidian Golem, L16 Dark Terror +107/craft/exchange/quest], Crystal: C-Grade x300 [shop 6,000/exchange], Gemstone C x166 [shop 6,000] || Drop: L44 Dread Avenger Kraven, L45 Archon Suscepter, L50 Orfen, L50 Purgatory Invader Elite Soldier, L50 Ragna Orc Sorcerer +4
PIECE	200	Sage's Staff	C	weapon	lrhand	BLUNT	0	P.Atk 135 M.Atk 111	Exchange at mammblack 1: Sage's Staff - Magic Hold x1 [exchange] || Exchange at mammblack 1: Sage's Staff - Magic Poison x1 [exchange] || Exchange at mammblack 1: Sage's Staff - Magic Weakness x1 [exchange] || Craft (lvl 5, 100%): Sage's Staff Head x10 [shop 70,960/drop: L44 Dread Avenger Kraven, L45 Archon Suscepter +7], Oriharukon x37 [shop 49,200/craft/exchange/quest], Coarse Bone Powder x74 [shop 3,000/drop: L18 Boogle Ratman Leader, L19 Lirein Elder +159/craft/exchange/quest], Compound Braid x37 [shop 6,000/drop: L27 Gigant Overseer, L27 Grave Robber Scout +145/craft/exchange/quest], Metal Hardener x111 [shop 10,000/drop: L15 Obsidian Golem, L16 Dark Terror +107/craft/exchange/quest], Crystal: C-Grade x300 [shop 6,000/exchange], Gemstone C x166 [shop 6,000] || Drop: L44 Dread Avenger Kraven, L45 Archon Suscepter, L50 Core, L50 Purgatory Invader Elite Soldier, L50 Ragna Orc Sorcerer +4
PIECE	201	Club of Nature	C	weapon	rhand	BLUNT	0	P.Atk 111 M.Atk 101	Exchange at mammblack 1: Club of Nature - Acumen x1 [exchange] || Exchange at mammblack 1: Club of Nature - Mental Shield x1 [exchange] || Exchange at mammblack 1: Club of Nature - Magic Hold x1 [exchange] || Craft (lvl 5, 100%): Club of Nature Head x10 [shop 70,960/drop: L44 Dread Avenger Kraven, L45 Archon Suscepter +6], Oriharukon x37 [shop 49,200/craft/exchange/quest], Coarse Bone Powder x74 [shop 3,000/drop: L18 Boogle Ratman Leader, L19 Lirein Elder +159/craft/exchange/quest], Compound Braid x37 [shop 6,000/drop: L27 Gigant Overseer, L27 Grave Robber Scout +145/craft/exchange/quest], Metal Hardener x111 [shop 10,000/drop: L15 Obsidian Golem, L16 Dark Terror +107/craft/exchange/quest], Crystal: C-Grade x300 [shop 6,000/exchange], Gemstone C x166 [shop 6,000] || Drop: L44 Dread Avenger Kraven, L45 Archon Suscepter, L50 Orfen, L50 Purgatory Invader Elite Soldier, L50 Ragna Orc Sorcerer +4
PIECE	202	Mace of Underworld	C	weapon	rhand	BLUNT	0	P.Atk 111 M.Atk 101	Exchange at mammblack 1: Mace of Underworld - Mana Up x1 [exchange] || Exchange at mammblack 1: Mace of Underworld - Magic Silence x1 [exchange] || Exchange at mammblack 1: Mace of Underworld - Conversion x1 [exchange] || Craft (lvl 5, 100%): Mace of The Underworld Head x10 [shop 74,680/drop: L44 Dread Avenger Kraven, L45 Archon Suscepter +6], Mithril Alloy x54 [shop 26,200/craft/exchange/quest], Synthetic Cokes x54 [shop 13,200/craft/exchange/quest], High Grade Suede x27 [shop 4,800/drop: L27 Grave Robber Lookout, L27 Ol Mahum Raider +105/craft/exchange/quest], Metal Hardener x108 [shop 10,000/drop: L15 Obsidian Golem, L16 Dark Terror +107/craft/exchange/quest], Crystal: C-Grade x300 [shop 6,000/exchange], Gemstone C x166 [shop 6,000] || Drop: L44 Dread Avenger Kraven, L45 Archon Suscepter, L50 Purgatory Invader Elite Soldier, L50 Ragna Orc Sorcerer, L51 Kaim Vanul Lad +3
PIECE	203	Pa'agrian Axe	C	weapon	lrhand	BLUNT	0	P.Atk 141 M.Atk 114	Exchange at mammblack 1: Pa'agrian Axe - Mana Up x1 [exchange] || Exchange at mammblack 1: Pa'agrian Axe - Magic Weakness x1 [exchange] || Exchange at mammblack 1: Pa'agrian Axe - Magic Chaos x1 [exchange] || Craft (lvl 5, 100%): Pa'agrian Axe Blade x10 [shop 82,600/drop: L48 Anakazel, L53 Purgatory Invader Shaman +6], Mithril Alloy x80 [shop 26,200/craft/exchange/quest], Synthetic Cokes x40 [shop 13,200/craft/exchange/quest], High Grade Suede x20 [shop 4,800/drop: L27 Grave Robber Lookout, L27 Ol Mahum Raider +105/craft/exchange/quest], Metal Hardener x100 [shop 10,000/drop: L15 Obsidian Golem, L16 Dark Terror +107/craft/exchange/quest], Crystal: C-Grade x330 [shop 6,000/exchange], Gemstone C x187 [shop 6,000] || Drop: L48 Anakazel, L53 Purgatory Invader Shaman, L54 Grave Guard, L54 Marsh Stalker, L54 Thunder Wyrm +1
PIECE	204	Deadman's Staff	C	weapon	lrhand	BLUNT	0	P.Atk 152 M.Atk 122	Exchange at mammblack 1: Deadman's Staff - Magic Regeneration x1 [exchange] || Exchange at mammblack 1: Deadman's Staff - Mental Shield x1 [exchange] || Exchange at mammblack 1: Deadman's Staff - Magic Hold x1 [exchange] || Craft (lvl 6, 100%): Deadman's Staff Head x11 [shop 85,018/drop: L48 Anakazel, L53 Epic Cannon Golem +6], Oriharukon x54 [shop 49,200/craft/exchange/quest], Coarse Bone Powder x108 [shop 3,000/drop: L18 Boogle Ratman Leader, L19 Lirein Elder +159/craft/exchange/quest], Compound Braid x54 [shop 6,000/drop: L27 Gigant Overseer, L27 Grave Robber Scout +145/craft/exchange/quest], Metal Hardener x162 [shop 10,000/drop: L15 Obsidian Golem, L16 Dark Terror +107/craft/exchange/quest], Crystal: C-Grade x410 [shop 6,000/exchange], Gemstone C x248 [shop 6,000] || Drop: L48 Anakazel, L53 Purgatory Invader Shaman, L54 Grave Guard, L54 Marsh Stalker, L54 Thunder Wyrm +2
PIECE	205	Ghoul's Staff	C	weapon	lrhand	BLUNT	0	P.Atk 152 M.Atk 122	Exchange at mammblack 1: Ghoul's Staff - Rsk. Evasion x1 [exchange] || Exchange at mammblack 1: Ghoul's Staff - Mana Up x1 [exchange] || Exchange at mammblack 1: Ghoul's Staff - Blessed Body x1 [exchange] || Craft (lvl 6, 100%): Ghoul's Staff Head x11 [shop 85,018/drop: L48 Anakazel, L53 Deadly Ginzu Golem V +8], Oriharukon x54 [shop 49,200/craft/exchange/quest], Coarse Bone Powder x108 [shop 3,000/drop: L18 Boogle Ratman Leader, L19 Lirein Elder +159/craft/exchange/quest], Compound Braid x54 [shop 6,000/drop: L27 Gigant Overseer, L27 Grave Robber Scout +145/craft/exchange/quest], Metal Hardener x162 [shop 10,000/drop: L15 Obsidian Golem, L16 Dark Terror +107/craft/exchange/quest], Crystal: C-Grade x410 [shop 6,000/exchange], Gemstone C x248 [shop 6,000] || Drop: L48 Anakazel, L53 Purgatory Invader Shaman, L54 Grave Guard, L54 Marsh Stalker, L54 Thunder Wyrm +2
PIECE	206	Demon's Staff	C	weapon	lrhand	BLUNT	0	P.Atk 152 M.Atk 122	Exchange at mammblack 1: Demon's Staff - Magic Poison x1 [exchange] || Exchange at mammblack 1: Demon's Staff - Magic Weakness x1 [exchange] || Exchange at mammblack 1: Demon's Staff - Magic Chaos x1 [exchange] || Craft (lvl 6, 100%): Demon's Staff Head x11 [shop 85,018/drop: L48 Anakazel, L53 Purgatory Invader Shaman +6], Oriharukon x54 [shop 49,200/craft/exchange/quest], Coarse Bone Powder x108 [shop 3,000/drop: L18 Boogle Ratman Leader, L19 Lirein Elder +159/craft/exchange/quest], Compound Braid x54 [shop 6,000/drop: L27 Gigant Overseer, L27 Grave Robber Scout +145/craft/exchange/quest], Metal Hardener x162 [shop 10,000/drop: L15 Obsidian Golem, L16 Dark Terror +107/craft/exchange/quest], Crystal: C-Grade x410 [shop 6,000/exchange], Gemstone C x248 [shop 6,000] || Drop: L48 Anakazel, L53 Purgatory Invader Shaman, L54 Grave Guard, L54 Marsh Stalker, L54 Thunder Wyrm +2
PIECE	210	Staff of Evil Spirits	B	weapon	lrhand	BLUNT	0	P.Atk 189 M.Atk 145	Exchange at mammblack 1: Staff of Evil Spirits - Magic Focus x1 [exchange] || Exchange at mammblack 1: Staff of Evil Spirits - Blessed Body x1 [exchange] || Exchange at mammblack 1: Staff of Evil Spirits - Magic Poison x1 [exchange] || Craft (lvl 7, 60%): Recipe: Staff of Evil Spirits (60%) x1 [shop 524,000/drop: L63 Doom Trooper], Evil Spirit Head x13 [shop 96,616/drop: L59 Soulless Wild Boar, L60 Ice Fairy Sirra +16], Oriharukon x75 [shop 49,200/craft/exchange/quest], Coarse Bone Powder x150 [shop 3,000/drop: L18 Boogle Ratman Leader, L19 Lirein Elder +159/craft/exchange/quest], Compound Braid x75 [shop 6,000/drop: L27 Gigant Overseer, L27 Grave Robber Scout +145/craft/exchange/quest], Enria x75 [shop 24,000/drop: L45 Dimension Invader Berserker, L45 Dimension Invader Magus +211/exchange/quest], Crystal: B-Grade x165 [shop 18,000/exchange], Gemstone B x98 [shop 20,000] || Craft (lvl 7, 100%): Recipe: Staff of Evil Spirits x1 [shop 524,000/drop: L60 Bloody Lady, L60 Gamlin +1], Evil Spirit Head x13 [shop 96,616/drop: L59 Soulless Wild Boar, L60 Ice Fairy Sirra +16], Maestro Holder x3 [shop 822,000/craft], Oriharukon x108 [shop 49,200/craft/exchange/quest], Coarse Bone Powder x216 [shop 3,000/drop: L18 Boogle Ratman Leader, L19 Lirein Elder +159/craft/exchange/quest], Compound Braid x108 [shop 6,000/drop: L27 Gigant Overseer, L27 Grave Robber Scout +145/craft/exchange/quest], Enria x108 [shop 24,000/drop: L45 Dimension Invader Berserker, L45 Dimension Invader Magus +211/exchange/quest], Crystal: B-Grade x342 [shop 18,000/exchange], Gemstone B x98 [shop 20,000] || Drop: L59 Soulless Wild Boar, L60 Ice Fairy Sirra, L62 Page of Pilgrim, L63 Corrupted Knight, L64 Barif +7
PIECE	211	Staff of Nobility	B	weapon	lrhand	BLUNT	0	P.Atk 189 M.Atk 132	Exchange (list 697): Adena x343,060,000
PIECE	212	Dasparion's Staff	A	weapon	lrhand	BLUNT	0	P.Atk 207 M.Atk 157	Exchange at mammblack 1: Dasparion's Staff - Mana Up x1 [exchange] || Exchange at mammblack 1: Dasparion's Staff - Conversion x1 [exchange] || Exchange at mammblack 1: Dasparion's Staff - Acumen x1 [exchange] || Craft (lvl 7, 60%): Recipe: Dasparion's Staff(60%) x1 [shop 732,000/drop: L63 Forbidden Path Invader Warrior, L64 Alpen Bandersnatch +3/exchange], Dasparion's Staff Edge x13 [shop 117,508/drop: L60 Ancient Weird Drake, L60 Ghost of the Well Lidia +27/quest], Maestro Holder x3 [shop 822,000/craft], Oriharukon x47 [shop 49,200/craft/exchange/quest], Coarse Bone Powder x94 [shop 3,000/drop: L18 Boogle Ratman Leader, L19 Lirein Elder +159/craft/exchange/quest], Compound Braid x47 [shop 6,000/drop: L27 Gigant Overseer, L27 Grave Robber Scout +145/craft/exchange/quest], Enria x47 [shop 24,000/drop: L45 Dimension Invader Berserker, L45 Dimension Invader Magus +211/exchange/quest], Durable Metal Plate x94 [shop 30,000/drop: L27 Grave Robber Lookout, L27 Kuran Kobold +126/craft/exchange/quest], Crystal: B-Grade x216 [shop 18,000/exchange], Gemstone B x143 [shop 20,000] || Craft (lvl 7, 100%): Recipe: Dasparion's Staff(100%) x1 [shop 732,000], Dasparion's Staff Edge x13 [shop 117,508/drop: L60 Ancient Weird Drake, L60 Ghost of the Well Lidia +27/quest], Warsmith's Holder x2 [shop 1,768,000/craft/exchange], Oriharukon x96 [shop 49,200/craft/exchange/quest], Coarse Bone Powder x192 [shop 3,000/drop: L18 Boogle Ratman Leader, L19 Lirein Elder +159/craft/exchange/quest], Compound Braid x96 [shop 6,000/drop: L27 Gigant Overseer, L27 Grave Robber Scout +145/craft/exchange/quest], Enria x96 [shop 24,000/drop: L45 Dimension Invader Berserker, L45 Dimension Invader Magus +211/exchange/quest], Durable Metal Plate x192 [shop 30,000/drop: L27 Grave Robber Lookout, L27 Kuran Kobold +126/craft/exchange/quest], Crystal: B-Grade x412 [shop 18,000/exchange], Gemstone B x143 [shop 20,000] || Drop: L60 Ancient Weird Drake, L60 Ghost of the Well Lidia, L67 Kernon's Faithful Servant Kelone, L68 Heathen Grunt, L69 Alpen Cougar +25
PIECE	213	Branch of the Mother Tree	A	weapon	lrhand	BLUNT	0	P.Atk 226 M.Atk 167	Exchange at mammblack 1: Branch of the Mother Tree - Conversion x1 [exchange] || Exchange at mammblack 1: Branch of the Mother Tree - Magic Damage x1 [exchange] || Exchange at mammblack 1: Branch of the Mother Tree - Acumen x1 [exchange] || Craft (lvl 8, 60%): Recipe: Branch of The Mother Tree(60%) x1 [shop 1,080,000/drop: L65 Alpen Kookaburra, L65 Trampled Man +10/exchange], Branch of The Mother Tree Head x14 [shop 145,972/drop: L70 Fafurion's Herald Lokness, L71 Immortal Savior Mardil +18/quest], Maestro Holder x3 [shop 822,000/craft], Oriharukon x77 [shop 49,200/craft/exchange/quest], Coarse Bone Powder x154 [shop 3,000/drop: L18 Boogle Ratman Leader, L19 Lirein Elder +159/craft/exchange/quest], Compound Braid x77 [shop 6,000/drop: L27 Gigant Overseer, L27 Grave Robber Scout +145/craft/exchange/quest], Enria x77 [shop 24,000/drop: L45 Dimension Invader Berserker, L45 Dimension Invader Magus +211/exchange/quest], Durable Metal Plate x154 [shop 30,000/drop: L27 Grave Robber Lookout, L27 Kuran Kobold +126/craft/exchange/quest], Crystal: A-Grade x193 [shop 30,000/exchange], Gemstone A x74 [shop 60,000/exchange] || Craft (lvl 8, 100%): Recipe: Branch of The Mother Tree(100%) x1 [shop 1,080,000], Branch of The Mother Tree Head x14 [shop 145,972/drop: L70 Fafurion's Herald Lokness, L71 Immortal Savior Mardil +18/quest], Warsmith's Holder x2 [shop 1,768,000/craft/exchange], Oriharukon x153 [shop 49,200/craft/exchange/quest], Coarse Bone Powder x306 [shop 3,000/drop: L18 Boogle Ratman Leader, L19 Lirein Elder +159/craft/exchange/quest], Compound Braid x153 [shop 6,000/drop: L27 Gigant Overseer, L27 Grave Robber Scout +145/craft/exchange/quest], Enria x153 [shop 24,000/drop: L45 Dimension Invader Berserker, L45 Dimension Invader Magus +211/exchange/quest], Durable Metal Plate x306 [shop 30,000/drop: L27 Grave Robber Lookout, L27 Kuran Kobold +126/craft/exchange/quest], Crystal: A-Grade x366 [shop 30,000/exchange], Gemstone A x74 [shop 60,000/exchange] || Drop: L70 Fafurion's Herald Lokness, L71 Immortal Savior Mardil, L74 Icicle Emperor Bumbalump, L79 Antharas, L79 Grazing Buffalo +13
PIECE	215	Doom Dagger	NG	weapon	rhand	DAGGER	0	P.Atk 10 M.Atk 9	Exchange at Ariel, Arodin, Creamees, Damion, Garita, Iria, Jackson, Jakal, Kunai, Lector, Minaless, Mion, Nestle, Payne, Reep, Shari, Silvia, Simplon, Sydnia, Unoren, Uska, Varan: Bone Dagger x1 [drop: L1 Elpy], Adena x12,905 || Drop: L6 Kasha Timber Wolf, L8 Goblin Brigand, L8 Goblin Lookout
PIECE	216	Dirk	NG	weapon	rhand	DAGGER	0	P.Atk 15 M.Atk 12	Exchange at Ariel, Arodin, Creamees, Damion, Garita, Iria, Jackson, Jakal, Kunai, Lector, Minaless, Mion, Nestle, Payne, Reep, Shari, Silvia, Simplon, Sydnia, Unoren, Uska, Varan: Knife x1 [drop: L6 Kasha Timber Wolf, L8 Goblin Brigand +1], Adena x45,760 || Exchange at Ariel, Arodin, Creamees, Damion, Garita, Iria, Jackson, Jakal, Kunai, Lector, Minaless, Mion, Nestle, Payne, Reep, Shari, Silvia, Simplon, Sydnia, Unoren, Uska, Varan: Doom Dagger x1 [drop: L6 Kasha Timber Wolf, L8 Goblin Brigand +1/exchange], Adena x45,760 || Exchange at Ariel, Arodin, Creamees, Damion, Garita, Iria, Jackson, Jakal, Kunai, Lector, Minaless, Mion, Nestle, Payne, Reep, Shari, Silvia, Simplon, Sydnia, Unoren, Uska, Varan: Eldritch Dagger x1 [quest], Adena x31,460 || Craft (lvl 1, 100%): Dirk Blade x2 [shop 11,280/drop: L12 Goblin Tomb Raider Leader, L12 Skeleton +8], Iron Ore x80 [shop 400/drop: L3 Elder Brown Keltir, L3 Elder Keltir +275], Coal x80 [shop 400/drop: L2 Prairie Keltir, L3 Elder Keltir +238/exchange] || Drop: L12 Goblin Tomb Raider Leader, L13 Goblin Lord, L14 Goblin Brigand Leader, L15 Kasha Spider, L15 Langk Lizardman +1
PIECE	217	Shining Knife	NG	weapon	rhand	DAGGER	0	P.Atk 21 M.Atk 17	Drop: L16 Kuruka Ratman, L16 Red Scavenger Spider, L16 Wererat, L17 Kasha Blade Spider, L18 Evil Eye Seer +6
PIECE	218	Throwing Knife	NG	weapon	rhand	DAGGER	0	P.Atk 21 M.Atk 17	Exchange at Ariel, Arodin, Creamees, Damion, Garita, Iria, Jackson, Jakal, Kunai, Lector, Minaless, Mion, Nestle, Payne, Reep, Shari, Silvia, Simplon, Sydnia, Unoren, Uska, Varan: Dirk x1 [drop: L12 Goblin Tomb Raider Leader, L13 Goblin Lord +4/craft/exchange], Adena x90,090 || Exchange at Ariel, Arodin, Creamees, Damion, Garita, Iria, Jackson, Jakal, Kunai, Lector, Minaless, Mion, Nestle, Payne, Reep, Shari, Silvia, Simplon, Sydnia, Unoren, Uska, Varan: Skeleton Dagger x1 [?], Adena x76,340 || Drop: L16 Kuruka Ratman, L16 Red Scavenger Spider, L16 Wererat, L17 Kasha Blade Spider, L18 Evil Eye Seer +6
PIECE	219	Sword Breaker	NG	weapon	rhand	DAGGER	0	P.Atk 27 M.Atk 21	Exchange at Ariel, Arodin, Creamees, Damion, Garita, Iria, Jackson, Jakal, Kunai, Lector, Minaless, Mion, Nestle, Payne, Reep, Shari, Silvia, Simplon, Sydnia, Unoren, Uska, Varan: Shining Knife x1 [drop: L16 Kuruka Ratman, L16 Red Scavenger Spider +9], Adena x118,800 || Exchange at Ariel, Arodin, Creamees, Damion, Garita, Iria, Jackson, Jakal, Kunai, Lector, Minaless, Mion, Nestle, Payne, Reep, Shari, Silvia, Simplon, Sydnia, Unoren, Uska, Varan: Throwing Knife x1 [drop: L16 Kuruka Ratman, L16 Red Scavenger Spider +9/exchange], Adena x118,800 || Craft (lvl 1, 100%): Sword Breaker Edge x3 [shop 32,800/drop: L21 Lesser Succubus Turen, L21 Ol Mahum Patrol +4], Iron Ore x365 [shop 400/drop: L3 Elder Brown Keltir, L3 Elder Keltir +275], Coal x365 [shop 400/drop: L2 Prairie Keltir, L3 Elder Keltir +238/exchange] || Drop: L21 Lesser Succubus Turen, L21 Wandering Eye, L22 Monster Eye Searcher, L23 Tumran Bugbear
PIECE	220	Crafted Dagger	D	weapon	rhand	DAGGER	0	P.Atk 35 M.Atk 26	Exchange at mammblack 1b: Reinforced Bow x1 [drop: L27 Grave Robber Scout, L27 Turek Orc Archer +3/exchange] || Exchange at mammblack 1b: Branch of Life x1 [drop: L26 Monster Eye Destroyer, L26 Specter +1/exchange] || Exchange at mammblack 1b: Temptation of Abyss x1 [drop: L26 Monster Eye Destroyer, L26 Specter +1/craft/exchange] || Drop: L25 Baar Dre Vanul Destroyer, L25 Langk Lizardman Leader, L26 Ol Mahum Guerilla, L27 Babbling Wind, L27 King of the Araneid +4
PIECE	221	Assassin Knife	D	weapon	rhand	DAGGER	0	P.Atk 35 M.Atk 26	Exchange at mammblack 1b: Reinforced Bow x1 [drop: L27 Grave Robber Scout, L27 Turek Orc Archer +3/exchange] || Exchange at mammblack 1b: Branch of Life x1 [drop: L26 Monster Eye Destroyer, L26 Specter +1/exchange] || Exchange at mammblack 1b: Temptation of Abyss x1 [drop: L26 Monster Eye Destroyer, L26 Specter +1/craft/exchange] || Craft (lvl 2, 100%): Assassin Knife Edge x4 [shop 30,100/drop: L25 Poison Araneid, L28 Grave Robber Ranger +1], Steel Mold x2 [shop 9,000/craft/exchange/quest], Steel x70 [shop 4,000/drop: L11 Balor Orc Lieutenant, L18 Tainted Zombie +147/craft/exchange/quest], Cokes x70 [shop 2,400/drop: L18 Red Eye Barbed Bat, L18 Undine Elder +120/craft/exchange/quest], Gemstone D x34 [shop 2,000]
PIECE	222	Poniard Dagger	D	weapon	rhand	DAGGER	0	P.Atk 45 M.Atk 32	Exchange at mammblack 1a: Crafted Dagger x1 [drop: L25 Baar Dre Vanul Destroyer, L25 Langk Lizardman Leader +7/exchange], Ancient Adena x282,000 || Exchange at mammblack 1a: Assassin Knife x1 [craft/exchange], Ancient Adena x282,000 || Exchange at mammblack 1b: Spinebone Sword x1 [drop: L23 Greyclaw Kutus, L30 Bandit Sweeper +4/craft/exchange] || Drop: L21 Sukar Wererat Chief, L24 Langk Matriarch Rashkos, L29 Fire Archer, L30 Talakin
PIECE	223	Kukuri	D	weapon	rhand	DAGGER	0	P.Atk 56 M.Atk 39	Exchange at mammblack 1a: Poniard Dagger x1 [drop: L21 Sukar Wererat Chief, L24 Langk Matriarch Rashkos +2/exchange], Ancient Adena x387,600 || Exchange at mammblack 1b: Gastraphetes x1 [drop: L25 Betrayer of Urutu Freki, L33 Otherworldly Invader Archer +2/craft/exchange] || Exchange at mammblack 1b: Elven Sword x1 [drop: L25 Zombie Lord Crowl, L28 Tirak +7/exchange] || Drop: L25 Mammon Collector Talos, L35 Bandit Assassin, L35 Tyrant, L35 Vault Sentinel
PIECE	224	Maingauche	D	weapon	rhand	DAGGER	0	P.Atk 69 M.Atk 47	Exchange at mammblack 1a: Kukuri x1 [drop: L25 Mammon Collector Talos, L35 Bandit Assassin +2/exchange], Ancient Adena x519,600 || Exchange at mammblack 1a: Dagger of Mana x1 [drop: L25 Mammon Collector Talos, L35 Bandit Assassin +2/exchange], Ancient Adena x519,600 || Exchange at mammblack 1a: Mystic Knife x1 [drop: L25 Mammon Collector Talos, L35 Bandit Assassin +2/exchange], Ancient Adena x519,600 || Craft (lvl 3, 100%): Maingauche Edge x7 [shop 37,858/drop: L30 Boss Akata, L30 Turek Mercenary Captain +5], Steel Mold x2 [shop 9,000/craft/exchange/quest], Steel x175 [shop 4,000/drop: L11 Balor Orc Lieutenant, L18 Tainted Zombie +147/craft/exchange/quest], Cokes x175 [shop 2,400/drop: L18 Red Eye Barbed Bat, L18 Undine Elder +120/craft/exchange/quest], Crystal: D-Grade x430 [shop 1,300/exchange], Gemstone D x139 [shop 2,000] || Drop: L30 Boss Akata, L30 Turek Mercenary Captain, L32 Skyla, L37 Dailaon, L40 Barrow Overlord +1
PIECE	225	Mithril Dagger	D	weapon	rhand	DAGGER	0	P.Atk 80 M.Atk 54	Exchange at mammblack 1a: Maingauche x1 [drop: L30 Boss Akata, L30 Turek Mercenary Captain +4/craft/exchange], Ancient Adena x480,000 || Exchange at mammblack 1a: Cursed Maingauche x1 [drop: L30 Boss Akata, L30 Turek Mercenary Captain +4/craft/exchange], Ancient Adena x480,000 || Exchange at mammblack 1b: Ancient Reagent x1 [craft/exchange] || Craft (lvl 4, 100%): Mithril Dagger Blade x8 [shop 46,124/drop: L34 Revenant of Sir Calibus, L35 Soul Collector Acheron +2], Steel Mold x2 [shop 9,000/craft/exchange/quest], Steel x220 [shop 4,000/drop: L11 Balor Orc Lieutenant, L18 Tainted Zombie +147/craft/exchange/quest], Cokes x220 [shop 2,400/drop: L18 Red Eye Barbed Bat, L18 Undine Elder +120/craft/exchange/quest], Crystal: D-Grade x550 [shop 1,300/exchange], Gemstone D x185 [shop 2,000] || Drop: L34 Revenant of Sir Calibus, L35 Soul Collector Acheron, L40 Queen Ant, L41 Blade Stakato, L43 Nightmare Guide
PIECE	226	Cursed Dagger	C	weapon	rhand	DAGGER	0	P.Atk 94 M.Atk 61	Exchange at mammblack 1: Cursed Dagger - Critical Bleed x1 [exchange] || Exchange at mammblack 1: Cursed Dagger - Critical Poison x1 [exchange] || Exchange at mammblack 1: Cursed Dagger - Rsk. Haste x1 [exchange] || Craft (lvl 4, 100%): Cursed Dagger Blade x8 [shop 50,376/drop: L38 Lizardmen Leader Hellion, L40 Shaman King Selu +5], Artisan's Frame x2 [shop 190,000/craft/exchange/quest], Mithril Alloy x25 [shop 26,200/craft/exchange/quest], Synthetic Cokes x25 [shop 13,200/craft/exchange/quest], Metal Hardener x50 [shop 10,000/drop: L15 Obsidian Golem, L16 Dark Terror +107/craft/exchange/quest], Crystal: D-Grade x700 [shop 1,300/exchange], Gemstone C x81 [shop 6,000] || Drop: L38 Lizardmen Leader Hellion, L40 Shaman King Selu, L46 Decayed Ancient Pikeman, L46 Unpleasant Shout
PIECE	227	Stiletto	C	weapon	rhand	DAGGER	0	P.Atk 107 M.Atk 68	Exchange at mammblack 1: Stiletto - Critical Bleed x1 [exchange] || Exchange at mammblack 1: Stiletto - Critical Poison x1 [exchange] || Exchange at mammblack 1: Stiletto - Rsk. Haste x1 [exchange] || Craft (lvl 5, 100%): Stiletto Edge x9 [shop 60,200/drop: L43 Crazy Mechanic Golem, L47 Death Flyer +5], Artisan's Frame x2 [shop 190,000/craft/exchange/quest], Mithril Alloy x33 [shop 26,200/craft/exchange/quest], Synthetic Cokes x33 [shop 13,200/craft/exchange/quest], Metal Hardener x66 [shop 10,000/drop: L15 Obsidian Golem, L16 Dark Terror +107/craft/exchange/quest], Crystal: C-Grade x180 [shop 6,000/exchange], Gemstone C x105 [shop 6,000] || Drop: L43 Crazy Mechanic Golem, L47 Death Flyer, L47 Vanor Silenos Scout, L48 Lilim Butcher, L48 Nephilim Sentinel +1
PIECE	228	Crystal Dagger	C	weapon	rhand	DAGGER	0	P.Atk 136 M.Atk 83	Exchange at mammblack 1: Crystal Dagger - Critical Bleed x1 [exchange] || Exchange at mammblack 1: Crystal Dagger - Critical Poison x1 [exchange] || Exchange at mammblack 1: Crystal Dagger - Critical Damage x1 [exchange] || Craft (lvl 6, 100%): Crystal Dagger Blade x11 [shop 87,782/drop: L49 Karte, L50 Tarlk Basilisk +5], Artisan's Frame x2 [shop 190,000/craft/exchange/quest], Mithril Alloy x76 [shop 26,200/craft/exchange/quest], Synthetic Cokes x76 [shop 13,200/craft/exchange/quest], Metal Hardener x152 [shop 10,000/drop: L15 Obsidian Golem, L16 Dark Terror +107/craft/exchange/quest], Crystal: C-Grade x410 [shop 6,000/exchange], Gemstone C x248 [shop 6,000] || Drop: L49 Karte, L53 Ol Mahum Transcender, L53 Roving Soul, L55 Ol Mahum Transcender, L60 Zaken
PIECE	229	Kris	B	weapon	rhand	DAGGER	0	P.Atk 153 M.Atk 91	Exchange at mammblack 1: Kris - Evasion x1 [exchange] || Exchange at mammblack 1: Kris - Focus x1 [exchange] || Exchange at mammblack 1: Kris - Back Blow x1 [exchange] || Craft (lvl 6, 60%): Recipe: Kris (60%) x1 [shop 347,200/drop: L54 Lilim Knight Errant, L54 Nephilim Swordsman], Kris Edge x12 [shop 71,000/drop: L50 Zaken's Chief Mate Tillion, L53 Magus Kenishee +11], Artisan's Frame x2 [shop 190,000/craft/exchange/quest], Mithril Alloy x72 [shop 26,200/craft/exchange/quest], Synthetic Cokes x72 [shop 13,200/craft/exchange/quest], Enria x36 [shop 24,000/drop: L45 Dimension Invader Berserker, L45 Dimension Invader Magus +211/exchange/quest], Crystal: C-Grade x360 [shop 6,000/exchange], Gemstone B x62 [shop 20,000] || Craft (lvl 6, 100%): Recipe: Kris x1 [shop 347,200/drop: L55 Oel Mahum Witch Doctor, L55 Pobby Escort], Kris Edge x12 [shop 71,000/drop: L50 Zaken's Chief Mate Tillion, L53 Magus Kenishee +11], Craftsman Mold x2 [shop 1,420,000/craft/quest], Mithril Alloy x114 [shop 26,200/craft/exchange/quest], Synthetic Cokes x114 [shop 13,200/craft/exchange/quest], Enria x57 [shop 24,000/drop: L45 Dimension Invader Berserker, L45 Dimension Invader Magus +211/exchange/quest], Crystal: C-Grade x517 [shop 6,000/exchange], Gemstone B x62 [shop 20,000] || Drop: L50 Zaken's Chief Mate Tillion, L53 Magus Kenishee, L55 Harit Hero Tamash, L56 Pronghorn Spirit, L58 Freya's Servant +8
PIECE	230	Wolverine Needle	C	weapon	rhand	DAGGER	0	P.Atk 94 M.Atk 61	Exchange at mammblack 1b: Cursed Dagger x1 [drop: L38 Lizardmen Leader Hellion, L40 Shaman King Selu +2/craft/exchange] || Exchange at mammblack 1b: Big Hammer x1 [drop: L40 Water Spirit Lian, L40 Wizard of Storm Teruk +3/craft/exchange] || Exchange at mammblack 1b: Dark Elven Dagger x1 [drop: L38 Lizardmen Leader Hellion, L40 Shaman King Selu +2/craft/exchange] || Craft (lvl 4, 100%): Wolverine Needle Edge x8 [?], Artisan's Frame x2 [shop 190,000/craft/exchange/quest], Mithril Alloy x25 [shop 26,200/craft/exchange/quest], Synthetic Cokes x25 [shop 13,200/craft/exchange/quest], Metal Hardener x50 [shop 10,000/drop: L15 Obsidian Golem, L16 Dark Terror +107/craft/exchange/quest], Crystal: D-Grade x700 [shop 1,300/exchange], Gemstone C x81 [shop 6,000]
PIECE	231	Grace Dagger	C	weapon	rhand	DAGGER	0	P.Atk 122 M.Atk 76	Exchange at mammblack 1: Grace Dagger - Evasion x1 [exchange] || Exchange at mammblack 1: Grace Dagger - Focus x1 [exchange] || Exchange at mammblack 1: Grace Dagger - Back Blow x1 [exchange] || Craft (lvl 5, 100%): Grace Dagger Edge x10 [shop 73,400/drop: L45 Biconne of Blue Sky, L45 Fafurion's Henchman Istary +8], Artisan's Frame x2 [shop 190,000/craft/exchange/quest], Mithril Alloy x50 [shop 26,200/craft/exchange/quest], Synthetic Cokes x50 [shop 13,200/craft/exchange/quest], Metal Hardener x100 [shop 10,000/drop: L15 Obsidian Golem, L16 Dark Terror +107/craft/exchange/quest], Crystal: C-Grade x300 [shop 6,000/exchange], Gemstone C x166 [shop 6,000] || Drop: L45 Biconne of Blue Sky, L45 Fafurion's Henchman Istary, L50 Decayed Ancient Knight, L50 Doll Master, L50 Forest Runner +4
PIECE	232	Dark Elven Dagger	C	weapon	rhand	DAGGER	0	P.Atk 94 M.Atk 61	Exchange at mammblack 1: Dark Elven Dagger - Focus x1 [exchange] || Exchange at mammblack 1: Dark Elven Dagger - Back Blow x1 [exchange] || Exchange at mammblack 1: Dark Elven Dagger - Rsk. Haste x1 [exchange] || Craft (lvl 4, 100%): Dark Elven Dagger Edge x8 [shop 50,376/drop: L38 Lizardmen Leader Hellion, L40 Shaman King Selu +3], Artisan's Frame x2 [shop 190,000/craft/exchange/quest], Mithril Alloy x25 [shop 26,200/craft/exchange/quest], Synthetic Cokes x25 [shop 13,200/craft/exchange/quest], Metal Hardener x50 [shop 10,000/drop: L15 Obsidian Golem, L16 Dark Terror +107/craft/exchange/quest], Crystal: D-Grade x700 [shop 1,300/exchange], Gemstone C x81 [shop 6,000] || Drop: L38 Lizardmen Leader Hellion, L40 Shaman King Selu, L46 Decayed Ancient Pikeman, L46 Unpleasant Shout
PIECE	233	Dark Screamer	C	weapon	rhand	DAGGER	0	P.Atk 122 M.Atk 76	Exchange at mammblack 1: Dark Screamer - Evasion x1 [exchange] || Exchange at mammblack 1: Dark Screamer - Focus x1 [exchange] || Exchange at mammblack 1: Dark Screamer - Critical Bleed x1 [exchange] || Craft (lvl 5, 100%): Dark Screamer Edge x10 [shop 73,400/drop: L45 Biconne of Blue Sky, L45 Fafurion's Henchman Istary +8], Artisan's Frame x2 [shop 190,000/craft/exchange/quest], Mithril Alloy x50 [shop 26,200/craft/exchange/quest], Synthetic Cokes x50 [shop 13,200/craft/exchange/quest], Metal Hardener x100 [shop 10,000/drop: L15 Obsidian Golem, L16 Dark Terror +107/craft/exchange/quest], Crystal: C-Grade x300 [shop 6,000/exchange], Gemstone C x166 [shop 6,000] || Drop: L45 Biconne of Blue Sky, L45 Fafurion's Henchman Istary, L50 Core, L50 Decayed Ancient Knight, L50 Doll Master +4
PIECE	234	Demon's Dagger	B	weapon	rhand	DAGGER	0	P.Atk 170 M.Atk 99	Exchange at mammblack 1: Demon's Dagger - Critical Bleed x1 [exchange] || Exchange at mammblack 1: Demon's Dagger - Critical Poison x1 [exchange] || Exchange at mammblack 1: Demon's Dagger - Critical Damage x1 [exchange] || Craft (lvl 7, 60%): Recipe: Demon Dagger (60%) x1 [shop 524,000/drop: L63 Slaughter Bathin], Demon Dagger Edge x13 [shop 91,384/drop: L60 Guardian of the Statue of Giant Karum, L61 Fairy Queen Timiniel +11], Artisan's Frame x2 [shop 190,000/craft/exchange/quest], Mithril Alloy x120 [shop 26,200/craft/exchange/quest], Synthetic Cokes x120 [shop 13,200/craft/exchange/quest], Enria x60 [shop 24,000/drop: L45 Dimension Invader Berserker, L45 Dimension Invader Magus +211/exchange/quest], Crystal: B-Grade x160 [shop 18,000/exchange], Gemstone B x98 [shop 20,000] || Craft (lvl 7, 100%): Recipe: Demon Dagger x1 [shop 524,000/drop: L58 Dismal Pole, L59 Grave Predator +1], Demon Dagger Edge x13 [shop 91,384/drop: L60 Guardian of the Statue of Giant Karum, L61 Fairy Queen Timiniel +11], Craftsman Mold x2 [shop 1,420,000/craft/quest], Mithril Alloy x172 [shop 26,200/craft/exchange/quest], Synthetic Cokes x172 [shop 13,200/craft/exchange/quest], Enria x86 [shop 24,000/drop: L45 Dimension Invader Berserker, L45 Dimension Invader Magus +211/exchange/quest], Crystal: B-Grade x341 [shop 18,000/exchange], Gemstone B x98 [shop 20,000] || Drop: L60 Guardian of the Statue of Giant Karum, L61 Fairy Queen Timiniel, L62 Disciple of Pilgrim, L63 Forbidden Path Invader Shaman, L64 Past Knight +2
PIECE	235	Bloody Orchid	A	weapon	rhand	DAGGER	0	P.Atk 186 M.Atk 107	Exchange at mammblack 1: Bloody Orchid - Focus x1 [exchange] || Exchange at mammblack 1: Bloody Orchid - Back Blow x1 [exchange] || Exchange at mammblack 1: Bloody Orchid - Critical Bleed x1 [exchange] || Craft (lvl 7, 60%): Recipe: Bloody Orchid(60%) x1 [shop 732,000/drop: L63 Forbidden Path Invader Warrior, L65 Alpen Kookaburra +2/exchange], Bloody Orchid Head x13 [shop 117,570/drop: L65 Rahha, L65 Shilen's Priest Hisilrome +26/quest], Craftsman Mold x3 [shop 1,420,000/craft/quest], Mithril Alloy x82 [shop 26,200/craft/exchange/quest], Synthetic Cokes x82 [shop 13,200/craft/exchange/quest], Durable Metal Plate x41 [shop 30,000/drop: L27 Grave Robber Lookout, L27 Kuran Kobold +126/craft/exchange/quest], Enria x41 [shop 24,000/drop: L45 Dimension Invader Berserker, L45 Dimension Invader Magus +211/exchange/quest], Crystal: B-Grade x193 [shop 18,000/exchange], Gemstone B x143 [shop 20,000] || Craft (lvl 7, 100%): Recipe: Bloody Orchid(100%) x1 [shop 732,000], Bloody Orchid Head x13 [shop 117,570/drop: L65 Rahha, L65 Shilen's Priest Hisilrome +26/quest], Craftsman Mold x4 [shop 1,420,000/craft/quest], Mithril Alloy x196 [shop 26,200/craft/exchange/quest], Synthetic Cokes x196 [shop 13,200/craft/exchange/quest], Durable Metal Plate x98 [shop 30,000/drop: L27 Grave Robber Lookout, L27 Kuran Kobold +126/craft/exchange/quest], Enria x98 [shop 24,000/drop: L45 Dimension Invader Berserker, L45 Dimension Invader Magus +211/exchange/quest], Crystal: B-Grade x344 [shop 18,000/exchange], Gemstone B x143 [shop 20,000] || Drop: L65 Rahha, L65 Shilen's Priest Hisilrome, L68 Bone Slayer, L68 Devil Bat, L68 Splinter Stakato Soldier +26
PIECE	236	Soul Separator	A	weapon	rhand	DAGGER	0	P.Atk 203 M.Atk 114	Exchange at mammblack 1: Soul Separator - Guidance x1 [exchange] || Exchange at mammblack 1: Soul Separator - Critical Damage x1 [exchange] || Exchange at mammblack 1: Soul Separator - Rsk. Haste x1 [exchange] || Craft (lvl 8, 60%): Recipe: Soul Separator(60%) x1 [shop 1,080,000/drop: L66 Bone Maker, L67 Alpen Buffalo +8/exchange], Soul Separator Head x14 [shop 145,800/drop: L69 Spirit of Andras, the Betrayer, L70 Anakim's Nemesis Zakaron +21/quest], Craftsman Mold x3 [shop 1,420,000/craft/quest], Mithril Alloy x156 [shop 26,200/craft/exchange/quest], Synthetic Cokes x156 [shop 13,200/craft/exchange/quest], Durable Metal Plate x78 [shop 30,000/drop: L27 Grave Robber Lookout, L27 Kuran Kobold +126/craft/exchange/quest], Enria x78 [shop 24,000/drop: L45 Dimension Invader Berserker, L45 Dimension Invader Magus +211/exchange/quest], Crystal: A-Grade x161 [shop 30,000/exchange], Gemstone A x74 [shop 60,000/exchange] || Craft (lvl 8, 100%): Recipe: Soul Separator(100%) x1 [shop 1,080,000], Soul Separator Head x14 [shop 145,800/drop: L69 Spirit of Andras, the Betrayer, L70 Anakim's Nemesis Zakaron +21/quest], Craftsman Mold x4 [shop 1,420,000/craft/quest], Mithril Alloy x334 [shop 26,200/craft/exchange/quest], Synthetic Cokes x334 [shop 13,200/craft/exchange/quest], Durable Metal Plate x167 [shop 30,000/drop: L27 Grave Robber Lookout, L27 Kuran Kobold +126/craft/exchange/quest], Enria x167 [shop 24,000/drop: L45 Dimension Invader Berserker, L45 Dimension Invader Magus +211/exchange/quest], Crystal: A-Grade x295 [shop 30,000/exchange], Gemstone A x74 [shop 60,000/exchange] || Drop: L69 Spirit of Andras, the Betrayer, L70 Anakim's Nemesis Zakaron, L72 Doom Blade Tanatos, L79 Antharas, L79 Scarlet Stakato Noble +14
PIECE	238	Dagger of Mana	D	weapon	rhand	DAGGER	0	P.Atk 45 M.Atk 52	Exchange at mammblack 1a: Poniard Dagger x1 [drop: L21 Sukar Wererat Chief, L24 Langk Matriarch Rashkos +2/exchange], Ancient Adena x387,600 || Exchange at mammblack 1b: Gastraphetes x1 [drop: L25 Betrayer of Urutu Freki, L33 Otherworldly Invader Archer +2/craft/exchange] || Exchange at mammblack 1b: Elven Sword x1 [drop: L25 Zombie Lord Crowl, L28 Tirak +7/exchange] || Drop: L25 Mammon Collector Talos, L35 Bandit Assassin, L35 Tyrant, L35 Vault Sentinel
PIECE	239	Mystic Knife	D	weapon	rhand	DAGGER	0	P.Atk 45 M.Atk 52	Exchange at mammblack 1a: Poniard Dagger x1 [drop: L21 Sukar Wererat Chief, L24 Langk Matriarch Rashkos +2/exchange], Ancient Adena x387,600 || Exchange at mammblack 1b: Gastraphetes x1 [drop: L25 Betrayer of Urutu Freki, L33 Otherworldly Invader Archer +2/craft/exchange] || Exchange at mammblack 1b: Elven Sword x1 [drop: L25 Zombie Lord Crowl, L28 Tirak +7/exchange] || Drop: L25 Mammon Collector Talos, L35 Bandit Assassin, L35 Tyrant, L35 Vault Sentinel
PIECE	240	Conjurer's Knife	D	weapon	rhand	DAGGER	0	P.Atk 45 M.Atk 52	Exchange at mammblack 1a: Poniard Dagger x1 [drop: L21 Sukar Wererat Chief, L24 Langk Matriarch Rashkos +2/exchange], Ancient Adena x387,600 || Exchange at mammblack 1b: Gastraphetes x1 [drop: L25 Betrayer of Urutu Freki, L33 Otherworldly Invader Archer +2/craft/exchange] || Exchange at mammblack 1b: Elven Sword x1 [drop: L25 Zombie Lord Crowl, L28 Tirak +7/exchange]
PIECE	241	Shilen Knife	D	weapon	rhand	DAGGER	0	P.Atk 45 M.Atk 52	Exchange at mammblack 1a: Poniard Dagger x1 [drop: L21 Sukar Wererat Chief, L24 Langk Matriarch Rashkos +2/exchange], Ancient Adena x387,600 || Exchange at mammblack 1b: Gastraphetes x1 [drop: L25 Betrayer of Urutu Freki, L33 Otherworldly Invader Archer +2/craft/exchange] || Exchange at mammblack 1b: Elven Sword x1 [drop: L25 Zombie Lord Crowl, L28 Tirak +7/exchange] || Craft (lvl 3, 100%): Shilen Knife Edge x6 [shop 33,666/drop: L25 Mammon Collector Talos, L34 Hatu Brown Bear +4], Steel Mold x2 [shop 9,000/craft/exchange/quest], Steel x118 [shop 4,000/drop: L11 Balor Orc Lieutenant, L18 Tainted Zombie +147/craft/exchange/quest], Cokes x118 [shop 2,400/drop: L18 Red Eye Barbed Bat, L18 Undine Elder +120/craft/exchange/quest], Crystal: D-Grade x300 [shop 1,300/exchange], Gemstone D x91 [shop 2,000] || Drop: L25 Mammon Collector Talos, L35 Bandit Assassin, L35 Tyrant, L35 Vault Sentinel
PIECE	242	Soulfire Dirk	C	weapon	rhand	DAGGER	0	P.Atk 86 M.Atk 91	Exchange at mammblack 1: Soulfire Dirk - Mana Up x1 [exchange] || Exchange at mammblack 1: Soulfire Dirk - Magic Hold x1 [exchange] || Exchange at mammblack 1: Soulfire Dirk - Magic Silence x1 [exchange] || Craft (lvl 5, 100%): Soulfire Dirk Blade x9 [shop 60,200/drop: L43 Crazy Mechanic Golem, L46 Archer of Greed +5], Artisan's Frame x2 [shop 190,000/craft/exchange/quest], Mithril Alloy x33 [shop 26,200/craft/exchange/quest], Synthetic Cokes x33 [shop 13,200/craft/exchange/quest], Metal Hardener x66 [shop 10,000/drop: L15 Obsidian Golem, L16 Dark Terror +107/craft/exchange/quest], Crystal: C-Grade x180 [shop 6,000/exchange], Gemstone C x105 [shop 6,000] || Drop: L43 Crazy Mechanic Golem, L47 Death Flyer, L47 Vanor Silenos Scout, L48 Lilim Butcher, L48 Nephilim Sentinel +1
PIECE	243	Hell Knife	B	weapon	rhand	DAGGER	0	P.Atk 122 M.Atk 122	Exchange at mammblack 1: Hell Knife - Magic Regeneration x1 [exchange] || Exchange at mammblack 1: Hell Knife - Mental Shield x1 [exchange] || Exchange at mammblack 1: Hell Knife - Magic Weakness x1 [exchange] || Craft (lvl 6, 60%): Recipe: Hell Knife (60%) x1 [shop 347,200/drop: L58 Cave Keeper], Hell Knife Edge x12 [shop 71,000/drop: L50 Zaken's Chief Mate Tillion, L53 Magus Kenishee +10], Artisan's Frame x2 [shop 190,000/craft/exchange/quest], Mithril Alloy x72 [shop 26,200/craft/exchange/quest], Synthetic Cokes x72 [shop 13,200/craft/exchange/quest], Enria x36 [shop 24,000/drop: L45 Dimension Invader Berserker, L45 Dimension Invader Magus +211/exchange/quest], Crystal: C-Grade x360 [shop 6,000/exchange], Gemstone B x62 [shop 20,000] || Craft (lvl 6, 100%): Recipe: Hell Knife x1 [shop 347,200/drop: L50 Headless Knight, L50 Zaken's Guard +1], Hell Knife Edge x12 [shop 71,000/drop: L50 Zaken's Chief Mate Tillion, L53 Magus Kenishee +10], Craftsman Mold x2 [shop 1,420,000/craft/quest], Mithril Alloy x114 [shop 26,200/craft/exchange/quest], Synthetic Cokes x114 [shop 13,200/craft/exchange/quest], Enria x57 [shop 24,000/drop: L45 Dimension Invader Berserker, L45 Dimension Invader Magus +211/exchange/quest], Crystal: C-Grade x517 [shop 6,000/exchange], Gemstone B x62 [shop 20,000] || Drop: L50 Zaken's Chief Mate Tillion, L53 Magus Kenishee, L55 Harit Hero Tamash, L56 Pronghorn Spirit, L58 Freya's Servant +8
PIECE	253	Spiked Gloves	NG	weapon	lrhand	DUALFIST	0	P.Atk 10 M.Atk 6	Drop: L3 Elder Longtail Keltir, L4 Kasha Wolf
PIECE	254	Iron Gloves	NG	weapon	lrhand	DUALFIST	0	P.Atk 13 M.Atk 9	Exchange at Ariel, Arodin, Creamees, Damion, Garita, Iria, Jackson, Jakal, Kunai, Lector, Minaless, Mion, Nestle, Payne, Reep, Shari, Silvia, Simplon, Sydnia, Unoren, Uska, Varan: Spiked Gloves x1 [drop: L3 Elder Longtail Keltir, L4 Kasha Wolf], Adena x12,905 || Drop: L9 Maraku Werewolf, L9 Werewolf, L10 Evil Eye Watcher
PIECE	255	Fox Claw Gloves	NG	weapon	lrhand	DUALFIST	0	P.Atk 21 M.Atk 12	Exchange at Ariel, Arodin, Creamees, Damion, Garita, Iria, Jackson, Jakal, Kunai, Lector, Minaless, Mion, Nestle, Payne, Reep, Shari, Silvia, Simplon, Sydnia, Unoren, Uska, Varan: Iron Gloves x1 [drop: L9 Maraku Werewolf, L9 Werewolf +1/exchange], Adena x45,760 || Exchange at Ariel, Arodin, Creamees, Damion, Garita, Iria, Jackson, Jakal, Kunai, Lector, Minaless, Mion, Nestle, Payne, Reep, Shari, Silvia, Simplon, Sydnia, Unoren, Uska, Varan: Fist of Butcher x1 [drop: L11 Baraq Orc Warrior Leader, L12 Slave Skeleton +5], Adena x31,460 || Drop: L11 Baraq Orc Warrior Leader, L12 Slave Skeleton, L12 Werewolf Chieftain, L13 Greystone Golem, L14 Felim Lizardman +2
PIECE	256	Cestus	NG	weapon	lrhand	DUALFIST	0	P.Atk 29 M.Atk 17	Exchange at Ariel, Arodin, Creamees, Damion, Garita, Iria, Jackson, Jakal, Kunai, Lector, Minaless, Mion, Nestle, Payne, Reep, Shari, Silvia, Simplon, Sydnia, Unoren, Uska, Varan: Fox Claw Gloves x1 [drop: L11 Baraq Orc Warrior Leader, L12 Slave Skeleton +5/exchange], Adena x90,090 || Drop: L17 Cave Blade Spider, L17 Kuruka Ratman Hunter, L17 Ol Mahum Novice, L17 Prowler, L20 Lesser Succubus +1
PIECE	257	Viper Fang	NG	weapon	lrhand	DUALFIST	0	P.Atk 38 M.Atk 21	Exchange at Ariel, Arodin, Creamees, Damion, Garita, Iria, Jackson, Jakal, Kunai, Lector, Minaless, Mion, Nestle, Payne, Reep, Shari, Silvia, Simplon, Sydnia, Unoren, Uska, Varan: Cestus x1 [drop: L17 Cave Blade Spider, L17 Kuruka Ratman Hunter +4/exchange], Adena x118,800 || Drop: L21 Giant Poison Bee, L22 Baranka's Guard, L23 Kasha Dire Wolf, L24 Dire Wolf, L24 Turek War Hound
PIECE	258	Bagh-Nakh	D	weapon	lrhand	DUALFIST	0	P.Atk 49 M.Atk 26	Drop: L20 Madness Beast, L26 Dead Pit Spartoi, L26 Grim Grizzly, L28 Neer Crawler
PIECE	259	Single-Edged Jamadhr	D	weapon	lrhand	DUALFIST	0	P.Atk 62 M.Atk 32	Exchange at mammblack 1a: Bagh-Nakh x1 [drop: L20 Madness Beast, L26 Dead Pit Spartoi +2], Ancient Adena x282,000 || Exchange at mammblack 1b: Pike x1 [drop: L21 Kaysha Herald of Icarus, L29 Grave Robber Guard +4/exchange] || Exchange at mammblack 1b: Spinebone Sword x1 [drop: L23 Greyclaw Kutus, L30 Bandit Sweeper +4/craft/exchange] || Drop: L23 Kuroboros' Priest, L29 Neer Ghoul Berserker, L30 Lakin Salamander, L30 Maille Lizardman Matriarch, L31 Ant Captain +1
PIECE	260	Triple-Edged Jamadhr	D	weapon	lrhand	DUALFIST	0	P.Atk 78 M.Atk 39	Exchange at mammblack 1a: Single-Edged Jamadhr x1 [drop: L23 Kuroboros' Priest, L29 Neer Ghoul Berserker +4/exchange], Ancient Adena x387,600 || Drop: L25 Soul Scavenger, L28 Anakazel, L33 Turak Bugbear Warrior, L35 Delu Lizardman Commander, L35 Grave Sentinel +2
PIECE	261	Bich'Hwa	D	weapon	lrhand	DUALFIST	0	P.Atk 96 M.Atk 47	Exchange at mammblack 1a: Triple-Edged Jamadhr x1 [drop: L25 Soul Scavenger, L28 Anakazel +5/exchange], Ancient Adena x519,600 || Exchange at mammblack 1b: Maingauche x1 [drop: L30 Boss Akata, L30 Turek Mercenary Captain +4/craft/exchange] || Exchange at mammblack 1b: Skull Breaker x1 [drop: L30 Apepi, L38 Cave Ant Soldier +6/craft/exchange] || Craft (lvl 3, 100%): Bich'Hwa Edge x7 [shop 39,514/drop: L30 Giant Wasteland Basilisk, L37 Dailaon +3], Steel x128 [shop 4,000/drop: L11 Balor Orc Lieutenant, L18 Tainted Zombie +147/craft/exchange/quest], Cokes x128 [shop 2,400/drop: L18 Red Eye Barbed Bat, L18 Undine Elder +120/craft/exchange/quest], High Grade Suede x64 [shop 4,800/drop: L27 Grave Robber Lookout, L27 Ol Mahum Raider +105/craft/exchange/quest], Crystal: D-Grade x430 [shop 1,300/exchange], Gemstone D x139 [shop 2,000] || Drop: L30 Giant Wasteland Basilisk, L40 Alligator, L40 Hatu Windsus, L40 Timak Orc
PIECE	262	Scallop Jamadhr	D	weapon	lrhand	DUALFIST	0	P.Atk 112 M.Atk 54	Exchange at mammblack 1a: Bich'Hwa x1 [drop: L30 Giant Wasteland Basilisk, L40 Alligator +2/craft/exchange], Ancient Adena x480,000 || Exchange at mammblack 1b: Ancient Reagent x1 [craft/exchange] || Exchange at mammblack 1b: Atuba Mace x1 [drop: L34 Breka Warlock Pastu, L35 Guilotine, Warden of the Execution Grounds +5/craft/exchange] || Craft (lvl 4, 100%): Scallop Jamadhr Edge x8 [shop 48,376/drop: L34 Stakato Queen Zyrnna, L35 Flame Lord Shadar +6], Steel x160 [shop 4,000/drop: L11 Balor Orc Lieutenant, L18 Tainted Zombie +147/craft/exchange/quest], Cokes x160 [shop 2,400/drop: L18 Red Eye Barbed Bat, L18 Undine Elder +120/craft/exchange/quest], High Grade Suede x80 [shop 4,800/drop: L27 Grave Robber Lookout, L27 Ol Mahum Raider +105/craft/exchange/quest], Crystal: D-Grade x550 [shop 1,300/exchange], Gemstone D x185 [shop 2,000] || Drop: L34 Stakato Queen Zyrnna, L35 Flame Lord Shadar, L36 Sebek, L40 Queen Ant, L42 Enchanted Stone Golem +3
PIECE	263	Chakram	C	weapon	lrhand	DUALFIST	0	P.Atk 130 M.Atk 61	Exchange at mammblack 1: Chakram - Critical Drain x1 [exchange] || Exchange at mammblack 1: Chakram - Critical Poison x1 [exchange] || Exchange at mammblack 1: Chakram - Rsk. Haste x1 [exchange] || Craft (lvl 4, 100%): Chakram Edge x8 [shop 51,750/drop: L40 Gwindorr, L40 Icarus Sample 1 +7], Mithril Alloy x30 [shop 26,200/craft/exchange/quest], Synthetic Cokes x30 [shop 13,200/craft/exchange/quest], High Grade Suede x15 [shop 4,800/drop: L27 Grave Robber Lookout, L27 Ol Mahum Raider +105/craft/exchange/quest], Metal Hardener x60 [shop 10,000/drop: L15 Obsidian Golem, L16 Dark Terror +107/craft/exchange/quest], Crystal: D-Grade x700 [shop 1,300/exchange], Gemstone C x81 [shop 6,000] || Drop: L40 Gwindorr, L40 Icarus Sample 1, L44 Enchanted Gargoyle, L45 Carinkain, L45 Dimension Invader Elite Soldier +2
PIECE	264	Pata	B	weapon	lrhand	DUALFIST	0	P.Atk 204 M.Atk 89	Exchange (list 697): Adena x24,500,000 || Craft (lvl 6, 60%): Recipe: Pata (60%) x1 [?], Pata Blade x12 [?], Mithril Alloy x70 [shop 26,200/craft/exchange/quest], Synthetic Cokes x70 [shop 13,200/craft/exchange/quest], High Grade Suede x35 [shop 4,800/drop: L27 Grave Robber Lookout, L27 Ol Mahum Raider +105/craft/exchange/quest], Enria x35 [shop 24,000/drop: L45 Dimension Invader Berserker, L45 Dimension Invader Magus +211/exchange/quest], Crystal: C-Grade x310 [shop 6,000/exchange], Gemstone B x55 [shop 20,000] || Craft (lvl 6, 60%): Recipe: Pata (60%) x1 [?], Pata Blade x12 [?], Mithril Alloy x70 [shop 26,200/craft/exchange/quest], Synthetic Cokes x70 [shop 13,200/craft/exchange/quest], High Grade Suede x35 [shop 4,800/drop: L27 Grave Robber Lookout, L27 Ol Mahum Raider +105/craft/exchange/quest], Enria x35 [shop 24,000/drop: L45 Dimension Invader Berserker, L45 Dimension Invader Magus +211/exchange/quest], Crystal: C-Grade x310 [shop 6,000/exchange], Gemstone B x55 [shop 20,000]
PIECE	265	Fisted Blade	C	weapon	lrhand	DUALFIST	0	P.Atk 169 M.Atk 76	Exchange at mammblack 1: Fisted Blade - Rsk. Evasion x1 [exchange] || Exchange at mammblack 1: Fisted Blade - Rsk. Haste x1 [exchange] || Exchange at mammblack 1: Fisted Blade - Haste x1 [exchange] || Craft (lvl 5, 100%): Fisted Blade Piece x10 [shop 74,680/drop: L44 Flamestone Golem, L45 Timak Orc Gosmos +5], Mithril Alloy x54 [shop 26,200/craft/exchange/quest], Synthetic Cokes x54 [shop 13,200/craft/exchange/quest], High Grade Suede x27 [shop 4,800/drop: L27 Grave Robber Lookout, L27 Ol Mahum Raider +105/craft/exchange/quest], Metal Hardener x108 [shop 10,000/drop: L15 Obsidian Golem, L16 Dark Terror +107/craft/exchange/quest], Crystal: C-Grade x300 [shop 6,000/exchange], Gemstone C x166 [shop 6,000] || Drop: L44 Flamestone Golem, L45 Timak Orc Gosmos, L50 Core, L50 Garden Guard Leader, L50 Orfen +2
PIECE	266	Great Pata	C	weapon	lrhand	DUALFIST	0	P.Atk 190 M.Atk 83	Exchange at mammblack 1: Great Pata - Critical Drain x1 [exchange] || Exchange at mammblack 1: Great Pata - Critical Poison x1 [exchange] || Exchange at mammblack 1: Great Pata - Rsk. Haste x1 [exchange] || Craft (lvl 6, 100%): Great Pata Blade x11 [shop 83,272/drop: L48 Orfen's Handmaiden, L53 Horrifying Ginzu Golem V +6], Mithril Alloy x80 [shop 26,200/craft/exchange/quest], Synthetic Cokes x80 [shop 13,200/craft/exchange/quest], High Grade Suede x40 [shop 4,800/drop: L27 Grave Robber Lookout, L27 Ol Mahum Raider +105/craft/exchange/quest], Metal Hardener x160 [shop 10,000/drop: L15 Obsidian Golem, L16 Dark Terror +107/craft/exchange/quest], Crystal: C-Grade x410 [shop 6,000/exchange], Gemstone C x248 [shop 6,000] || Drop: L48 Orfen's Handmaiden, L53 Oel Mahum, L53 Pobby's Maid, L53 Tortured Undead, L60 Zaken
PIECE	267	Arthro Nail	B	weapon	lrhand	DUALFIST	0	P.Atk 213 M.Atk 91	Exchange at mammblack 1: Arthro Nail - Critical Poison x1 [exchange] || Exchange at mammblack 1: Arthro Nail - Rsk. Evasion x1 [exchange] || Exchange at mammblack 1: Arthro Nail - Rsk. Haste x1 [exchange] || Craft (lvl 6, 60%): Recipe: Arthro Nail (60%) x1 [shop 347,200/drop: L58 Hamrut], Arthro Nail Blade x12 [shop 69,900/drop: L50 Cursed Clara, L52 Fafurion's Envoy Pingolpin +3], Mithril Alloy x80 [shop 26,200/craft/exchange/quest], Synthetic Cokes x80 [shop 13,200/craft/exchange/quest], High Grade Suede x40 [shop 4,800/drop: L27 Grave Robber Lookout, L27 Ol Mahum Raider +105/craft/exchange/quest], Enria x40 [shop 24,000/drop: L45 Dimension Invader Berserker, L45 Dimension Invader Magus +211/exchange/quest], Crystal: C-Grade x325 [shop 6,000/exchange], Gemstone B x62 [shop 20,000] || Craft (lvl 6, 100%): Recipe: Arthro Nail x1 [shop 347,200/drop: L55 Fallen Orc, L55 Harit Lizardman Matriarch], Arthro Nail Blade x12 [shop 69,900/drop: L50 Cursed Clara, L52 Fafurion's Envoy Pingolpin +3], Maestro Holder x3 [shop 822,000/craft], Mithril Alloy x118 [shop 26,200/craft/exchange/quest], Synthetic Cokes x118 [shop 13,200/craft/exchange/quest], High Grade Suede x59 [shop 4,800/drop: L27 Grave Robber Lookout, L27 Ol Mahum Raider +105/craft/exchange/quest], Enria x59 [shop 24,000/drop: L45 Dimension Invader Berserker, L45 Dimension Invader Magus +211/exchange/quest], Crystal: C-Grade x498 [shop 6,000/exchange], Gemstone B x62 [shop 20,000] || Drop: L50 Cursed Clara, L52 Fafurion's Envoy Pingolpin, L55 Beleth's Seer Sephia, L57 Fallen Orc Archer, L60 Forbidden Path Invader Elite Soldier +1
PIECE	268	Bellion Cestus	B	weapon	lrhand	DUALFIST	0	P.Atk 236 M.Atk 99	Exchange at mammblack 1: Bellion Cestus - Critical Drain x1 [exchange] || Exchange at mammblack 1: Bellion Cestus - Critical Poison x1 [exchange] || Exchange at mammblack 1: Bellion Cestus - Rsk. Haste x1 [exchange] || Craft (lvl 7, 60%): Recipe: Bellion Cestus (60%) x1 [shop 524,000/drop: L70 Karik], Bellion Cestus Edge x13 [shop 91,538/drop: L56 Refugee Hopeful Leo, L60 The 3rd Underwater Guardian +14], Mithril Alloy x120 [shop 26,200/craft/exchange/quest], Synthetic Cokes x120 [shop 13,200/craft/exchange/quest], High Grade Suede x60 [shop 4,800/drop: L27 Grave Robber Lookout, L27 Ol Mahum Raider +105/craft/exchange/quest], Enria x60 [shop 24,000/drop: L45 Dimension Invader Berserker, L45 Dimension Invader Magus +211/exchange/quest], Crystal: B-Grade x165 [shop 18,000/exchange], Gemstone B x98 [shop 20,000] || Craft (lvl 7, 100%): Recipe: Bellion Cestus x1 [shop 524,000/drop: L55 Taik Orc Supply Leader, L59 Beast Guardian], Bellion Cestus Edge x13 [shop 91,538/drop: L56 Refugee Hopeful Leo, L60 The 3rd Underwater Guardian +14], Maestro Holder x3 [shop 822,000/craft], Mithril Alloy x172 [shop 26,200/craft/exchange/quest], Synthetic Cokes x172 [shop 13,200/craft/exchange/quest], High Grade Suede x86 [shop 4,800/drop: L27 Grave Robber Lookout, L27 Ol Mahum Raider +105/craft/exchange/quest], Enria x86 [shop 24,000/drop: L45 Dimension Invader Berserker, L45 Dimension Invader Magus +211/exchange/quest], Crystal: B-Grade x339 [shop 18,000/exchange], Gemstone B x98 [shop 20,000] || Drop: L56 Refugee Hopeful Leo, L60 The 3rd Underwater Guardian, L63 Forbidden Path Invader Warrior, L63 Resurrected Knight, L64 Corrupt Sage +5
PIECE	269	Blood Tornado	A	weapon	lrhand	DUALFIST	0	P.Atk 259 M.Atk 107	Exchange at mammblack 1: Blood Tornado - Haste x1 [exchange] || Exchange at mammblack 1: Blood Tornado - Focus x1 [exchange] || Exchange at mammblack 1: Blood Tornado - Anger x1 [exchange] || Craft (lvl 7, 60%): Recipe: Blood Tornado(60%) x1 [shop 732,000/drop: L63 Forbidden Path Invader Disciple, L63 Forbidden Path Invader Warrior +3/exchange], Blood Tornado Edge x13 [shop 118,616/drop: L64 Gorgolos, L65 Gargoyle Lord Tiphon +24/quest], Maestro Holder x3 [shop 822,000/craft], Mithril Alloy x60 [shop 26,200/craft/exchange/quest], Synthetic Cokes x60 [shop 13,200/craft/exchange/quest], High Grade Suede x30 [shop 4,800/drop: L27 Grave Robber Lookout, L27 Ol Mahum Raider +105/craft/exchange/quest], Enria x30 [shop 24,000/drop: L45 Dimension Invader Berserker, L45 Dimension Invader Magus +211/exchange/quest], Durable Metal Plate x120 [shop 30,000/drop: L27 Grave Robber Lookout, L27 Kuran Kobold +126/craft/exchange/quest], Crystal: B-Grade x215 [shop 18,000/exchange], Gemstone B x143 [shop 20,000] || Craft (lvl 7, 100%): Recipe: Blood Tornado(100%) x1 [shop 732,000], Blood Tornado Edge x13 [shop 118,616/drop: L64 Gorgolos, L65 Gargoyle Lord Tiphon +24/quest], Warsmith's Holder x2 [shop 1,768,000/craft/exchange], Mithril Alloy x122 [shop 26,200/craft/exchange/quest], Synthetic Cokes x122 [shop 13,200/craft/exchange/quest], High Grade Suede x61 [shop 4,800/drop: L27 Grave Robber Lookout, L27 Ol Mahum Raider +105/craft/exchange/quest], Enria x61 [shop 24,000/drop: L45 Dimension Invader Berserker, L45 Dimension Invader Magus +211/exchange/quest], Durable Metal Plate x244 [shop 30,000/drop: L27 Grave Robber Lookout, L27 Kuran Kobold +126/craft/exchange/quest], Crystal: B-Grade x415 [shop 18,000/exchange], Gemstone B x143 [shop 20,000] || Drop: L64 Gorgolos, L65 Gargoyle Lord Tiphon, L68 Raider of Pastureland, L69 Alpen Cougar, L69 Ghost of Betrayer +24
PIECE	270	Dragon Grinder	A	weapon	lrhand	DUALFIST	0	P.Atk 282 M.Atk 114	Exchange at mammblack 1: Dragon Grinder - Rsk. Evasion x1 [exchange] || Exchange at mammblack 1: Dragon Grinder - Guidance x1 [exchange] || Exchange at mammblack 1: Dragon Grinder - Health x1 [exchange] || Craft (lvl 8, 60%): Recipe: Dragon Grinder(60%) x1 [shop 1,080,000/drop: L65 Alpen Kookaburra, L65 Shout of Splendor +10/exchange], Dragon Grinder Edge x14 [shop 145,828/drop: L68 Anakazel, L70 Palibati Queen Themis +17/quest], Maestro Holder x3 [shop 822,000/craft], Mithril Alloy x98 [shop 26,200/craft/exchange/quest], Synthetic Cokes x98 [shop 13,200/craft/exchange/quest], High Grade Suede x49 [shop 4,800/drop: L27 Grave Robber Lookout, L27 Ol Mahum Raider +105/craft/exchange/quest], Enria x49 [shop 24,000/drop: L45 Dimension Invader Berserker, L45 Dimension Invader Magus +211/exchange/quest], Durable Metal Plate x196 [shop 30,000/drop: L27 Grave Robber Lookout, L27 Kuran Kobold +126/craft/exchange/quest], Crystal: A-Grade x194 [shop 30,000/exchange], Gemstone A x74 [shop 60,000/exchange] || Craft (lvl 8, 100%): Recipe: Dragon Grinder(100%) x1 [shop 1,080,000], Dragon Grinder Edge x14 [shop 145,828/drop: L68 Anakazel, L70 Palibati Queen Themis +17/quest], Warsmith's Holder x2 [shop 1,768,000/craft/exchange], Mithril Alloy x194 [shop 26,200/craft/exchange/quest], Synthetic Cokes x194 [shop 13,200/craft/exchange/quest], High Grade Suede x97 [shop 4,800/drop: L27 Grave Robber Lookout, L27 Ol Mahum Raider +105/craft/exchange/quest], Enria x97 [shop 24,000/drop: L45 Dimension Invader Berserker, L45 Dimension Invader Magus +211/exchange/quest], Durable Metal Plate x388 [shop 30,000/drop: L27 Grave Robber Lookout, L27 Kuran Kobold +126/craft/exchange/quest], Crystal: A-Grade x370 [shop 30,000/exchange], Gemstone A x74 [shop 60,000/exchange] || Drop: L68 Anakazel, L70 Palibati Queen Themis, L72 Water Dragon Seer Sheshark, L79 Antharas, L79 Lavasaurus +11
PIECE	271	Hunting Bow	NG	weapon	lrhand	BOW	0	P.Atk 34 M.Atk 12	Exchange at Ariel, Arodin, Creamees, Damion, Garita, Iria, Jackson, Jakal, Kunai, Lector, Minaless, Mion, Nestle, Payne, Reep, Shari, Silvia, Simplon, Sydnia, Unoren, Uska, Varan: Bow x1 [drop: L8 Balor Orc Archer, L8 Kaboo Orc Archer +3/craft/exchange], Adena x45,760 || Drop: L12 Skeleton Hunter, L13 Dungeon Skeleton Archer, L13 Grave Keeper, L13 Skeleton Archer, L13 Skeleton Hunter Archer +6
PIECE	272	Forest Bow	NG	weapon	lrhand	BOW	0	P.Atk 49 M.Atk 17	Exchange at Ariel, Arodin, Creamees, Damion, Garita, Iria, Jackson, Jakal, Kunai, Lector, Minaless, Mion, Nestle, Payne, Reep, Shari, Silvia, Simplon, Sydnia, Unoren, Uska, Varan: Hunting Bow x1 [drop: L12 Skeleton Hunter, L13 Dungeon Skeleton Archer +9/exchange], Adena x90,090 || Craft (lvl 1, 100%): Forest Bow Shaft x3 [shop 18,534/drop: L16 Ruin Zombie Leader, L16 Skeleton Infantryman +8], Iron Ore x225 [shop 400/drop: L3 Elder Brown Keltir, L3 Elder Keltir +275], Braided Hemp x45 [shop 1,000/drop: L18 Lirein, L18 Salamander Elder +111/craft/exchange/quest], Suede x45 [shop 600/drop: L1 Elpy, L5 Giant Toad +296] || Drop: L17 Ore Bat, L19 Skeleton Longbowman, L20 Dre Vanul Tracker, L20 Skeleton Bowman
PIECE	273	Composite Bow	NG	weapon	lrhand	BOW	0	P.Atk 64 M.Atk 21	Exchange at Ariel, Arodin, Creamees, Damion, Garita, Iria, Jackson, Jakal, Kunai, Lector, Minaless, Mion, Nestle, Payne, Reep, Shari, Silvia, Simplon, Sydnia, Unoren, Uska, Varan: Forest Bow x1 [drop: L17 Ore Bat, L19 Skeleton Longbowman +2/craft/exchange], Adena x118,800 || Craft (lvl 1, 100%): Composition Bow Shaft x3 [shop 34,134/drop: L21 Ol Mahum Recruit, L21 Ruin Imp Elder +7], Iron Ore x400 [shop 400/drop: L3 Elder Brown Keltir, L3 Elder Keltir +275], Braided Hemp x80 [shop 1,000/drop: L18 Lirein, L18 Salamander Elder +111/craft/exchange/quest], Suede x80 [shop 600/drop: L1 Elpy, L5 Giant Toad +296] || Drop: L21 Ruin Imp Elder, L22 Akaste Succubus Tilfo, L22 Maille Lizardman Scout, L23 Ol Mahum Straggler, L24 Kasha Bugbear +1
PIECE	274	Reinforced Bow	D	weapon	lrhand	BOW	0	P.Atk 82 M.Atk 26	Exchange at mammblack 1b: Branch of Life x1 [drop: L26 Monster Eye Destroyer, L26 Specter +1/exchange] || Exchange at mammblack 1b: Temptation of Abyss x1 [drop: L26 Monster Eye Destroyer, L26 Specter +1/craft/exchange] || Exchange at mammblack 1b: Proof of Revenge x1 [drop: L26 Monster Eye Destroyer, L26 Specter +1/exchange] || Drop: L27 Grave Robber Scout, L27 Turek Orc Archer, L27 Underground Kobold Warrior, L28 Ol Mahum Marksman, L28 Talakin Archer
PIECE	275	Long Bow	D	weapon	lrhand	BOW	0	P.Atk 114 M.Atk 35	Exchange at mammblack 1a: Reinforced Bow x1 [drop: L27 Grave Robber Scout, L27 Turek Orc Archer +3/exchange], Ancient Adena x282,000 || Exchange at mammblack 1b: Spinebone Sword x1 [drop: L23 Greyclaw Kutus, L30 Bandit Sweeper +4/craft/exchange] || Exchange at mammblack 1b: Mystic Staff x1 [drop: L23 Tracker Leader Sharuk, L29 Marsh Stakato +4/exchange] || Drop: L21 Serpent Demon Bifrons, L24 Unrequited Kael, L29 Roxide Cohort, L29 Singing Wind, L29 Skeleton Marauder +3
PIECE	276	Elven Bow	D	weapon	lrhand	BOW	0	P.Atk 105 M.Atk 32	Exchange at mammblack 1a: Reinforced Bow x1 [drop: L27 Grave Robber Scout, L27 Turek Orc Archer +3/exchange], Ancient Adena x282,000 || Exchange at mammblack 1b: Spinebone Sword x1 [drop: L23 Greyclaw Kutus, L30 Bandit Sweeper +4/craft/exchange] || Exchange at mammblack 1b: Mystic Staff x1 [drop: L23 Tracker Leader Sharuk, L29 Marsh Stakato +4/exchange] || Craft (lvl 2, 100%): Elven Bow Shaft x5 [shop 28,080/drop: L21 Serpent Demon Bifrons, L24 Unrequited Kael +9], Steel x100 [shop 4,000/drop: L11 Balor Orc Lieutenant, L18 Tainted Zombie +147/craft/exchange/quest], Braided Hemp x20 [shop 1,000/drop: L18 Lirein, L18 Salamander Elder +111/craft/exchange/quest], High Grade Suede x20 [shop 4,800/drop: L27 Grave Robber Lookout, L27 Ol Mahum Raider +105/craft/exchange/quest], Crystal: D-Grade x200 [shop 1,300/exchange], Gemstone D x57 [shop 2,000] || Drop: L21 Serpent Demon Bifrons, L24 Unrequited Kael, L29 Roxide Cohort, L29 Singing Wind, L29 Skeleton Marauder +3
PIECE	277	Dark Elven Bow	D	weapon	lrhand	BOW	0	P.Atk 105 M.Atk 32	Exchange at mammblack 1a: Reinforced Bow x1 [drop: L27 Grave Robber Scout, L27 Turek Orc Archer +3/exchange], Ancient Adena x282,000 || Exchange at mammblack 1b: Spinebone Sword x1 [drop: L23 Greyclaw Kutus, L30 Bandit Sweeper +4/craft/exchange] || Exchange at mammblack 1b: Mystic Staff x1 [drop: L23 Tracker Leader Sharuk, L29 Marsh Stakato +4/exchange]
PIECE	278	Gastraphetes	D	weapon	lrhand	BOW	0	P.Atk 132 M.Atk 39	Exchange at mammblack 1a: Long Bow x1 [drop: L21 Serpent Demon Bifrons, L24 Unrequited Kael +6/exchange], Ancient Adena x387,600 || Exchange at mammblack 1a: Elven Bow x1 [drop: L21 Serpent Demon Bifrons, L24 Unrequited Kael +6/craft/exchange], Ancient Adena x387,600 || Exchange at mammblack 1a: Dark Elven Bow x1 [exchange], Ancient Adena x387,600 || Craft (lvl 3, 100%): Gastraphetes Shaft x6 [shop 33,534/drop: L25 Betrayer of Urutu Freki, L33 Otherworldly Invader Archer +6], Steel x150 [shop 4,000/drop: L11 Balor Orc Lieutenant, L18 Tainted Zombie +147/craft/exchange/quest], Braided Hemp x30 [shop 1,000/drop: L18 Lirein, L18 Salamander Elder +111/craft/exchange/quest], High Grade Suede x30 [shop 4,800/drop: L27 Grave Robber Lookout, L27 Ol Mahum Raider +105/craft/exchange/quest], Crystal: D-Grade x300 [shop 1,300/exchange], Gemstone D x91 [shop 2,000] || Drop: L25 Betrayer of Urutu Freki, L33 Otherworldly Invader Archer, L36 Cave Ant Larva, L36 Leto Lizardman Archer
PIECE	279	Reinforced Long Bow	D	weapon	lrhand	BOW	0	P.Atk 179 M.Atk 51	Exchange at mammblack 1a: Gastraphetes x1 [drop: L25 Betrayer of Urutu Freki, L33 Otherworldly Invader Archer +2/craft/exchange], Ancient Adena x519,600 || Exchange at mammblack 1b: Maingauche x1 [drop: L30 Boss Akata, L30 Turek Mercenary Captain +4/craft/exchange] || Exchange at mammblack 1b: Skull Breaker x1 [drop: L30 Apepi, L38 Cave Ant Soldier +6/craft/exchange] || Craft (lvl 3, 100%): Strengthened Long Bow Shaft x7 [shop 34,572/drop: L29 Elf Renoa, L32 Captain of Queen's Royal Guards +6], Steel x225 [shop 4,000/drop: L11 Balor Orc Lieutenant, L18 Tainted Zombie +147/craft/exchange/quest], Braided Hemp x45 [shop 1,000/drop: L18 Lirein, L18 Salamander Elder +111/craft/exchange/quest], High Grade Suede x45 [shop 4,800/drop: L27 Grave Robber Lookout, L27 Ol Mahum Raider +105/craft/exchange/quest], Crystal: D-Grade x300 [shop 1,300/exchange], Gemstone D x139 [shop 2,000] || Drop: L29 Elf Renoa, L32 Captain of Queen's Royal Guards, L37 Grave Monk, L39 Leto Lizardman Shaman, L39 Tasaba Lizardman Sniper +1
PIECE	280	Light Crossbow	D	weapon	lrhand	BOW	0	P.Atk 191 M.Atk 54	Exchange at mammblack 1a: Reinforced Long Bow x1 [drop: L29 Elf Renoa, L32 Captain of Queen's Royal Guards +4/craft/exchange], Ancient Adena x480,000 || Exchange at mammblack 1b: Ancient Reagent x1 [craft/exchange] || Exchange at mammblack 1b: Atuba Mace x1 [drop: L34 Breka Warlock Pastu, L35 Guilotine, Warden of the Execution Grounds +5/craft/exchange] || Craft (lvl 4, 100%): Light Crossbow Shaft x8 [shop 47,000/drop: L34 Cronos's Servitor Mumu, L35 Tasaba Patriarch Hellena +5], Steel x275 [shop 4,000/drop: L11 Balor Orc Lieutenant, L18 Tainted Zombie +147/craft/exchange/quest], Braided Hemp x55 [shop 1,000/drop: L18 Lirein, L18 Salamander Elder +111/craft/exchange/quest], High Grade Suede x55 [shop 4,800/drop: L27 Grave Robber Lookout, L27 Ol Mahum Raider +105/craft/exchange/quest], Crystal: D-Grade x550 [shop 1,300/exchange], Gemstone D x185 [shop 2,000] || Drop: L34 Cronos's Servitor Mumu, L35 Tasaba Patriarch Hellena, L36 Evil Spirit Tempest, L40 Queen Ant, L41 Timak Orc Archer +2
PIECE	281	Crystallized Ice Bow	C	weapon	lrhand	BOW	0	P.Atk 220 M.Atk 61	Exchange at mammblack 1: Crystallized Ice Bow - Guidance x1 [exchange] || Exchange at mammblack 1: Crystallized Ice Bow - Evasion x1 [exchange] || Exchange at mammblack 1: Crystallized Ice Bow - Quick Recovery x1 [exchange] || Craft (lvl 4, 100%): Crystallized Ice Bow Shaft x8 [shop 56,476/drop: L37 Rayito the Looter, L40 Leto Chief Talkin +10], Mithril Alloy x45 [shop 26,200/craft/exchange/quest], Compound Braid x9 [shop 6,000/drop: L27 Gigant Overseer, L27 Grave Robber Scout +145/craft/exchange/quest], High Grade Suede x9 [shop 4,800/drop: L27 Grave Robber Lookout, L27 Ol Mahum Raider +105/craft/exchange/quest], Metal Hardener x54 [shop 10,000/drop: L15 Obsidian Golem, L16 Dark Terror +107/craft/exchange/quest], Crystal: D-Grade x700 [shop 1,300/exchange], Gemstone C x81 [shop 6,000] || Drop: L37 Rayito the Looter, L40 Leto Chief Talkin, L44 Catacomb Liviona, L44 Tanor Silenos Scout, L44 Zaken's Archer +6
PIECE	282	Elemental Bow	C	weapon	lrhand	BOW	0	P.Atk 277 M.Atk 75	Exchange at mammblack 1: Elemental Bow - Guidance x1 [exchange] || Exchange at mammblack 1: Elemental Bow - Miser x1 [exchange] || Exchange at mammblack 1: Elemental Bow - Quick Recovery x1 [exchange] || Craft (lvl 5, 100%): Crossbow Shaft x9 [shop 57,822/drop: L42 Retreat Spider Cletu, L47 Cave Servant Archer +3], Mithril Alloy x60 [shop 26,200/craft/exchange/quest], Compound Braid x12 [shop 6,000/drop: L27 Gigant Overseer, L27 Grave Robber Scout +145/craft/exchange/quest], High Grade Suede x12 [shop 4,800/drop: L27 Grave Robber Lookout, L27 Ol Mahum Raider +105/craft/exchange/quest], Metal Hardener x72 [shop 10,000/drop: L15 Obsidian Golem, L16 Dark Terror +107/craft/exchange/quest], Crystal: C-Grade x170 [shop 6,000/exchange], Gemstone C x105 [shop 6,000] || Drop: L42 Retreat Spider Cletu, L47 Cave Servant Archer, L48 Fiend Archer, L48 Forest of Mirrors Ghost, L48 Pit Archer
PIECE	283	Akat Long Bow	C	weapon	lrhand	BOW	0	P.Atk 316 M.Atk 84	Exchange at mammblack 1: Akat Long Bow - Guidance x1 [exchange] || Exchange at mammblack 1: Akat Long Bow - Evasion x1 [exchange] || Exchange at mammblack 1: Akat Long Bow - Miser x1 [exchange] || Craft (lvl 5, 100%): Akat Longbow Shaft x10 [shop 71,340/drop: L44 Thief Kelbar, L45 Evil Spirit Cyrion +5], Mithril Alloy x85 [shop 26,200/craft/exchange/quest], Compound Braid x17 [shop 6,000/drop: L27 Gigant Overseer, L27 Grave Robber Scout +145/craft/exchange/quest], High Grade Suede x17 [shop 4,800/drop: L27 Grave Robber Lookout, L27 Ol Mahum Raider +105/craft/exchange/quest], Metal Hardener x102 [shop 10,000/drop: L15 Obsidian Golem, L16 Dark Terror +107/craft/exchange/quest], Crystal: C-Grade x290 [shop 6,000/exchange], Gemstone C x166 [shop 6,000] || Drop: L44 Thief Kelbar, L45 Evil Spirit Cyrion, L50 Core, L50 Harit Lizardman, L50 Orfen +3
PIECE	284	Dark Elven Long Bow	B	weapon	lrhand	BOW	0	P.Atk 397 M.Atk 100	Exchange at mammblack 1: Dark Elven Long Bow - Evasion x1 [exchange] || Exchange at mammblack 1: Dark Elven Long Bow - Critical Bleed x1 [exchange] || Exchange at mammblack 1: Dark Elven Long Bow - Miser x1 [exchange] || Craft (lvl 6, 60%): Recipe: Dark Elven Long Bow (60%) x1 [shop 347,200/drop: L55 Purgatory Invader Soldier, L55 Wretched Archer], Dark Elven Longbow Shaft x12 [shop 70,650/drop: L50 Lilith's Witch Marilion, L53 Atraiban +5], Mithril Alloy x125 [shop 26,200/craft/exchange/quest], Compound Braid x25 [shop 6,000/drop: L27 Gigant Overseer, L27 Grave Robber Scout +145/craft/exchange/quest], High Grade Suede x25 [shop 4,800/drop: L27 Grave Robber Lookout, L27 Ol Mahum Raider +105/craft/exchange/quest], Enria x25 [shop 24,000/drop: L45 Dimension Invader Berserker, L45 Dimension Invader Magus +211/exchange/quest], Crystal: C-Grade x350 [shop 6,000/exchange], Gemstone B x62 [shop 20,000] || Craft (lvl 6, 100%): Recipe: Dark Elven Long Bow x1 [shop 347,200/drop: L55 Halingka], Dark Elven Longbow Shaft x12 [shop 70,650/drop: L50 Lilith's Witch Marilion, L53 Atraiban +5], Maestro Holder x3 [shop 822,000/craft], Mithril Alloy x185 [shop 26,200/craft/exchange/quest], Compound Braid x37 [shop 6,000/drop: L27 Gigant Overseer, L27 Grave Robber Scout +145/craft/exchange/quest], High Grade Suede x37 [shop 4,800/drop: L27 Grave Robber Lookout, L27 Ol Mahum Raider +105/craft/exchange/quest], Enria x37 [shop 24,000/drop: L45 Dimension Invader Berserker, L45 Dimension Invader Magus +211/exchange/quest], Crystal: C-Grade x534 [shop 6,000/exchange], Gemstone B x62 [shop 20,000] || Drop: L50 Lilith's Witch Marilion, L53 Atraiban, L55 Black Lily, L56 Doom Scout, L59 Beast Guardian +3
PIECE	285	Noble Elven Bow	C	weapon	lrhand	BOW	0	P.Atk 252 M.Atk 68	Exchange at mammblack 1: Noble Elven Bow - Evasion x1 [exchange] || Exchange at mammblack 1: Noble Elven Bow - Miser x1 [exchange] || Exchange at mammblack 1: Noble Elven Bow - Cheap Shot x1 [exchange] || Craft (lvl 5, 100%): Elven Bow of Nobility Shaft x9 [shop 57,822/drop: L42 Retreat Spider Cletu, L47 Cave Servant Archer +3], Mithril Alloy x60 [shop 26,200/craft/exchange/quest], Compound Braid x12 [shop 6,000/drop: L27 Gigant Overseer, L27 Grave Robber Scout +145/craft/exchange/quest], High Grade Suede x12 [shop 4,800/drop: L27 Grave Robber Lookout, L27 Ol Mahum Raider +105/craft/exchange/quest], Metal Hardener x72 [shop 10,000/drop: L15 Obsidian Golem, L16 Dark Terror +107/craft/exchange/quest], Crystal: C-Grade x170 [shop 6,000/exchange], Gemstone C x105 [shop 6,000] || Drop: L42 Retreat Spider Cletu, L47 Cave Servant Archer, L48 Fiend Archer, L48 Forest of Mirrors Ghost, L48 Pit Archer
PIECE	286	Eminence Bow	C	weapon	lrhand	BOW	0	P.Atk 323 M.Atk 83	Exchange at mammblack 1: Eminence Bow - Guidance x1 [exchange] || Exchange at mammblack 1: Eminence Bow - Miser x1 [exchange] || Exchange at mammblack 1: Eminence Bow - Cheap Shot x1 [exchange] || Craft (lvl 6, 100%): Eminence Bow Shaft x11 [shop 86,982/drop: L49 Katu Van Leader Atui, L53 Lost Bandersnatch +7], Mithril Alloy x120 [shop 26,200/craft/exchange/quest], Compound Braid x24 [shop 6,000/drop: L27 Gigant Overseer, L27 Grave Robber Scout +145/craft/exchange/quest], High Grade Suede x24 [shop 4,800/drop: L27 Grave Robber Lookout, L27 Ol Mahum Raider +105/craft/exchange/quest], Metal Hardener x144 [shop 10,000/drop: L15 Obsidian Golem, L16 Dark Terror +107/craft/exchange/quest], Crystal: C-Grade x420 [shop 6,000/exchange], Gemstone C x248 [shop 6,000] || Drop: L49 Katu Van Leader Atui, L53 Purgatory Invader Archer, L55 Harit Lizardman Matriarch, L55 Pobby Escort, L55 Purgatory Invader Elite Soldier +3
PIECE	287	Bow of Peril	B	weapon	lrhand	BOW	0	P.Atk 400 M.Atk 99	Exchange at mammblack 1: Bow of Peril - Guidance x1 [exchange] || Exchange at mammblack 1: Bow of Peril - Quick Recovery x1 [exchange] || Exchange at mammblack 1: Bow of Peril - Cheap Shot x1 [exchange] || Craft (lvl 7, 60%): Recipe: Bow of Peril (60%) x1 [shop 524,000/drop: L78 Nonexistent Man], Bow of Peril Shaft x13 [shop 91,846/drop: L50 Carnamakos, L59 Captain of the Ice Queen's Royal Guard +15], Mithril Alloy x200 [shop 26,200/craft/exchange/quest], Compound Braid x40 [shop 6,000/drop: L27 Gigant Overseer, L27 Grave Robber Scout +145/craft/exchange/quest], High Grade Suede x40 [shop 4,800/drop: L27 Grave Robber Lookout, L27 Ol Mahum Raider +105/craft/exchange/quest], Enria x40 [shop 24,000/drop: L45 Dimension Invader Berserker, L45 Dimension Invader Magus +211/exchange/quest], Crystal: B-Grade x155 [shop 18,000/exchange], Gemstone B x98 [shop 20,000] || Craft (lvl 7, 100%): Recipe: Bow of Peril x1 [shop 524,000/drop: L62 Death Wave, L73 Binder], Bow of Peril Shaft x13 [shop 91,846/drop: L50 Carnamakos, L59 Captain of the Ice Queen's Royal Guard +15], Maestro Holder x3 [shop 822,000/craft], Mithril Alloy x285 [shop 26,200/craft/exchange/quest], Compound Braid x57 [shop 6,000/drop: L27 Gigant Overseer, L27 Grave Robber Scout +145/craft/exchange/quest], High Grade Suede x57 [shop 4,800/drop: L27 Grave Robber Lookout, L27 Ol Mahum Raider +105/craft/exchange/quest], Enria x57 [shop 24,000/drop: L45 Dimension Invader Berserker, L45 Dimension Invader Magus +211/exchange/quest], Crystal: B-Grade x328 [shop 18,000/exchange], Gemstone B x98 [shop 20,000] || Drop: L50 Carnamakos, L59 Captain of the Ice Queen's Royal Guard, L60 Giant Marpanak, L63 Forbidden Path Invader Archer, L64 Guardian Warrior of Elmoreden +7
PIECE	288	Carnage Bow	A	weapon	lrhand	BOW	0	P.Atk 440 M.Atk 107	Exchange at mammblack 1: Carnage Bow - Light x1 [exchange] || Exchange at mammblack 1: Carnage Bow - Critical Bleed x1 [exchange] || Exchange at mammblack 1: Carnage Bow - Mana Up x1 [exchange] || Craft (lvl 7, 60%): Recipe: Carnage Bow(60%) x1 [shop 732,000/drop: L63 Forbidden Path Invader Disciple, L63 Forbidden Path Invader Shaman +3/exchange], Carnage Bow Stave x13 [shop 117,230/drop: L58 Eva's Guardian Millenu, L65 Enmity Ghost Ramdal +22/quest], Maestro Holder x3 [shop 822,000/craft], Mithril Alloy x150 [shop 26,200/craft/exchange/quest], Compound Braid x30 [shop 6,000/drop: L27 Gigant Overseer, L27 Grave Robber Scout +145/craft/exchange/quest], High Grade Suede x30 [shop 4,800/drop: L27 Grave Robber Lookout, L27 Ol Mahum Raider +105/craft/exchange/quest], Enria x30 [shop 24,000/drop: L45 Dimension Invader Berserker, L45 Dimension Invader Magus +211/exchange/quest], Durable Metal Plate x60 [shop 30,000/drop: L27 Grave Robber Lookout, L27 Kuran Kobold +126/craft/exchange/quest], Crystal: B-Grade x219 [shop 18,000/exchange], Gemstone B x143 [shop 20,000] || Craft (lvl 7, 100%): Recipe: Carnage Bow(100%) x1 [shop 732,000], Carnage Bow Stave x13 [shop 117,230/drop: L58 Eva's Guardian Millenu, L65 Enmity Ghost Ramdal +22/quest], Warsmith's Holder x2 [shop 1,768,000/craft/exchange], Mithril Alloy x305 [shop 26,200/craft/exchange/quest], Compound Braid x61 [shop 6,000/drop: L27 Gigant Overseer, L27 Grave Robber Scout +145/craft/exchange/quest], High Grade Suede x61 [shop 4,800/drop: L27 Grave Robber Lookout, L27 Ol Mahum Raider +105/craft/exchange/quest], Enria x61 [shop 24,000/drop: L45 Dimension Invader Berserker, L45 Dimension Invader Magus +211/exchange/quest], Durable Metal Plate x122 [shop 30,000/drop: L27 Grave Robber Lookout, L27 Kuran Kobold +126/craft/exchange/quest], Crystal: B-Grade x421 [shop 18,000/exchange], Gemstone B x143 [shop 20,000] || Drop: L58 Eva's Guardian Millenu, L65 Enmity Ghost Ramdal, L68 Alpen Grendel, L68 Frenzy Stakato Soldier, L68 Skull Animator +21
PIECE	289	Soul Bow	A	weapon	lrhand	BOW	0	P.Atk 528 M.Atk 125	Exchange at mammblack 1: Soul Bow - Cheap Shot x1 [exchange] || Exchange at mammblack 1: Soul Bow - Quick Recovery x1 [exchange] || Exchange at mammblack 1: Soul Bow - Critical Poison x1 [exchange] || Craft (lvl 8, 60%): Recipe: Soul Bow(60%) x1 [shop 1,080,000/drop: L65 Forbidden Path Invader Elite Soldier, L67 Alpen Buffalo +10/exchange], Soul Bow Stave x14 [shop 145,700/drop: L69 Bloody Priest Rudelto, L70 Beast Lord Behemoth +20/quest], Maestro Holder x3 [shop 822,000/craft], Mithril Alloy x245 [shop 26,200/craft/exchange/quest], Compound Braid x49 [shop 6,000/drop: L27 Gigant Overseer, L27 Grave Robber Scout +145/craft/exchange/quest], High Grade Suede x49 [shop 4,800/drop: L27 Grave Robber Lookout, L27 Ol Mahum Raider +105/craft/exchange/quest], Enria x49 [shop 24,000/drop: L45 Dimension Invader Berserker, L45 Dimension Invader Magus +211/exchange/quest], Durable Metal Plate x98 [shop 30,000/drop: L27 Grave Robber Lookout, L27 Kuran Kobold +126/craft/exchange/quest], Crystal: A-Grade x197 [shop 30,000/exchange], Gemstone A x74 [shop 60,000/exchange] || Craft (lvl 8, 100%): Recipe: Soul Bow(100%) x1 [shop 1,080,000], Soul Bow Stave x14 [shop 145,700/drop: L69 Bloody Priest Rudelto, L70 Beast Lord Behemoth +20/quest], Warsmith's Holder x2 [shop 1,768,000/craft/exchange], Mithril Alloy x490 [shop 26,200/craft/exchange/quest], Compound Braid x98 [shop 6,000/drop: L27 Gigant Overseer, L27 Grave Robber Scout +145/craft/exchange/quest], High Grade Suede x98 [shop 4,800/drop: L27 Grave Robber Lookout, L27 Ol Mahum Raider +105/craft/exchange/quest], Enria x98 [shop 24,000/drop: L45 Dimension Invader Berserker, L45 Dimension Invader Magus +211/exchange/quest], Durable Metal Plate x196 [shop 30,000/drop: L27 Grave Robber Lookout, L27 Kuran Kobold +126/craft/exchange/quest], Crystal: A-Grade x369 [shop 30,000/exchange], Gemstone A x74 [shop 60,000/exchange] || Drop: L69 Bloody Priest Rudelto, L70 Beast Lord Behemoth, L72 Vanor Chief Kandra, L79 Antharas, L79 Grazing Nepenthes +15
PIECE	291	Trident	D	weapon	lrhand	POLE	0	P.Atk 40 M.Atk 26	Exchange at mammblack 1b: Reinforced Bow x1 [drop: L27 Grave Robber Scout, L27 Turek Orc Archer +3/exchange] || Exchange at mammblack 1b: Branch of Life x1 [drop: L26 Monster Eye Destroyer, L26 Specter +1/exchange] || Exchange at mammblack 1b: Temptation of Abyss x1 [drop: L26 Monster Eye Destroyer, L26 Specter +1/craft/exchange] || Craft (lvl 2, 100%): Trident Edge x4 [shop 18,600/drop: L26 Ol Mahum General, L26 Sobbing Wind +5], Steel x80 [shop 4,000/drop: L11 Balor Orc Lieutenant, L18 Tainted Zombie +147/craft/exchange/quest], Cokes x40 [shop 2,400/drop: L18 Red Eye Barbed Bat, L18 Undine Elder +120/craft/exchange/quest], High Grade Suede x20 [shop 4,800/drop: L27 Grave Robber Lookout, L27 Ol Mahum Raider +105/craft/exchange/quest], Gemstone D x34 [shop 2,000] || Drop: L26 Ol Mahum General, L27 Talakin Raider, L28 Giggling Wind, L28 Skeleton Axeman
PIECE	292	Pike	D	weapon	lrhand	POLE	0	P.Atk 51 M.Atk 32	Exchange at mammblack 1a: Trident x1 [drop: L26 Ol Mahum General, L27 Talakin Raider +2/craft/exchange], Ancient Adena x282,000 || Exchange at mammblack 1b: Spinebone Sword x1 [drop: L23 Greyclaw Kutus, L30 Bandit Sweeper +4/craft/exchange] || Exchange at mammblack 1b: Mystic Staff x1 [drop: L23 Tracker Leader Sharuk, L29 Marsh Stakato +4/exchange] || Drop: L21 Kaysha Herald of Icarus, L29 Grave Robber Guard, L30 Greedy Geist, L30 Otherworldly Invader Elite Soldier, L31 Marsh Stakato Worker +1
PIECE	293	War Hammer	D	weapon	lrhand	POLE	0	P.Atk 64 M.Atk 39	Exchange at mammblack 1a: Pike x1 [drop: L21 Kaysha Herald of Icarus, L29 Grave Robber Guard +4/exchange], Ancient Adena x387,600 || Exchange at mammblack 1a: Dwarven Trident x1 [craft/exchange], Ancient Adena x387,600 || Exchange at mammblack 1b: Gastraphetes x1 [drop: L25 Betrayer of Urutu Freki, L33 Otherworldly Invader Archer +2/craft/exchange] || Drop: L25 Princess Molrang, L26 Patriarch Kuroboros, L35 Marsh Stakato Drone, L36 Ant Warrior Captain, L36 Hatu Onyx Beast
PIECE	294	War Pick	D	weapon	lrhand	POLE	0	P.Atk 79 M.Atk 47	Exchange at mammblack 1a: War Hammer x1 [drop: L25 Princess Molrang, L26 Patriarch Kuroboros +3/exchange], Ancient Adena x519,600 || Exchange at mammblack 1a: Dwarven Pike x1 [drop: L25 Princess Molrang, L26 Patriarch Kuroboros +3/exchange], Ancient Adena x519,600 || Exchange at mammblack 1b: Maingauche x1 [drop: L30 Boss Akata, L30 Turek Mercenary Captain +4/craft/exchange] || Craft (lvl 3, 100%): War Pick Head x7 [shop 35,858/drop: L30 Agent of Beres, Meana, L38 Crokian Warrior +1], Steel x180 [shop 4,000/drop: L11 Balor Orc Lieutenant, L18 Tainted Zombie +147/craft/exchange/quest], Cokes x90 [shop 2,400/drop: L18 Red Eye Barbed Bat, L18 Undine Elder +120/craft/exchange/quest], High Grade Suede x45 [shop 4,800/drop: L27 Grave Robber Lookout, L27 Ol Mahum Raider +105/craft/exchange/quest], Crystal: D-Grade x430 [shop 1,300/exchange], Gemstone D x139 [shop 2,000] || Drop: L30 Agent of Beres, Meana, L40 Nos
PIECE	295	Dwarven Trident	D	weapon	lrhand	POLE	0	P.Atk 51 M.Atk 32	Exchange at mammblack 1a: Trident x1 [drop: L26 Ol Mahum General, L27 Talakin Raider +2/craft/exchange], Ancient Adena x282,000 || Exchange at mammblack 1b: Spinebone Sword x1 [drop: L23 Greyclaw Kutus, L30 Bandit Sweeper +4/craft/exchange] || Exchange at mammblack 1b: Mystic Staff x1 [drop: L23 Tracker Leader Sharuk, L29 Marsh Stakato +4/exchange] || Craft (lvl 2, 100%): Dwarven Trident Edge x5 [shop 28,880/drop: L29 Singing Wind, L29 Skeleton Marauder +3], Steel x80 [shop 4,000/drop: L11 Balor Orc Lieutenant, L18 Tainted Zombie +147/craft/exchange/quest], Cokes x40 [shop 2,400/drop: L18 Red Eye Barbed Bat, L18 Undine Elder +120/craft/exchange/quest], High Grade Suede x20 [shop 4,800/drop: L27 Grave Robber Lookout, L27 Ol Mahum Raider +105/craft/exchange/quest], Crystal: D-Grade x200 [shop 1,300/exchange], Gemstone D x57 [shop 2,000]
PIECE	296	Dwarven Pike	D	weapon	lrhand	POLE	0	P.Atk 64 M.Atk 39	Exchange at mammblack 1a: Pike x1 [drop: L21 Kaysha Herald of Icarus, L29 Grave Robber Guard +4/exchange], Ancient Adena x387,600 || Exchange at mammblack 1a: Dwarven Trident x1 [craft/exchange], Ancient Adena x387,600 || Exchange at mammblack 1b: Gastraphetes x1 [drop: L25 Betrayer of Urutu Freki, L33 Otherworldly Invader Archer +2/craft/exchange] || Drop: L25 Princess Molrang, L26 Patriarch Kuroboros, L35 Marsh Stakato Drone, L36 Ant Warrior Captain, L36 Hatu Onyx Beast
PIECE	297	Glaive	D	weapon	lrhand	POLE	0	P.Atk 92 M.Atk 54	Exchange at mammblack 1a: Winged Spear x1 [drop: L30 Agent of Beres, Meana, L40 Nos/craft/exchange], Ancient Adena x480,000 || Exchange at mammblack 1a: War Pick x1 [drop: L30 Agent of Beres, Meana, L40 Nos/craft/exchange], Ancient Adena x480,000 || Exchange at mammblack 1b: Ancient Reagent x1 [craft/exchange] || Craft (lvl 4, 100%): Glaive Edge x8 [shop 48,376/drop: L33 Nurka's Messenger, L35 Chertuba of Great Soul +3], Steel x220 [shop 4,000/drop: L11 Balor Orc Lieutenant, L18 Tainted Zombie +147/craft/exchange/quest], Cokes x110 [shop 2,400/drop: L18 Red Eye Barbed Bat, L18 Undine Elder +120/craft/exchange/quest], High Grade Suede x55 [shop 4,800/drop: L27 Grave Robber Lookout, L27 Ol Mahum Raider +105/craft/exchange/quest], Crystal: D-Grade x550 [shop 1,300/exchange], Gemstone D x185 [shop 2,000] || Drop: L33 Nurka's Messenger, L35 Chertuba of Great Soul, L35 Red Eye Captain Trakia, L40 Queen Ant, L42 Dire Wyrm +1
PIECE	298	Orcish Glaive	C	weapon	lrhand	POLE	0	P.Atk 107 M.Atk 61	Exchange at mammblack 1: Orcish Glaive - Anger x1 [exchange] || Exchange at mammblack 1: Orcish Glaive - Critical Stun x1 [exchange] || Exchange at mammblack 1: Orcish Glaive - Towering Blow x1 [exchange] || Craft (lvl 4, 100%): Orcish Glaive Blade x8 [shop 51,000/drop: L38 Premo Prime, L39 Nellis' Vengeful Spirit +9], Mithril Alloy x40 [shop 26,200/craft/exchange/quest], Synthetic Cokes x20 [shop 13,200/craft/exchange/quest], High Grade Suede x10 [shop 4,800/drop: L27 Grave Robber Lookout, L27 Ol Mahum Raider +105/craft/exchange/quest], Metal Hardener x50 [shop 10,000/drop: L15 Obsidian Golem, L16 Dark Terror +107/craft/exchange/quest], Crystal: D-Grade x700 [shop 1,300/exchange], Gemstone C x81 [shop 6,000] || Drop: L38 Premo Prime, L39 Nellis' Vengeful Spirit, L40 Fafurion's Page Sika, L44 Pirate Zombie, L45 Dimension Invader Elite Soldier +5
PIECE	299	Orcish Poleaxe	C	weapon	lrhand	POLE	0	P.Atk 156 M.Atk 83	Exchange at mammblack 1: Orcish Poleaxe - Critical Stun x1 [exchange] || Exchange at mammblack 1: Orcish Poleaxe - Towering Blow x1 [exchange] || Exchange at mammblack 1: Orcish Poleaxe - Wide Blow x1 [exchange] || Craft (lvl 6, 100%): Orcish Poleaxe Blade x11 [shop 87,636/drop: L47 Necrosentinel Royal Guard, L53 Farcran +9], Mithril Alloy x104 [shop 26,200/craft/exchange/quest], Synthetic Cokes x52 [shop 13,200/craft/exchange/quest], High Grade Suede x26 [shop 4,800/drop: L27 Grave Robber Lookout, L27 Ol Mahum Raider +105/craft/exchange/quest], Metal Hardener x130 [shop 10,000/drop: L15 Obsidian Golem, L16 Dark Terror +107/craft/exchange/quest], Crystal: C-Grade x420 [shop 6,000/exchange], Gemstone C x248 [shop 6,000] || Drop: L47 Necrosentinel Royal Guard, L53 Farcran, L53 Purgatory Invader Warrior, L53 Sairon's Doll, L54 Lilim Knight Errant +6
PIECE	300	Great Axe	B	weapon	lrhand	POLE	0	P.Atk 175 M.Atk 91	Exchange at mammblack 1: Great Axe - Anger x1 [exchange] || Exchange at mammblack 1: Great Axe - Critical Stun x1 [exchange] || Exchange at mammblack 1: Great Axe - Light x1 [exchange] || Craft (lvl 6, 60%): Recipe: Great Axe (60%) x1 [shop 347,200/drop: L55 Purgatory Invader Elite Soldier, L55 Purgatory Invader Magus +1], Great Axe Head x12 [shop 77,734/drop: L50 Ghost of Peasant Leader, L51 Deadman Ereve +5], Mithril Alloy x100 [shop 26,200/craft/exchange/quest], Synthetic Cokes x50 [shop 13,200/craft/exchange/quest], High Grade Suede x25 [shop 4,800/drop: L27 Grave Robber Lookout, L27 Ol Mahum Raider +105/craft/exchange/quest], Enria x25 [shop 24,000/drop: L45 Dimension Invader Berserker, L45 Dimension Invader Magus +211/exchange/quest], Crystal: C-Grade x360 [shop 6,000/exchange], Gemstone B x62 [shop 20,000] || Craft (lvl 6, 100%): Recipe: Great Axe x1 [shop 347,200/drop: L55 Taik Orc Supply Leader, L57 Paliote], Great Axe Head x12 [shop 77,734/drop: L50 Ghost of Peasant Leader, L51 Deadman Ereve +5], Maestro Holder x4 [shop 822,000/craft], Mithril Alloy x160 [shop 26,200/craft/exchange/quest], Synthetic Cokes x80 [shop 13,200/craft/exchange/quest], High Grade Suede x40 [shop 4,800/drop: L27 Grave Robber Lookout, L27 Ol Mahum Raider +105/craft/exchange/quest], Enria x40 [shop 24,000/drop: L45 Dimension Invader Berserker, L45 Dimension Invader Magus +211/exchange/quest], Crystal: C-Grade x353 [shop 6,000/exchange], Gemstone B x62 [shop 20,000] || Drop: L50 Ghost of Peasant Leader, L51 Deadman Ereve, L55 Furious Thieles, L55 Pagan Watcher Cerberon, L60 Forbidden Path Invader Martyrs +3
PIECE	301	Scorpion	C	weapon	lrhand	POLE	0	P.Atk 144 M.Atk 78	Exchange at mammblack 1: Scorpion - Anger x1 [exchange] || Exchange at mammblack 1: Scorpion - Critical Stun x1 [exchange] || Exchange at mammblack 1: Scorpion - Towering Blow x1 [exchange] || Craft (lvl 5, 100%): Scorpion Blade x10 [shop 82,600/drop: L47 Necrosentinel Royal Guard, L53 Farcran +9], Mithril Alloy x80 [shop 26,200/craft/exchange/quest], Synthetic Cokes x40 [shop 13,200/craft/exchange/quest], High Grade Suede x20 [shop 4,800/drop: L27 Grave Robber Lookout, L27 Ol Mahum Raider +105/craft/exchange/quest], Metal Hardener x100 [shop 10,000/drop: L15 Obsidian Golem, L16 Dark Terror +107/craft/exchange/quest], Crystal: C-Grade x330 [shop 6,000/exchange], Gemstone C x187 [shop 6,000] || Drop: L47 Necrosentinel Royal Guard, L50 Core, L53 Farcran, L53 Purgatory Invader Warrior, L53 Sairon's Doll +6
PIECE	302	Body Slasher	C	weapon	lrhand	POLE	0	P.Atk 107 M.Atk 61	Exchange at mammblack 1: Body Slasher - Critical Stun x1 [exchange] || Exchange at mammblack 1: Body Slasher - Towering Blow x1 [exchange] || Exchange at mammblack 1: Body Slasher - Wide Blow x1 [exchange] || Craft (lvl 4, 100%): Body Slasher Blade x8 [shop 51,000/drop: L38 Premo Prime, L39 Nellis' Vengeful Spirit +9], Mithril Alloy x40 [shop 26,200/craft/exchange/quest], Synthetic Cokes x20 [shop 13,200/craft/exchange/quest], High Grade Suede x10 [shop 4,800/drop: L27 Grave Robber Lookout, L27 Ol Mahum Raider +105/craft/exchange/quest], Metal Hardener x50 [shop 10,000/drop: L15 Obsidian Golem, L16 Dark Terror +107/craft/exchange/quest], Crystal: D-Grade x700 [shop 1,300/exchange], Gemstone C x81 [shop 6,000] || Drop: L38 Premo Prime, L39 Nellis' Vengeful Spirit, L40 Fafurion's Page Sika, L44 Pirate Zombie, L45 Dimension Invader Elite Soldier +5
PIECE	303	Widow Maker	C	weapon	lrhand	POLE	0	P.Atk 144 M.Atk 78	Exchange at mammblack 1: Widow Maker - Critical Stun x1 [exchange] || Exchange at mammblack 1: Widow Maker - Towering Blow x1 [exchange] || Exchange at mammblack 1: Widow Maker - Wide Blow x1 [exchange] || Craft (lvl 5, 100%): Widowmaker Head x10 [shop 82,600/drop: L47 Necrosentinel Royal Guard, L53 Farcran +9], Mithril Alloy x80 [shop 26,200/craft/exchange/quest], Synthetic Cokes x40 [shop 13,200/craft/exchange/quest], High Grade Suede x20 [shop 4,800/drop: L27 Grave Robber Lookout, L27 Ol Mahum Raider +105/craft/exchange/quest], Metal Hardener x100 [shop 10,000/drop: L15 Obsidian Golem, L16 Dark Terror +107/craft/exchange/quest], Crystal: C-Grade x330 [shop 6,000/exchange], Gemstone C x187 [shop 6,000] || Drop: L47 Necrosentinel Royal Guard, L50 Orfen, L53 Farcran, L53 Purgatory Invader Warrior, L53 Sairon's Doll +6
PIECE	305	Tallum Glaive	A	weapon	lrhand	POLE	0	P.Atk 232 M.Atk 114	Exchange at mammblack 1: Tallum Glaive - Guidance x1 [exchange] || Exchange at mammblack 1: Tallum Glaive - Health x1 [exchange] || Exchange at mammblack 1: Tallum Glaive - Wide Blow x1 [exchange] || Craft (lvl 8, 60%): Recipe: Tallum Glaive(60%) x1 [shop 1,080,000/drop: L65 Alliance of Splendor, L65 Alpen Kookaburra +12/exchange], Tallum Glaive Edge x14 [shop 145,858/drop: L70 Korim, L70 Meanas Anor +18/quest], Maestro Holder x4 [shop 822,000/craft], Mithril Alloy x148 [shop 26,200/craft/exchange/quest], Synthetic Cokes x74 [shop 13,200/craft/exchange/quest], High Grade Suede x37 [shop 4,800/drop: L27 Grave Robber Lookout, L27 Ol Mahum Raider +105/craft/exchange/quest], Enria x37 [shop 24,000/drop: L45 Dimension Invader Berserker, L45 Dimension Invader Magus +211/exchange/quest], Durable Metal Plate x148 [shop 30,000/drop: L27 Grave Robber Lookout, L27 Kuran Kobold +126/craft/exchange/quest], Crystal: A-Grade x193 [shop 30,000/exchange], Gemstone A x74 [shop 60,000/exchange] || Craft (lvl 8, 100%): Recipe: Tallum Glaive(100%) x1 [shop 1,080,000], Tallum Glaive Edge x14 [shop 145,858/drop: L70 Korim, L70 Meanas Anor +18/quest], Warsmith's Holder x3 [shop 1,768,000/craft/exchange], Mithril Alloy x292 [shop 26,200/craft/exchange/quest], Synthetic Cokes x146 [shop 13,200/craft/exchange/quest], High Grade Suede x73 [shop 4,800/drop: L27 Grave Robber Lookout, L27 Ol Mahum Raider +105/craft/exchange/quest], Enria x73 [shop 24,000/drop: L45 Dimension Invader Berserker, L45 Dimension Invader Magus +211/exchange/quest], Durable Metal Plate x292 [shop 30,000/drop: L27 Grave Robber Lookout, L27 Kuran Kobold +126/craft/exchange/quest], Crystal: A-Grade x366 [shop 30,000/exchange], Gemstone A x74 [shop 60,000/exchange] || Drop: L70 Korim, L70 Meanas Anor, L74 Antharas Priest Cloe, L79 Antharas, L79 Hexa Beetle +14
PIECE	308	Buffalo's Horn	NG	weapon	rhand	ETC	0	P.Atk 6 M.Atk 8	Drop: L3 Elder Red Keltir, L4 Ashen Wolf
PIECE	309	Tears of Eva	NG	weapon	rhand	ETC	0	P.Atk 19 M.Atk 22	Drop: L17 Scarlet Salamander, L18 Red Eye Barbed Bat, L18 Tracker Skeleton Leader, L19 Lirein Elder, L20 Ghost
PIECE	310	Relic of the Saints	NG	weapon	rhand	ETC	0	P.Atk 19 M.Atk 22	Exchange at Ariel, Arodin, Creamees, Damion, Garita, Iria, Jackson, Jakal, Kunai, Lector, Minaless, Mion, Nestle, Payne, Reep, Shari, Silvia, Simplon, Sydnia, Unoren, Uska, Varan: Cedar Staff x1 [drop: L11 Kaboo Orc Fighter Lieutenant, L12 Dungeon Skeleton +6/craft/exchange], Adena x90,090 || Drop: L17 Scarlet Salamander, L18 Red Eye Barbed Bat, L18 Tracker Skeleton Leader, L19 Lirein Elder, L20 Ghost
PIECE	311	Crucifix of Blessing	NG	weapon	rhand	ETC	0	P.Atk 25 M.Atk 28	Exchange at Ariel, Arodin, Creamees, Damion, Garita, Iria, Jackson, Jakal, Kunai, Lector, Minaless, Mion, Nestle, Payne, Reep, Shari, Silvia, Simplon, Sydnia, Unoren, Uska, Varan: Apprentice's Staff x1 [drop: L16 Langk Lizardman Scout, L16 Stone Guardian +6/exchange], Adena x118,800 || Exchange at Ariel, Arodin, Creamees, Damion, Garita, Iria, Jackson, Jakal, Kunai, Lector, Minaless, Mion, Nestle, Payne, Reep, Shari, Silvia, Simplon, Sydnia, Unoren, Uska, Varan: Tears of Eva x1 [drop: L17 Scarlet Salamander, L18 Red Eye Barbed Bat +3], Adena x118,800 || Exchange at Ariel, Arodin, Creamees, Damion, Garita, Iria, Jackson, Jakal, Kunai, Lector, Minaless, Mion, Nestle, Payne, Reep, Shari, Silvia, Simplon, Sydnia, Unoren, Uska, Varan: Relic of the Saints x1 [drop: L17 Scarlet Salamander, L18 Red Eye Barbed Bat +3/exchange], Adena x118,800
PIECE	312	Branch of Life	D	weapon	rhand	ETC	0	P.Atk 32 M.Atk 35	Exchange at mammblack 1b: Reinforced Bow x1 [drop: L27 Grave Robber Scout, L27 Turek Orc Archer +3/exchange] || Exchange at mammblack 1b: Temptation of Abyss x1 [drop: L26 Monster Eye Destroyer, L26 Specter +1/craft/exchange] || Exchange at mammblack 1b: Proof of Revenge x1 [drop: L26 Monster Eye Destroyer, L26 Specter +1/exchange] || Drop: L26 Monster Eye Destroyer, L26 Specter, L28 Kuran Kobold Warrior
PIECE	313	Temptation of Abyss	D	weapon	rhand	ETC	0	P.Atk 32 M.Atk 35	Exchange at mammblack 1b: Reinforced Bow x1 [drop: L27 Grave Robber Scout, L27 Turek Orc Archer +3/exchange] || Exchange at mammblack 1b: Branch of Life x1 [drop: L26 Monster Eye Destroyer, L26 Specter +1/exchange] || Exchange at mammblack 1b: Proof of Revenge x1 [drop: L26 Monster Eye Destroyer, L26 Specter +1/exchange] || Craft (lvl 2, 100%): Temptation of Abyss Piece x4 [shop 22,850/drop: L25 Monster Eye Watcher, L26 Monster Eye Destroyer +3], Steel x30 [shop 4,000/drop: L11 Balor Orc Lieutenant, L18 Tainted Zombie +147/craft/exchange/quest], Coarse Bone Powder x60 [shop 3,000/drop: L18 Boogle Ratman Leader, L19 Lirein Elder +159/craft/exchange/quest], Braided Hemp x30 [shop 1,000/drop: L18 Lirein, L18 Salamander Elder +111/craft/exchange/quest], Gemstone D x34 [shop 2,000] || Drop: L26 Monster Eye Destroyer, L26 Specter, L28 Kuran Kobold Warrior
PIECE	314	Proof of Revenge	D	weapon	rhand	ETC	0	P.Atk 32 M.Atk 35	Exchange at mammblack 1b: Reinforced Bow x1 [drop: L27 Grave Robber Scout, L27 Turek Orc Archer +3/exchange] || Exchange at mammblack 1b: Branch of Life x1 [drop: L26 Monster Eye Destroyer, L26 Specter +1/exchange] || Exchange at mammblack 1b: Temptation of Abyss x1 [drop: L26 Monster Eye Destroyer, L26 Specter +1/craft/exchange] || Drop: L26 Monster Eye Destroyer, L26 Specter, L28 Kuran Kobold Warrior
PIECE	315	Divine Tome	D	weapon	rhand	ETC	0	P.Atk 41 M.Atk 43	Exchange at mammblack 1a: Scroll of Wisdom x1 [drop: L26 Monster Eye Destroyer, L26 Specter +1/exchange], Ancient Adena x282,000 || Exchange at mammblack 1a: Branch of Life x1 [drop: L26 Monster Eye Destroyer, L26 Specter +1/exchange], Ancient Adena x282,000 || Exchange at mammblack 1a: Temptation of Abyss x1 [drop: L26 Monster Eye Destroyer, L26 Specter +1/craft/exchange], Ancient Adena x282,000 || Drop: L21 Malex Herald of Dagoniel, L29 Iron Ore Golem, L29 Patin Archer, L32 Hatu Dire Wolf, L32 Kanil Succubus
PIECE	316	Sage's Blood	D	weapon	rhand	ETC	0	P.Atk 51 M.Atk 52	Exchange at mammblack 1a: Divine Tome x1 [drop: L21 Malex Herald of Dagoniel, L29 Iron Ore Golem +3/exchange], Ancient Adena x387,600 || Exchange at mammblack 1b: Gastraphetes x1 [drop: L25 Betrayer of Urutu Freki, L33 Otherworldly Invader Archer +2/craft/exchange] || Exchange at mammblack 1b: Elven Sword x1 [drop: L25 Zombie Lord Crowl, L28 Tirak +7/exchange] || Drop: L25 Pan Dryad, L26 Tiger Hornet, L33 Lesser Warlike Tyrant, L33 Otherworldly Invader Discipline, L35 Dread Wolf +1 || Quest: UnderTheShadowOfTheIvoryTower
PIECE	317	Tome of Blood	D	weapon	rhand	ETC	0	P.Atk 51 M.Atk 52	Exchange at mammblack 1a: Divine Tome x1 [drop: L21 Malex Herald of Dagoniel, L29 Iron Ore Golem +3/exchange], Ancient Adena x387,600 || Exchange at mammblack 1b: Gastraphetes x1 [drop: L25 Betrayer of Urutu Freki, L33 Otherworldly Invader Archer +2/craft/exchange] || Exchange at mammblack 1b: Elven Sword x1 [drop: L25 Zombie Lord Crowl, L28 Tirak +7/exchange] || Craft (lvl 3, 100%): Tome of Blood Page x6 [shop 34,200/drop: L25 Pan Dryad, L26 Tiger Hornet +6/quest], Steel x70 [shop 4,000/drop: L11 Balor Orc Lieutenant, L18 Tainted Zombie +147/craft/exchange/quest], Coarse Bone Powder x140 [shop 3,000/drop: L18 Boogle Ratman Leader, L19 Lirein Elder +159/craft/exchange/quest], Braided Hemp x70 [shop 1,000/drop: L18 Lirein, L18 Salamander Elder +111/craft/exchange/quest], Crystal: D-Grade x300 [shop 1,300/exchange], Gemstone D x91 [shop 2,000] || Drop: L25 Pan Dryad, L26 Tiger Hornet, L33 Lesser Warlike Tyrant, L33 Otherworldly Invader Discipline, L35 Dread Wolf +1
PIECE	318	Crucifix of Blood	D	weapon	rhand	ETC	0	P.Atk 63 M.Atk 63	Exchange at mammblack 1a: Sage's Blood x1 [drop: L25 Pan Dryad, L26 Tiger Hornet +4/exchange/quest], Ancient Adena x519,600 || Exchange at mammblack 1a: Tome of Blood x1 [drop: L25 Pan Dryad, L26 Tiger Hornet +4/craft/exchange], Ancient Adena x519,600 || Exchange at mammblack 1b: Maingauche x1 [drop: L30 Boss Akata, L30 Turek Mercenary Captain +4/craft/exchange] || Craft (lvl 3, 100%): Crucifix of Blood Piece x7 [shop 43,286/drop: L30 Cat's Eye Bandit, L37 Vault Monk +2], Steel x100 [shop 4,000/drop: L11 Balor Orc Lieutenant, L18 Tainted Zombie +147/craft/exchange/quest], Coarse Bone Powder x200 [shop 3,000/drop: L18 Boogle Ratman Leader, L19 Lirein Elder +159/craft/exchange/quest], Braided Hemp x100 [shop 1,000/drop: L18 Lirein, L18 Salamander Elder +111/craft/exchange/quest], Crystal: D-Grade x430 [shop 1,300/exchange], Gemstone D x139 [shop 2,000] || Drop: L30 Cat's Eye Bandit, L37 Vault Monk, L39 Ragna Orc Seer, L39 Windsus
PIECE	319	Eye of Infinity	D	weapon	rhand	ETC	0	P.Atk 63 M.Atk 63	Exchange at mammblack 1b: Maingauche x1 [drop: L30 Boss Akata, L30 Turek Mercenary Captain +4/craft/exchange] || Exchange at mammblack 1b: Skull Breaker x1 [drop: L30 Apepi, L38 Cave Ant Soldier +6/craft/exchange] || Exchange at mammblack 1b: Heavy Bone Club x1 [drop: L30 Apepi, L38 Cave Ant Soldier +6/craft/exchange] || Craft (lvl 3, 100%): Eye of Infinity Stone x7 [?], Steel x100 [shop 4,000/drop: L11 Balor Orc Lieutenant, L18 Tainted Zombie +147/craft/exchange/quest], Coarse Bone Powder x200 [shop 3,000/drop: L18 Boogle Ratman Leader, L19 Lirein Elder +159/craft/exchange/quest], Braided Hemp x100 [shop 1,000/drop: L18 Lirein, L18 Salamander Elder +111/craft/exchange/quest], Crystal: D-Grade x430 [shop 1,300/exchange], Gemstone D x139 [shop 2,000]
PIECE	320	Blue Crystal Skull	D	weapon	rhand	ETC	0	P.Atk 67 M.Atk 66	Exchange at mammblack 1b: Demon Fangs x1 [craft/exchange] || Craft (lvl 4, 100%): Blue Crystal Skull Part x7 [?], Steel x110 [shop 4,000/drop: L11 Balor Orc Lieutenant, L18 Tainted Zombie +147/craft/exchange/quest], Coarse Bone Powder x220 [shop 3,000/drop: L18 Boogle Ratman Leader, L19 Lirein Elder +159/craft/exchange/quest], Braided Hemp x110 [shop 1,000/drop: L18 Lirein, L18 Salamander Elder +111/craft/exchange/quest], Crystal: D-Grade x470 [shop 1,300/exchange], Gemstone D x153 [shop 2,000]
PIECE	321	Demon Fangs	D	weapon	rhand	ETC	0	P.Atk 67 M.Atk 66	Exchange at mammblack 1b: Blue Crystal Skull x1 [craft/exchange] || Craft (lvl 4, 100%): Demon Fangs Part x7 [?], Steel x110 [shop 4,000/drop: L11 Balor Orc Lieutenant, L18 Tainted Zombie +147/craft/exchange/quest], Coarse Bone Powder x220 [shop 3,000/drop: L18 Boogle Ratman Leader, L19 Lirein Elder +159/craft/exchange/quest], Braided Hemp x110 [shop 1,000/drop: L18 Lirein, L18 Salamander Elder +111/craft/exchange/quest], Crystal: D-Grade x470 [shop 1,300/exchange], Gemstone D x153 [shop 2,000]
PIECE	322	Vajra Wands	D	weapon	rhand	ETC	0	P.Atk 74 M.Atk 72	Exchange at mammblack 1b: Ancient Reagent x1 [craft/exchange] || Exchange at mammblack 1b: Atuba Mace x1 [drop: L34 Breka Warlock Pastu, L35 Guilotine, Warden of the Execution Grounds +5/craft/exchange] || Exchange at mammblack 1b: Staff of Life x1 [drop: L34 Breka Warlock Pastu, L35 Guilotine, Warden of the Execution Grounds +6/craft/exchange] || Craft (lvl 4, 100%): Vajra Wand Frame x8 [?], Steel x130 [shop 4,000/drop: L11 Balor Orc Lieutenant, L18 Tainted Zombie +147/craft/exchange/quest], Coarse Bone Powder x260 [shop 3,000/drop: L18 Boogle Ratman Leader, L19 Lirein Elder +159/craft/exchange/quest], Braided Hemp x130 [shop 1,000/drop: L18 Lirein, L18 Salamander Elder +111/craft/exchange/quest], Crystal: D-Grade x550 [shop 1,300/exchange], Gemstone D x185 [shop 2,000]
PIECE	323	Ancient Reagent	D	weapon	rhand	ETC	0	P.Atk 74 M.Atk 72	Exchange at mammblack 1b: Atuba Mace x1 [drop: L34 Breka Warlock Pastu, L35 Guilotine, Warden of the Execution Grounds +5/craft/exchange] || Exchange at mammblack 1b: Staff of Life x1 [drop: L34 Breka Warlock Pastu, L35 Guilotine, Warden of the Execution Grounds +6/craft/exchange] || Exchange at mammblack 1b: Ghost Staff x1 [drop: L34 Breka Warlock Pastu, L35 Guilotine, Warden of the Execution Grounds +6/craft/exchange/quest] || Craft (lvl 4, 100%): Ancient Reagent Remnant x8 [?], Steel x130 [shop 4,000/drop: L11 Balor Orc Lieutenant, L18 Tainted Zombie +147/craft/exchange/quest], Coarse Bone Powder x260 [shop 3,000/drop: L18 Boogle Ratman Leader, L19 Lirein Elder +159/craft/exchange/quest], Braided Hemp x130 [shop 1,000/drop: L18 Lirein, L18 Salamander Elder +111/craft/exchange/quest], Crystal: D-Grade x550 [shop 1,300/exchange], Gemstone D x185 [shop 2,000]
PIECE	324	Tears of Fairy	C	weapon	rhand	ETC	0	P.Atk 98 M.Atk 91	Exchange at mammblack 1b: Horn of Glory x1 [drop: L43 Earth Protector Panathen, L49 Decayed Ancient Soldier +1/craft/exchange] || Exchange at mammblack 1b: Katana x1 [drop: L48 Hatar Ratman Boss, L48 Tarlk Bugbear Warrior +1/craft/exchange] || Exchange at mammblack 1b: Shamshir x1 [drop: L48 Hatar Ratman Boss, L48 Tarlk Bugbear Warrior +1/craft/exchange] || Craft (lvl 5, 100%): Tears of Fairy Drop x9 [?], Oriharukon x26 [shop 49,200/craft/exchange/quest], Coarse Bone Powder x52 [shop 3,000/drop: L18 Boogle Ratman Leader, L19 Lirein Elder +159/craft/exchange/quest], Compound Braid x26 [shop 6,000/drop: L27 Gigant Overseer, L27 Grave Robber Scout +145/craft/exchange/quest], Metal Hardener x78 [shop 10,000/drop: L15 Obsidian Golem, L16 Dark Terror +107/craft/exchange/quest], Crystal: C-Grade x180 [shop 6,000/exchange], Gemstone C x105 [shop 6,000]
PIECE	325	Horn of Glory	C	weapon	rhand	ETC	0	P.Atk 98 M.Atk 91	Exchange at mammblack 1b: Tears of Fairy x1 [craft/exchange] || Exchange at mammblack 1b: Katana x1 [drop: L48 Hatar Ratman Boss, L48 Tarlk Bugbear Warrior +1/craft/exchange] || Exchange at mammblack 1b: Shamshir x1 [drop: L48 Hatar Ratman Boss, L48 Tarlk Bugbear Warrior +1/craft/exchange] || Craft (lvl 5, 100%): Horn of Glory Fragment x9 [shop 56,756/drop: L43 Earth Protector Panathen, L49 Decayed Ancient Soldier +1], Oriharukon x26 [shop 49,200/craft/exchange/quest], Coarse Bone Powder x52 [shop 3,000/drop: L18 Boogle Ratman Leader, L19 Lirein Elder +159/craft/exchange/quest], Compound Braid x26 [shop 6,000/drop: L27 Gigant Overseer, L27 Grave Robber Scout +145/craft/exchange/quest], Metal Hardener x78 [shop 10,000/drop: L15 Obsidian Golem, L16 Dark Terror +107/craft/exchange/quest], Crystal: C-Grade x180 [shop 6,000/exchange], Gemstone C x105 [shop 6,000] || Drop: L43 Earth Protector Panathen, L49 Decayed Ancient Soldier, L49 Theeder Mage
PIECE	326	Heathen's Book	C	weapon	rhand	ETC	0	P.Atk 111 M.Atk 101	Exchange at mammblack 1a: Horn of Glory x1 [drop: L43 Earth Protector Panathen, L49 Decayed Ancient Soldier +1/craft/exchange], Ancient Adena x1,716,000 || Exchange at mammblack 1b: Sage's Staff x1 [drop: L44 Dread Avenger Kraven, L45 Archon Suscepter +7/craft/exchange] || Exchange at mammblack 1b: Nirvana Axe x1 [drop: L44 Dread Avenger Kraven, L45 Archon Suscepter +7/craft/exchange] || Craft (lvl 5, 100%): Heathen's Book Page x10 [shop 70,960/drop: L45 Shacram, L50 Vanor Silenos Chieftain +3], Oriharukon x37 [shop 49,200/craft/exchange/quest], Coarse Bone Powder x74 [shop 3,000/drop: L18 Boogle Ratman Leader, L19 Lirein Elder +159/craft/exchange/quest], Compound Braid x37 [shop 6,000/drop: L27 Gigant Overseer, L27 Grave Robber Scout +145/craft/exchange/quest], Metal Hardener x111 [shop 10,000/drop: L15 Obsidian Golem, L16 Dark Terror +107/craft/exchange/quest], Crystal: C-Grade x300 [shop 6,000/exchange], Gemstone C x166 [shop 6,000] || Drop: L45 Shacram, L50 Vanor Silenos Chieftain, L51 Horrifying Cannon Golem III, L51 Lilim Magus, L51 Nephilim Priest
PIECE	327	Hex Doll	C	weapon	rhand	ETC	0	P.Atk 111 M.Atk 101	Exchange at mammblack 1b: Sage's Staff x1 [drop: L44 Dread Avenger Kraven, L45 Archon Suscepter +7/craft/exchange] || Exchange at mammblack 1b: Nirvana Axe x1 [drop: L44 Dread Avenger Kraven, L45 Archon Suscepter +7/craft/exchange] || Exchange at mammblack 1b: Club of Nature x1 [drop: L44 Dread Avenger Kraven, L45 Archon Suscepter +7/craft/exchange] || Craft (lvl 5, 100%): Hex Doll Fragment x10 [?], Oriharukon x37 [shop 49,200/craft/exchange/quest], Coarse Bone Powder x74 [shop 3,000/drop: L18 Boogle Ratman Leader, L19 Lirein Elder +159/craft/exchange/quest], Compound Braid x37 [shop 6,000/drop: L27 Gigant Overseer, L27 Grave Robber Scout +145/craft/exchange/quest], Metal Hardener x111 [shop 10,000/drop: L15 Obsidian Golem, L16 Dark Terror +107/craft/exchange/quest], Crystal: C-Grade x300 [shop 6,000/exchange], Gemstone C x166 [shop 6,000]
PIECE	328	Candle of Wisdom	C	weapon	rhand	ETC	0	P.Atk 125 M.Atk 111	Exchange at mammblack 1b: Ecliptic Axe x1 [craft/exchange] || Exchange at mammblack 1b: Dwarven Hammer x1 [craft/exchange] || Exchange at mammblack 1b: Yaksa Mace x1 [drop: L48 Anakazel, L53 Purgatory Invader Shaman +5/craft/exchange] || Craft (lvl 6, 100%): Candle of Wisdom Model x11 [?], Oriharukon x54 [shop 49,200/craft/exchange/quest], Coarse Bone Powder x108 [shop 3,000/drop: L18 Boogle Ratman Leader, L19 Lirein Elder +159/craft/exchange/quest], Compound Braid x54 [shop 6,000/drop: L27 Gigant Overseer, L27 Grave Robber Scout +145/craft/exchange/quest], Metal Hardener x162 [shop 10,000/drop: L15 Obsidian Golem, L16 Dark Terror +107/craft/exchange/quest], Crystal: C-Grade x410 [shop 6,000/exchange], Gemstone C x248 [shop 6,000]
PIECE	329	Blessed Branch	C	weapon	rhand	ETC	0	P.Atk 125 M.Atk 111	Exchange at mammblack 1b: Ecliptic Axe x1 [craft/exchange] || Exchange at mammblack 1b: Dwarven Hammer x1 [craft/exchange] || Exchange at mammblack 1b: Yaksa Mace x1 [drop: L48 Anakazel, L53 Purgatory Invader Shaman +5/craft/exchange] || Craft (lvl 6, 100%): Blessed Branch Splinter x11 [?], Oriharukon x54 [shop 49,200/craft/exchange/quest], Coarse Bone Powder x108 [shop 3,000/drop: L18 Boogle Ratman Leader, L19 Lirein Elder +159/craft/exchange/quest], Compound Braid x54 [shop 6,000/drop: L27 Gigant Overseer, L27 Grave Robber Scout +145/craft/exchange/quest], Metal Hardener x162 [shop 10,000/drop: L15 Obsidian Golem, L16 Dark Terror +107/craft/exchange/quest], Crystal: C-Grade x410 [shop 6,000/exchange], Gemstone C x248 [shop 6,000]
PIECE	330	Phoenix Feather	C	weapon	rhand	ETC	0	P.Atk 125 M.Atk 111	Exchange at mammblack 1b: Ecliptic Axe x1 [craft/exchange] || Exchange at mammblack 1b: Dwarven Hammer x1 [craft/exchange] || Exchange at mammblack 1b: Yaksa Mace x1 [drop: L48 Anakazel, L53 Purgatory Invader Shaman +5/craft/exchange] || Craft (lvl 6, 100%): Phoenix Feather Piece x11 [?], Oriharukon x54 [shop 49,200/craft/exchange/quest], Coarse Bone Powder x108 [shop 3,000/drop: L18 Boogle Ratman Leader, L19 Lirein Elder +159/craft/exchange/quest], Compound Braid x54 [shop 6,000/drop: L27 Gigant Overseer, L27 Grave Robber Scout +145/craft/exchange/quest], Metal Hardener x162 [shop 10,000/drop: L15 Obsidian Golem, L16 Dark Terror +107/craft/exchange/quest], Crystal: C-Grade x410 [shop 6,000/exchange], Gemstone C x248 [shop 6,000]
PIECE	331	Cerberus Eye	C	weapon	rhand	ETC	0	P.Atk 125 M.Atk 111	Exchange at mammblack 1b: Ecliptic Axe x1 [craft/exchange] || Exchange at mammblack 1b: Dwarven Hammer x1 [craft/exchange] || Exchange at mammblack 1b: Yaksa Mace x1 [drop: L48 Anakazel, L53 Purgatory Invader Shaman +5/craft/exchange] || Craft (lvl 6, 100%): Cerberus Eye Fragment x11 [?], Oriharukon x54 [shop 49,200/craft/exchange/quest], Coarse Bone Powder x108 [shop 3,000/drop: L18 Boogle Ratman Leader, L19 Lirein Elder +159/craft/exchange/quest], Compound Braid x54 [shop 6,000/drop: L27 Gigant Overseer, L27 Grave Robber Scout +145/craft/exchange/quest], Metal Hardener x162 [shop 10,000/drop: L15 Obsidian Golem, L16 Dark Terror +107/craft/exchange/quest], Crystal: C-Grade x410 [shop 6,000/exchange], Gemstone C x248 [shop 6,000]
PIECE	332	Scroll of Destruction	C	weapon	rhand	ETC	0	P.Atk 125 M.Atk 111	Exchange at mammblack 1b: Ecliptic Axe x1 [craft/exchange] || Exchange at mammblack 1b: Dwarven Hammer x1 [craft/exchange] || Exchange at mammblack 1b: Yaksa Mace x1 [drop: L48 Anakazel, L53 Purgatory Invader Shaman +5/craft/exchange] || Craft (lvl 6, 100%): Scroll of Destruction Page x11 [?], Oriharukon x54 [shop 49,200/craft/exchange/quest], Coarse Bone Powder x108 [shop 3,000/drop: L18 Boogle Ratman Leader, L19 Lirein Elder +159/craft/exchange/quest], Compound Braid x54 [shop 6,000/drop: L27 Gigant Overseer, L27 Grave Robber Scout +145/craft/exchange/quest], Metal Hardener x162 [shop 10,000/drop: L15 Obsidian Golem, L16 Dark Terror +107/craft/exchange/quest], Crystal: C-Grade x410 [shop 6,000/exchange], Gemstone C x248 [shop 6,000]
PIECE	333	Claws of Black Dragon	C	weapon	rhand	ETC	0	P.Atk 125 M.Atk 111	Exchange at mammblack 1b: Ecliptic Axe x1 [craft/exchange] || Exchange at mammblack 1b: Dwarven Hammer x1 [craft/exchange] || Exchange at mammblack 1b: Yaksa Mace x1 [drop: L48 Anakazel, L53 Purgatory Invader Shaman +5/craft/exchange] || Craft (lvl 6, 100%): Claws of Black Dragon Piece x11 [?], Oriharukon x54 [shop 49,200/craft/exchange/quest], Coarse Bone Powder x108 [shop 3,000/drop: L18 Boogle Ratman Leader, L19 Lirein Elder +159/craft/exchange/quest], Compound Braid x54 [shop 6,000/drop: L27 Gigant Overseer, L27 Grave Robber Scout +145/craft/exchange/quest], Metal Hardener x162 [shop 10,000/drop: L15 Obsidian Golem, L16 Dark Terror +107/craft/exchange/quest], Crystal: C-Grade x410 [shop 6,000/exchange], Gemstone C x248 [shop 6,000]
PIECE	334	Three Eyed Crow's Feather	C	weapon	rhand	ETC	0	P.Atk 125 M.Atk 111	Exchange at mammblack 1b: Ecliptic Axe x1 [craft/exchange] || Exchange at mammblack 1b: Dwarven Hammer x1 [craft/exchange] || Exchange at mammblack 1b: Yaksa Mace x1 [drop: L48 Anakazel, L53 Purgatory Invader Shaman +5/craft/exchange] || Craft (lvl 6, 100%): Three Eyed Crow's Feather Piece x11 [?], Oriharukon x54 [shop 49,200/craft/exchange/quest], Coarse Bone Powder x108 [shop 3,000/drop: L18 Boogle Ratman Leader, L19 Lirein Elder +159/craft/exchange/quest], Compound Braid x54 [shop 6,000/drop: L27 Gigant Overseer, L27 Grave Robber Scout +145/craft/exchange/quest], Metal Hardener x162 [shop 10,000/drop: L15 Obsidian Golem, L16 Dark Terror +107/craft/exchange/quest], Crystal: C-Grade x410 [shop 6,000/exchange], Gemstone C x248 [shop 6,000]
PIECE	347	Ring Mail Breastplate	D	armor	chest	HEAVY	0	P.Def 77 M.Def 0	Drop: L20 Zombie Lord Farakelsus, L25 Ol Mahum Captain, L26 Catacomb Wisp
PIECE	348	Scale Mail	D	armor	chest	HEAVY	0	P.Def 87 M.Def 0	Craft (lvl 2, 100%): Scale Mail Fragment x5 [shop 7,160/drop: L23 Greyclaw Kutus, L29 Fire Archer +13], Steel Mold x3 [shop 9,000/craft/exchange/quest], Steel x20 [shop 4,000/drop: L11 Balor Orc Lieutenant, L18 Tainted Zombie +147/craft/exchange/quest], Crystal: D-Grade x40 [shop 1,300/exchange], Gemstone D x9 [shop 2,000] || Drop: L23 Greyclaw Kutus, L29 Ant Larva, L29 Ol Mahum Sergeant, L30 Delu Lizardman Warrior, L30 Hatu Weird Bee +2
PIECE	349	Compound Scale Mail	D	armor	chest	HEAVY	0	P.Def 95 M.Def 0	Drop: L25 Princess Molrang, L26 Tiger Hornet, L33 Salamander Rowin, L33 Snow Lynx, L35 Warlike Tyrant
PIECE	350	Dwarven Scale Mail	D	armor	chest	HEAVY	0	P.Def 95 M.Def 0	Drop: L25 Princess Molrang, L26 Tiger Hornet, L33 Snow Lynx, L35 Warlike Tyrant
PIECE	351	Blast Plate	D	armor	chest	HEAVY	0	P.Def 97 M.Def 0	Drop: L25 Princess Molrang, L26 Tiger Hornet, L33 Snow Lynx, L35 Leto Lizardman, L35 Warlike Tyrant
PIECE	352	Brigandine Tunic	D	armor	chest	HEAVY	7	P.Def 103 M.Def 0	Craft (lvl 3, 100%): Brigandine Temper x7 [shop 10,058/drop: L30 Turek Mercenary Captain, L32 Captain of Queen's Royal Guards +11], Steel Mold x3 [shop 9,000/craft/exchange/quest], Steel x54 [shop 4,000/drop: L11 Balor Orc Lieutenant, L18 Tainted Zombie +147/craft/exchange/quest], Crystal: D-Grade x90 [shop 1,300/exchange], Gemstone D x24 [shop 2,000] || Drop: L30 Turek Mercenary Captain, L32 Captain of Queen's Royal Guards, L38 Crokian Warrior, L38 Lageos, L38 Noble Ant Leader +4
PIECE	353	Half Plate Armor	D	armor	chest	HEAVY	0	P.Def 111 M.Def 0	Craft (lvl 4, 100%): Half Plate Temper x8 [shop 12,324/drop: L34 Stakato Queen Zyrnna, L35 Eye of Beleth +8], Steel Mold x3 [shop 9,000/craft/exchange/quest], Steel x70 [shop 4,000/drop: L11 Balor Orc Lieutenant, L18 Tainted Zombie +147/craft/exchange/quest], Crystal: D-Grade x120 [shop 1,300/exchange], Gemstone D x32 [shop 2,000] || Drop: L34 Stakato Queen Zyrnna, L35 Eye of Beleth, L35 Guilotine, Warden of the Execution Grounds, L40 Queen Ant, L41 Tamlin Orc +5
PIECE	354	Chain Mail Shirt	C	armor	chest	HEAVY	13	P.Def 120 M.Def 0	Exchange at Alexandria: Crystal: C-Grade x127 [shop 6,000/exchange], Crystal: D-Grade x635 [shop 1,300/exchange] || Craft (lvl 4, 100%): Chain Mail Shirt Material x8 [shop 14,850/drop: L38 Premo Prime, L40 Water Couatle Ateka +10], Blacksmith's Frame x3 [shop 128,000/craft/exchange/quest], Mithril Alloy x1 [shop 26,200/craft/exchange/quest], Crystal: D-Grade x150 [shop 1,300/exchange], Gemstone C x14 [shop 6,000] || Drop: L38 Premo Prime, L40 Water Couatle Ateka, L44 Shindebarn, L44 Taik Orc Captain, L44 Zaken's Elite Archer +4
PIECE	355	Dwarven Chain Mail Shirt	C	armor	chest	HEAVY	0	P.Def 129 M.Def 0	Craft (lvl 5, 100%): Dwarven Chain Mail Shirt Material x9 [shop 16,600/drop: L43 Crazy Mechanic Golem, L47 Eva's Seeker +4], Blacksmith's Frame x3 [shop 128,000/craft/exchange/quest], Mithril Alloy x5 [shop 26,200/craft/exchange/quest], Crystal: C-Grade x42 [shop 6,000/exchange], Gemstone C x19 [shop 6,000] || Drop: L43 Crazy Mechanic Golem, L47 Eva's Seeker, L47 Menacing Jackhammer Golem, L47 Tarlk Bugbear, L48 Cave Servant Warrior +2
PIECE	356	Full Plate Armor	C	armor	onepiece	HEAVY	23	P.Def 239 M.Def 0	Craft (lvl 6, 100%): Full Plate Armor Temper x11 [shop 37,854/drop: L48 Anakazel, L53 Purgatory Invader Warrior +4], Blacksmith's Frame x4 [shop 128,000/craft/exchange/quest], Mithril Alloy x36 [shop 26,200/craft/exchange/quest], Varnish of Purity x12 [shop 16,200/craft/exchange/quest], Crystal: C-Grade x140 [shop 6,000/exchange], Gemstone C x73 [shop 6,000] || Drop: L48 Anakazel, L54 Connabi, L59 Cave Maiden
PIECE	357	Zubei's Breastplate	B	armor	chest	HEAVY	25	P.Def 157 M.Def 0	Exchange (list 697): Adena x24,500,000 || Craft (lvl 6, 60%): Recipe: Zubei's Breastplate (60%) x1 [shop 83,200/drop: L55 Fallen Orc], Zubei's Breastplate Part x12 [shop 22,100/drop: L50 Messenger of Fairy Queen Berun, L51 Deadman Ereve +21], Blacksmith's Frame x3 [shop 128,000/craft/exchange/quest], Mithril Alloy x18 [shop 26,200/craft/exchange/quest], Asofe x12 [shop 12,000/drop: L45 Shackle, L45 Vault Overlord +149/exchange/quest], Crystal: C-Grade x82 [shop 6,000/exchange], Gemstone B x12 [shop 20,000] || Craft (lvl 6, 100%): Recipe: Zubei's Breastplate x1 [shop 83,200/drop: L53 Doll Blader, L53 Purgatory Invader Warrior +2], Zubei's Breastplate Part x12 [shop 22,100/drop: L50 Messenger of Fairy Queen Berun, L51 Deadman Ereve +21], Maestro Mold x3 [shop 308,000/craft/quest], Mithril Alloy x33 [shop 26,200/craft/exchange/quest], Asofe x22 [shop 12,000/drop: L45 Shackle, L45 Vault Overlord +149/exchange/quest], Crystal: C-Grade x129 [shop 6,000/exchange], Gemstone B x12 [shop 20,000] || Drop: L50 Messenger of Fairy Queen Berun, L51 Deadman Ereve, L52 Gigantic Chaos Golem, L54 Paniel the Unicorn, L55 Ghost Knight Kabed +15
PIECE	358	Blue Wolf Breastplate	B	armor	chest	HEAVY	32	P.Def 166 M.Def 0	Exchange (list 697): Adena x70,000,000 || Craft (lvl 7, 60%): Recipe: Blue Wolf Breastplate (60%) x1 [shop 128,800/drop: L60 Ghost of the Tower, L61 Doom Guard], Blue Wolf Breastplate Part x13 [shop 27,384/drop: L50 Carnamakos, L57 Timak Seer Ragoth +23], Blacksmith's Frame x3 [shop 128,000/craft/exchange/quest], Mithril Alloy x36 [shop 26,200/craft/exchange/quest], Asofe x24 [shop 12,000/drop: L45 Shackle, L45 Vault Overlord +149/exchange/quest], Crystal: B-Grade x40 [shop 18,000/exchange], Gemstone B x20 [shop 20,000] || Craft (lvl 7, 100%): Recipe: Blue Wolf Breastplate x1 [shop 128,800/drop: L57 Ice Tarantula, L59 Beast Seer +4], Blue Wolf Breastplate Part x13 [shop 27,384/drop: L50 Carnamakos, L57 Timak Seer Ragoth +23], Maestro Mold x3 [shop 308,000/craft/quest], Mithril Alloy x54 [shop 26,200/craft/exchange/quest], Asofe x36 [shop 12,000/drop: L45 Shackle, L45 Vault Overlord +149/exchange/quest], Crystal: B-Grade x89 [shop 18,000/exchange], Gemstone B x20 [shop 20,000] || Drop: L50 Carnamakos, L57 Timak Seer Ragoth, L60 Taik High Prefect Arak, L62 Crypt Sage, L62 Kadios +13
PIECE	365	Dark Crystal Breastplate	A	armor	chest	HEAVY	39	P.Def 171 M.Def 0	Exchange at mammblack 2b: Sealed Dark Crystal breastplate x1 [drop: L65 Enmity Ghost Ramdal, L65 Rahha +26/craft], Ancient Adena x347,250
PIECE	374	Armor of Nightmare	A	armor	onepiece	HEAVY	46	P.Def 293 M.Def 0	Exchange at mammblack 2b: Sealed Armor of Nightmare x1 [drop: L68 Anakazel, L70 Fafurion's Herald Lokness +17/craft], Ancient Adena x772,500
PIECE	376	Iron Plate Gaiters	D	armor	legs	HEAVY	0	P.Def 48 M.Def 0	Drop: L20 Zombie Lord Farakelsus, L25 Kadif Werewolf, L25 Ol Mahum Captain, L26 Catacomb Wisp
PIECE	377	Scale Gaiters	D	armor	legs	HEAVY	0	P.Def 54 M.Def 0	Craft (lvl 2, 100%): Scale Gaiters Fragment x5 [shop 4,656/drop: L23 Greyclaw Kutus, L29 Ol Mahum Sergeant +8], Steel Mold x2 [shop 9,000/craft/exchange/quest], Steel x14 [shop 4,000/drop: L11 Balor Orc Lieutenant, L18 Tainted Zombie +147/craft/exchange/quest], Crystal: D-Grade x20 [shop 1,300/exchange], Gemstone D x5 [shop 2,000] || Drop: L23 Greyclaw Kutus, L29 Ol Mahum Sergeant, L30 Delu Lizardman Warrior, L30 Grave Robber Fighter, L30 Hatu Weird Bee +2
PIECE	378	Compound Scale Gaiters	D	armor	legs	HEAVY	0	P.Def 61 M.Def 0	Drop: L25 Princess Molrang, L26 Tiger Hornet, L33 Snow Lynx, L35 Warlike Tyrant
PIECE	379	Dwarven Scale Gaiters	D	armor	legs	HEAVY	0	P.Def 61 M.Def 0	Drop: L25 Princess Molrang, L26 Tiger Hornet, L33 Snow Lynx, L35 Warlike Tyrant
PIECE	380	Plate Gaiters	D	armor	legs	HEAVY	0	P.Def 70 M.Def 0	Craft (lvl 4, 100%): Plate Gaiters Part x8 [shop 7,924/drop: L34 Stakato Queen Zyrnna, L35 Eye of Beleth +8], Steel Mold x2 [shop 9,000/craft/exchange/quest], Steel x45 [shop 4,000/drop: L11 Balor Orc Lieutenant, L18 Tainted Zombie +147/craft/exchange/quest], Crystal: D-Grade x70 [shop 1,300/exchange], Gemstone D x19 [shop 2,000] || Drop: L34 Stakato Queen Zyrnna, L35 Eye of Beleth, L35 Guilotine, Warden of the Execution Grounds, L40 Queen Ant, L41 Tamlin Orc +5
PIECE	381	Chain Gaiters	C	armor	legs	HEAVY	13	P.Def 75 M.Def 0	Exchange at Alexandria: Crystal: C-Grade x79 [shop 6,000/exchange], Crystal: D-Grade x395 [shop 1,300/exchange] || Craft (lvl 4, 100%): Chain Gaiters Part x8 [shop 7,300/drop: L38 Premo Prime, L40 Water Couatle Ateka +10], Blacksmith's Frame x2 [shop 128,000/craft/exchange/quest], Mithril Alloy x1 [shop 26,200/craft/exchange/quest], Crystal: D-Grade x90 [shop 1,300/exchange], Gemstone C x8 [shop 6,000] || Drop: L38 Premo Prime, L40 Water Couatle Ateka, L44 Shindebarn, L44 Taik Orc Captain, L44 Zaken's Elite Archer +4
PIECE	382	Dwarven Chain Gaiters	C	armor	legs	HEAVY	0	P.Def 80 M.Def 0	Craft (lvl 5, 100%): Dwarven Chain Gaiters Material x9 [shop 10,466/drop: L43 Crazy Mechanic Golem, L47 Eva's Seeker +4], Blacksmith's Frame x2 [shop 128,000/craft/exchange/quest], Mithril Alloy x3 [shop 26,200/craft/exchange/quest], Crystal: C-Grade x25 [shop 6,000/exchange], Gemstone C x11 [shop 6,000] || Drop: L43 Crazy Mechanic Golem, L47 Eva's Seeker, L47 Menacing Jackhammer Golem, L47 Tarlk Bugbear, L48 Cave Servant Warrior +2
PIECE	383	Zubei's Gaiters	B	armor	legs	HEAVY	25	P.Def 98 M.Def 0	Exchange (list 697): Adena x35,000,000 || Craft (lvl 6, 60%): Recipe: Zubei's Gaiters (60%) x1 [shop 52,000/drop: L53 Doll Blader, L53 Dustwind Gargoyle +2], Zubei's Gaiter Material x12 [shop 14,300/drop: L50 Messenger of Fairy Queen Berun, L51 Deadman Ereve +19], Blacksmith's Frame x2 [shop 128,000/craft/exchange/quest], Mithril Alloy x12 [shop 26,200/craft/exchange/quest], Asofe x8 [shop 12,000/drop: L45 Shackle, L45 Vault Overlord +149/exchange/quest], Crystal: C-Grade x45 [shop 6,000/exchange], Gemstone B x7 [shop 20,000] || Craft (lvl 6, 100%): Recipe: Zubei's Gaiters x1 [shop 52,000/drop: L53 Crimson Doll Blader, L53 Purgatory Invader Archer +2], Zubei's Gaiter Material x12 [shop 14,300/drop: L50 Messenger of Fairy Queen Berun, L51 Deadman Ereve +19], Maestro Mold x2 [shop 308,000/craft/quest], Mithril Alloy x21 [shop 26,200/craft/exchange/quest], Asofe x14 [shop 12,000/drop: L45 Shackle, L45 Vault Overlord +149/exchange/quest], Crystal: C-Grade x72 [shop 6,000/exchange], Gemstone B x7 [shop 20,000] || Drop: L50 Messenger of Fairy Queen Berun, L51 Deadman Ereve, L52 Gigantic Chaos Golem, L54 Paniel the Unicorn, L55 Ghost Knight Kabed +15
PIECE	388	Dark Crystal Gaiters	A	armor	legs	HEAVY	39	P.Def 107 M.Def 0	Exchange at mammblack 2b: Sealed Dark Crystal Gaiters x1 [drop: L65 Enmity Ghost Ramdal, L65 Rahha +26/craft], Ancient Adena x216,750
PIECE	390	Cotton Shirt	NG	armor	chest	LIGHT	0	P.Def 50 M.Def 0	Drop: L16 Dark Terror, L17 Moonstone Beast, L17 Omen Beast, L17 Pincer Spider, L17 Pinrul +7 || Quest: BringWolfPelts
PIECE	391	Puma Skin Shirt	D	armor	chest	LIGHT	0	P.Def 58 M.Def 0	Drop: L20 Discarded Guardian, L25 Grim Wolf, L25 Kadif Werewolf, L26 Monster Eye Destroyer, L27 Horror Mist Ripper +1
PIECE	392	Lion Skin Shirt	D	armor	chest	LIGHT	0	P.Def 65 M.Def 0	Drop: L21 Kaysha Herald of Icarus, L29 Ritmal Swordsman, L31 Bandit Hound, L31 Sentinel Of Water, L32 Ghoul
PIECE	393	Mithril Banded Mail	D	armor	chest	LIGHT	0	P.Def 73 M.Def 0	Craft (lvl 3, 100%): Mithril Banded Mail Material x6 [shop 5,950/drop: L25 Mammon Collector Talos, L25 Pan Dryad +21], Steel Mold x3 [shop 9,000/craft/exchange/quest], Steel x25 [shop 4,000/drop: L11 Balor Orc Lieutenant, L18 Tainted Zombie +147/craft/exchange/quest], Crystal: D-Grade x45 [shop 1,300/exchange], Gemstone D x11 [shop 2,000] || Drop: L25 Mammon Collector Talos, L25 Pan Dryad, L33 Delu Lizardman Special Agent, L33 Granite Golem, L35 Ant Soldier +7
PIECE	394	Reinforced Leather Shirt	D	armor	chest	LIGHT	4	P.Def 73 M.Def 0	Drop: L25 Mammon Collector Talos, L25 Pan Dryad, L33 Delu Lizardman Special Agent, L33 Granite Golem, L35 Ant Soldier +7
PIECE	395	Manticore Skin Shirt	D	armor	chest	LIGHT	6	P.Def 77 M.Def 0	Craft (lvl 3, 100%): Manticore Skin Shirt Texture x7 [shop 7,842/drop: L29 Elf Renoa, L30 Boss Akata +9], Leather x84 [shop 1,800/drop: L18 Crystalline Beast, L18 Tracker Skeleton Leader +127/craft/exchange/quest], Cord x42 [shop 650/drop: L27 Babbling Wind, L27 Glass Jaguar +93/craft/exchange/quest], Crystal: D-Grade x70 [shop 1,300/exchange], Gemstone D x17 [shop 2,000] || Drop: L29 Elf Renoa, L30 Boss Akata, L30 Giant Wasteland Basilisk, L37 Bandit Inspector, L37 Noble Ant +5
PIECE	396	Salamander Skin Mail	D	armor	onepiece	LIGHT	0	P.Def 136 M.Def 0	Craft (lvl 4, 100%): Salamander Skin Mail Texture x8 [shop 12,488/drop: L34 Breka Warlock Pastu, L35 Red Eye Captain Trakia +7], Leather x140 [shop 1,800/drop: L18 Crystalline Beast, L18 Tracker Skeleton Leader +127/craft/exchange/quest], Cord x70 [shop 650/drop: L27 Babbling Wind, L27 Glass Jaguar +93/craft/exchange/quest], Braided Hemp x35 [shop 1,000/drop: L18 Lirein, L18 Salamander Elder +111/craft/exchange/quest], Crystal: D-Grade x130 [shop 1,300/exchange], Gemstone D x36 [shop 2,000] || Drop: L34 Breka Warlock Pastu, L35 Red Eye Captain Trakia, L35 Sejarr's Servitor, L40 Queen Ant, L42 Barrow Priest +3
PIECE	397	Mithril Shirt	C	armor	chest	LIGHT	12	P.Def 90 M.Def 0	Exchange at Alexandria: Crystal: C-Grade x95 [shop 6,000/exchange], Crystal: D-Grade x475 [shop 1,300/exchange] || Craft (lvl 4, 100%): Mithril Shirt Fabric x8 [shop 12,500/drop: L37 Rayito the Looter, L38 Anakazel +9], Crafted Leather x24 [shop 11,400/drop: L36 Cave Ant Larva, L36 Tyrant Kingpin +133/craft/exchange/quest], Metallic Fiber x12 [shop 1,400/drop: L36 Ant Warrior Captain, L38 Warrior of the Plains +170/craft/exchange/quest], Crystal: D-Grade x120 [shop 1,300/exchange], Gemstone C x10 [shop 6,000] || Drop: L37 Rayito the Looter, L38 Anakazel, L40 Shaman King Selu, L44 Blade Stakato Drone, L45 Zaken's High Grade Watchman +2
PIECE	398	Plated Leather	C	armor	chest	LIGHT	15	P.Def 94 M.Def 0	Craft (lvl 5, 100%): Plated Leather Fragment x9 [shop 10,956/drop: L42 Retreat Spider Cletu, L47 Dragon Bearer Archer +9], Crafted Leather x30 [shop 11,400/drop: L36 Cave Ant Larva, L36 Tyrant Kingpin +133/craft/exchange/quest], Metallic Fiber x15 [shop 1,400/drop: L36 Ant Warrior Captain, L38 Warrior of the Plains +170/craft/exchange/quest], Crystal: C-Grade x30 [shop 6,000/exchange], Gemstone C x12 [shop 6,000] || Drop: L42 Retreat Spider Cletu, L47 Dragon Bearer Archer, L47 Grave Priest, L48 Dragon Bearer Warrior, L48 Vanor Silenos Warrior +1
PIECE	399	Rind Leather Armor	C	armor	chest	LIGHT	0	P.Def 97 M.Def 0	Craft (lvl 5, 100%): Rind Leather Armor Design x9 [shop 12,178/drop: L42 Retreat Spider Cletu, L47 Dragon Bearer Archer +5], Crafted Leather x32 [shop 11,400/drop: L36 Cave Ant Larva, L36 Tyrant Kingpin +133/craft/exchange/quest], Metallic Fiber x16 [shop 1,400/drop: L36 Ant Warrior Captain, L38 Warrior of the Plains +170/craft/exchange/quest], Crystal: C-Grade x32 [shop 6,000/exchange], Gemstone C x14 [shop 6,000] || Drop: L42 Retreat Spider Cletu, L47 Dragon Bearer Archer, L47 Grave Priest, L48 Dragon Bearer Warrior, L48 Vanor Silenos Warrior +1
PIECE	400	Theca Leather Armor	C	armor	chest	LIGHT	21	P.Def 106 M.Def 0	Exchange at Alexandria: Crystal: C-Grade x207 [shop 6,000/exchange], Crystal: D-Grade x1,035 [shop 1,300/exchange] || Craft (lvl 5, 100%): Theca Leather Armor Pattern x10 [shop 18,660/drop: L48 King Tarlk, L53 Doll Blader +12], Crafted Leather x54 [shop 11,400/drop: L36 Cave Ant Larva, L36 Tyrant Kingpin +133/craft/exchange/quest], Metallic Fiber x27 [shop 1,400/drop: L36 Ant Warrior Captain, L38 Warrior of the Plains +170/craft/exchange/quest], Crystal: C-Grade x55 [shop 6,000/exchange], Gemstone C x25 [shop 6,000] || Drop: L48 King Tarlk, L50 Core, L50 Orfen, L53 Doll Blader, L53 Dustwind Gargoyle +4
PIECE	401	Drake Leather Armor	C	armor	onepiece	LIGHT	22	P.Def 179 M.Def 0	Craft (lvl 6, 100%): Drake Leather Armor Texture x11 [shop 26,218/drop: L48 King Tarlk, L53 Doll Blader +8], Crafted Leather x96 [shop 11,400/drop: L36 Cave Ant Larva, L36 Tyrant Kingpin +133/craft/exchange/quest], Metallic Fiber x48 [shop 1,400/drop: L36 Ant Warrior Captain, L38 Warrior of the Plains +170/craft/exchange/quest], Compound Braid x24 [shop 6,000/drop: L27 Gigant Overseer, L27 Grave Robber Scout +145/craft/exchange/quest], Crystal: C-Grade x100 [shop 6,000/exchange], Gemstone C x53 [shop 6,000] || Drop: L48 King Tarlk, L53 Doll Blader, L53 Dustwind Gargoyle, L53 Purgatory Wisp, L53 Sairon's Puppet +2 || Quest: WarehouseKeepersPastime
PIECE	412	Cotton Pants	NG	armor	legs	LIGHT	0	P.Def 32 M.Def 0	Drop: L16 Dark Terror, L17 Kuruka Ratman Hunter, L17 Omen Beast, L17 Pincer Spider, L17 Pinrul +7
PIECE	413	Puma Skin Gaiters	D	armor	legs	LIGHT	0	P.Def 36 M.Def 0	Drop: L20 Discarded Guardian, L25 Grim Wolf, L25 Kadif Werewolf, L26 Gray Ant, L27 Horror Mist Ripper +1
PIECE	414	Lion Skin Gaiters	D	armor	legs	LIGHT	0	P.Def 41 M.Def 0	Drop: L21 Kaysha Herald of Icarus, L30 Stinger Wasp, L31 Bandit Hound, L31 Sentinel Of Water, L32 Ghoul
PIECE	415	Mithril Banded Gaiters	D	armor	legs	LIGHT	0	P.Def 46 M.Def 0	Craft (lvl 3, 100%): Mithril Banded Gaiters Material x6 [shop 4,554/drop: L25 Mammon Collector Talos, L25 Pan Dryad +20], Steel Mold x2 [shop 9,000/craft/exchange/quest], Steel x14 [shop 4,000/drop: L11 Balor Orc Lieutenant, L18 Tainted Zombie +147/craft/exchange/quest], Crystal: D-Grade x30 [shop 1,300/exchange], Gemstone D x6 [shop 2,000] || Drop: L25 Mammon Collector Talos, L25 Pan Dryad, L33 Delu Lizardman Special Agent, L33 Granite Golem, L35 Ant Soldier +7
PIECE	416	Reinforced Leather Gaiters	D	armor	legs	LIGHT	4	P.Def 46 M.Def 0	Drop: L25 Mammon Collector Talos, L25 Pan Dryad, L33 Delu Lizardman Special Agent, L33 Granite Golem, L35 Ant Soldier +7
PIECE	417	Manticore Skin Gaiters	D	armor	legs	LIGHT	6	P.Def 48 M.Def 0	Craft (lvl 3, 100%): Manticore Skin Gaiters Pattern x7 [shop 5,036/drop: L29 Elf Renoa, L30 Boss Akata +10/quest], Leather x45 [shop 1,800/drop: L18 Crystalline Beast, L18 Tracker Skeleton Leader +127/craft/exchange/quest], Cord x45 [shop 650/drop: L27 Babbling Wind, L27 Glass Jaguar +93/craft/exchange/quest], Crystal: D-Grade x45 [shop 1,300/exchange], Gemstone D x10 [shop 2,000] || Drop: L29 Elf Renoa, L30 Boss Akata, L30 Giant Wasteland Basilisk, L37 Bandit Inspector, L37 Noble Ant +5
PIECE	418	Plated Leather Gaiters	C	armor	legs	LIGHT	15	P.Def 59 M.Def 0	Craft (lvl 5, 100%): Plated Leather Gaiters Material x9 [shop 7,334/drop: L42 Retreat Spider Cletu, L47 Death Flyer +9], Crafted Leather x18 [shop 11,400/drop: L36 Cave Ant Larva, L36 Tyrant Kingpin +133/craft/exchange/quest], Metallic Fiber x18 [shop 1,400/drop: L36 Ant Warrior Captain, L38 Warrior of the Plains +170/craft/exchange/quest], Crystal: C-Grade x18 [shop 6,000/exchange], Gemstone C x7 [shop 6,000] || Drop: L42 Retreat Spider Cletu, L47 Dragon Bearer Archer, L47 Grave Priest, L48 Dragon Bearer Warrior, L48 Vanor Silenos Warrior +1
PIECE	419	Rind Leather Gaiters	C	armor	legs	LIGHT	0	P.Def 60 M.Def 0	Craft (lvl 5, 100%): Rind Leather Gaiters Material x9 [shop 6,578/drop: L42 Retreat Spider Cletu, L47 Dragon Bearer Archer +5], Crafted Leather x20 [shop 11,400/drop: L36 Cave Ant Larva, L36 Tyrant Kingpin +133/craft/exchange/quest], Metallic Fiber x20 [shop 1,400/drop: L36 Ant Warrior Captain, L38 Warrior of the Plains +170/craft/exchange/quest], Crystal: C-Grade x20 [shop 6,000/exchange], Gemstone C x8 [shop 6,000] || Drop: L42 Retreat Spider Cletu, L47 Dragon Bearer Archer, L47 Grave Priest, L48 Dragon Bearer Warrior, L48 Vanor Silenos Warrior +1
PIECE	420	Theca Leather Gaiters	C	armor	legs	LIGHT	21	P.Def 66 M.Def 0	Exchange at Alexandria: Crystal: C-Grade x129 [shop 6,000/exchange], Crystal: D-Grade x645 [shop 1,300/exchange] || Craft (lvl 5, 100%): Theca Leather Gaiters Pattern x10 [shop 11,600/drop: L48 King Tarlk, L53 Doll Blader +8], Crafted Leather x32 [shop 11,400/drop: L36 Cave Ant Larva, L36 Tyrant Kingpin +133/craft/exchange/quest], Metallic Fiber x32 [shop 1,400/drop: L36 Ant Warrior Captain, L38 Warrior of the Plains +170/craft/exchange/quest], Crystal: C-Grade x35 [shop 6,000/exchange], Gemstone C x15 [shop 6,000] || Drop: L48 King Tarlk, L50 Core, L50 Orfen, L53 Doll Blader, L53 Dustwind Gargoyle +4
PIECE	426	Tunic	NG	armor	chest	MAGIC	0	P.Def 18 M.Def 0	Drop: L1 Bearded Keltir, L1 Young Prairie Keltir, L1 Young Red Keltir, L4 Kasha Wolf || Quest: BringWolfPelts
PIECE	428	Feriotic Tunic	NG	armor	chest	MAGIC	0	P.Def 21 M.Def 0	Exchange at Ariel, Arodin, Creamees, Damion, Garita, Iria, Jackson, Jakal, Kunai, Lector, Minaless, Mion, Nestle, Payne, Reep, Shari, Silvia, Simplon, Sydnia, Unoren, Uska, Varan: Tunic x1 [drop: L1 Bearded Keltir, L1 Young Prairie Keltir +2/quest], Adena x2,511 || Drop: L8 Green Dryad, L9 Spore Fungus, L10 Kaboo Orc Fighter, L10 Rakeclaw Imp Chieftain, L10 Vampire Bat
PIECE	429	Leather Tunic	NG	armor	chest	MAGIC	0	P.Def 25 M.Def 0	Exchange at Ariel, Arodin, Creamees, Damion, Garita, Iria, Jackson, Jakal, Kunai, Lector, Minaless, Mion, Nestle, Payne, Reep, Shari, Silvia, Simplon, Sydnia, Unoren, Uska, Varan: Feriotic Tunic x1 [drop: L8 Green Dryad, L9 Spore Fungus +3/exchange], Adena x6,083 || Exchange at Ariel, Arodin, Creamees, Damion, Garita, Iria, Jackson, Jakal, Kunai, Lector, Minaless, Mion, Nestle, Payne, Reep, Shari, Silvia, Simplon, Sydnia, Unoren, Uska, Varan: Cotton Tunic x1 [drop: L8 Green Dryad, L9 Spore Fungus +2], Adena x6,083 || Craft (lvl 1, 100%): Leather Tunic Pattern x2 [shop 1,568/drop: L11 Magical Weaver, L12 Barbed Bat +13], Animal Skin x24 [shop 300/drop: L2 Prairie Keltir, L4 Black Wolf +311/exchange/quest], Thread x12 [shop 200/drop: L1 Bearded Keltir, L1 Elpy +343/quest] || Drop: L11 Magical Weaver, L12 Werewolf Chieftain, L13 Festering Bat, L14 Dryad Elder, L14 Evil Eye Lookout +5
PIECE	432	Cursed Tunic	D	armor	chest	MAGIC	0	P.Def 39 M.Def 0	Drop: L20 Madness Beast, L25 Monster Eye Gazer, L27 Lafi Lizardman, L28 Catacomb Serpent, L28 Maille Lizardman Shaman
PIECE	433	Elven Tunic	D	armor	chest	MAGIC	0	P.Def 43 M.Def 0	Drop: L23 Tracker Leader Sharuk, L29 Turek Orc Shaman, L30 Lakin Salamander, L30 Lakin Undine, L30 Watchman of the Plains +3
PIECE	434	White Tunic	D	armor	chest	MAGIC	0	P.Def 43 M.Def 0	Craft (lvl 2, 100%): White Tunic Pattern x5 [shop 4,888/drop: L23 Tracker Leader Sharuk, L29 Turek Orc Shaman +9/quest], Leather x40 [shop 1,800/drop: L18 Crystalline Beast, L18 Tracker Skeleton Leader +127/craft/exchange/quest], Cord x20 [shop 650/drop: L27 Babbling Wind, L27 Glass Jaguar +93/craft/exchange/quest], Crystal: D-Grade x28 [shop 1,300/exchange], Gemstone D x7 [shop 2,000] || Drop: L23 Tracker Leader Sharuk, L29 Turek Orc Shaman, L30 Lakin Undine, L30 Watchman of the Plains, L30 Whispering Wind +3
PIECE	435	Mystic's Tunic	D	armor	chest	MAGIC	0	P.Def 43 M.Def 0	Drop: L23 Tracker Leader Sharuk, L29 Turek Orc Shaman, L30 Lakin Undine, L30 Watchman of the Plains, L30 Whispering Wind +3
PIECE	436	Tunic of Knowledge	D	armor	chest	MAGIC	5	P.Def 49 M.Def 0	Drop: L25 Zombie Lord Crowl, L26 Patriarch Kuroboros, L33 Salamander Rowin, L34 Medusa, L35 Ant Guard +3
PIECE	437	Mithril Tunic	D	armor	chest	MAGIC	8	P.Def 52 M.Def 0	Craft (lvl 3, 100%): Mithril Tunic Fabric x7 [shop 7,842/drop: L30 Cat's Eye Bandit, L32 Skyla +5], Leather x84 [shop 1,800/drop: L18 Crystalline Beast, L18 Tracker Skeleton Leader +127/craft/exchange/quest], Cord x42 [shop 650/drop: L27 Babbling Wind, L27 Glass Jaguar +93/craft/exchange/quest], Crystal: D-Grade x70 [shop 1,300/exchange], Gemstone D x17 [shop 2,000] || Drop: L30 Cat's Eye Bandit, L32 Skyla, L38 Pageos, L39 Shaman of the Plains, L40 Dimension Invader Soldier +1
PIECE	438	Sage's Rag	D	armor	onepiece	MAGIC	0	P.Def 90 M.Def 0	Craft (lvl 4, 100%): Sage's Rag Lining x8 [shop 12,488/drop: L34 Cronos's Servitor Mumu, L35 Flame Lord Shadar +7], Leather x140 [shop 1,800/drop: L18 Crystalline Beast, L18 Tracker Skeleton Leader +127/craft/exchange/quest], Cord x70 [shop 650/drop: L27 Babbling Wind, L27 Glass Jaguar +93/craft/exchange/quest], Braided Hemp x35 [shop 1,000/drop: L18 Lirein, L18 Salamander Elder +111/craft/exchange/quest], Crystal: D-Grade x130 [shop 1,300/exchange], Gemstone D x36 [shop 2,000] || Drop: L34 Cronos's Servitor Mumu, L35 Flame Lord Shadar, L40 Nakondas, L40 Queen Ant, L41 Giant Monstereye +1
PIECE	439	Karmian Tunic	C	armor	chest	MAGIC	14	P.Def 60 M.Def 0	Exchange at Alexandria: Crystal: C-Grade x95 [shop 6,000/exchange], Crystal: D-Grade x475 [shop 1,300/exchange] || Craft (lvl 4, 100%): Karmian Tunic Pattern x8 [shop 12,500/drop: L39 Leader of Cat Gang, L40 Fafurion's Page Sika +11], Crafted Leather x24 [shop 11,400/drop: L36 Cave Ant Larva, L36 Tyrant Kingpin +133/craft/exchange/quest], Metallic Fiber x12 [shop 1,400/drop: L36 Ant Warrior Captain, L38 Warrior of the Plains +170/craft/exchange/quest], Crystal: D-Grade x120 [shop 1,300/exchange], Gemstone C x10 [shop 6,000] || Drop: L39 Leader of Cat Gang, L40 Fafurion's Page Sika, L44 Farhite Lad, L45 Dimension Invader Elite Soldier, L45 Fline +5
PIECE	440	Robe of Seal	C	armor	onepiece	MAGIC	0	P.Def 105 M.Def 0	Craft (lvl 5, 100%): Robe of Seal Fabric x9 [shop 17,912/drop: L43 Earth Protector Panathen, L47 Vault Priest +2], Crafted Leather x40 [shop 11,400/drop: L36 Cave Ant Larva, L36 Tyrant Kingpin +133/craft/exchange/quest], Metallic Fiber x20 [shop 1,400/drop: L36 Ant Warrior Captain, L38 Warrior of the Plains +170/craft/exchange/quest], Compound Braid x10 [shop 6,000/drop: L27 Gigant Overseer, L27 Grave Robber Scout +145/craft/exchange/quest], Crystal: C-Grade x50 [shop 6,000/exchange], Gemstone C x21 [shop 6,000] || Drop: L43 Earth Protector Panathen, L45 Gigant Commander, L47 Forest of Mirrors Ghost, L47 Spore Zombie, L47 Vault Priest +1
PIECE	441	Demon's Tunic	C	armor	chest	MAGIC	20	P.Def 69 M.Def 0	Exchange at Alexandria: Crystal: C-Grade x184 [shop 6,000/exchange], Crystal: D-Grade x920 [shop 1,300/exchange] || Craft (lvl 5, 100%): Demon's Tunic Fabric x10 [shop 16,480/quest], Crafted Leather x48 [shop 11,400/drop: L36 Cave Ant Larva, L36 Tyrant Kingpin +133/craft/exchange/quest], Metallic Fiber x24 [shop 1,400/drop: L36 Ant Warrior Captain, L38 Warrior of the Plains +170/craft/exchange/quest], Crystal: C-Grade x50 [shop 6,000/exchange], Gemstone C x22 [shop 6,000] || Drop: L50 Core, L50 Orfen || Quest: TheWishingPotion
PIECE	442	Divine Tunic	C	armor	chest	MAGIC	24	P.Def 74 M.Def 0	Craft (lvl 6, 100%): Divine Tunic Fabric x11 [shop 20,818/drop: L48 Orfen's Handmaiden, L53 Farcran +7], Crafted Leather x70 [shop 11,400/drop: L36 Cave Ant Larva, L36 Tyrant Kingpin +133/craft/exchange/quest], Metallic Fiber x35 [shop 1,400/drop: L36 Ant Warrior Captain, L38 Warrior of the Plains +170/craft/exchange/quest], Crystal: C-Grade x72 [shop 6,000/exchange], Gemstone C x34 [shop 6,000] || Drop: L48 Orfen's Handmaiden, L53 Lost Bandersnatch, L53 Purgatory Invader Disciples, L53 Valley Treant Elder, L54 Harit Lizardman Shaman +2
PIECE	462	Stockings	NG	armor	legs	MAGIC	0	P.Def 11 M.Def 0	Drop: L1 Bearded Keltir, L1 Young Prairie Keltir, L1 Young Red Keltir || Quest: KeenClaws
PIECE	463	Feriotic Stockings	NG	armor	legs	MAGIC	0	P.Def 13 M.Def 0	Exchange at Ariel, Arodin, Creamees, Damion, Garita, Iria, Jackson, Jakal, Kunai, Lector, Minaless, Mion, Nestle, Payne, Reep, Shari, Silvia, Simplon, Sydnia, Unoren, Uska, Varan: Stockings x1 [drop: L1 Bearded Keltir, L1 Young Prairie Keltir +1/quest], Adena x1,570 || Drop: L8 Green Dryad, L9 Spore Fungus, L10 Rakeclaw Imp Chieftain, L10 Vampire Bat
PIECE	464	Leather Stockings	NG	armor	legs	MAGIC	0	P.Def 16 M.Def 0	Exchange at Ariel, Arodin, Creamees, Damion, Garita, Iria, Jackson, Jakal, Kunai, Lector, Minaless, Mion, Nestle, Payne, Reep, Shari, Silvia, Simplon, Sydnia, Unoren, Uska, Varan: Feriotic Stockings x1 [drop: L8 Green Dryad, L9 Spore Fungus +2/exchange], Adena x3,795 || Exchange at Ariel, Arodin, Creamees, Damion, Garita, Iria, Jackson, Jakal, Kunai, Lector, Minaless, Mion, Nestle, Payne, Reep, Shari, Silvia, Simplon, Sydnia, Unoren, Uska, Varan: Cotton Stockings x1 [drop: L8 Green Dryad, L9 Spore Fungus +2], Adena x3,795 || Craft (lvl 1, 100%): Leather Stocking Pattern x2 [shop 976/drop: L11 Magical Weaver, L12 Blood Fungus +11], Animal Skin x12 [shop 300/drop: L2 Prairie Keltir, L4 Black Wolf +311/exchange/quest], Thread x12 [shop 200/drop: L1 Bearded Keltir, L1 Elpy +343/quest] || Drop: L11 Magical Weaver, L12 Dungeon Skeleton, L13 Festering Bat, L14 Dryad Elder, L14 Evil Eye Lookout +5
PIECE	465	Cursed Stockings	D	armor	legs	MAGIC	0	P.Def 24 M.Def 0	Drop: L20 Madness Beast, L25 Monster Eye Gazer, L27 Lafi Lizardman, L27 Turek Orc Archer, L28 Catacomb Serpent +1
PIECE	466	Elven Stockings	D	armor	legs	MAGIC	0	P.Def 27 M.Def 0	Drop: L23 Tracker Leader Sharuk, L29 Turek Orc Shaman, L30 Lakin Undine, L30 Watchman of the Plains, L30 Whispering Wind +3
PIECE	467	Dark Stockings	D	armor	legs	MAGIC	0	P.Def 27 M.Def 0	Craft (lvl 2, 100%): Dark Stocking Fabric x5 [shop 3,400/drop: L23 Tracker Leader Sharuk, L29 Fire Archer +18], Leather x20 [shop 1,800/drop: L18 Crystalline Beast, L18 Tracker Skeleton Leader +127/craft/exchange/quest], Cord x20 [shop 650/drop: L27 Babbling Wind, L27 Glass Jaguar +93/craft/exchange/quest], Crystal: D-Grade x20 [shop 1,300/exchange], Gemstone D x4 [shop 2,000] || Drop: L23 Tracker Leader Sharuk, L29 Turek Orc Shaman, L30 Lakin Undine, L30 Watchman of the Plains, L30 Whispering Wind +3
PIECE	468	Mystic's Stockings	D	armor	legs	MAGIC	0	P.Def 27 M.Def 0	Drop: L23 Tracker Leader Sharuk, L29 Turek Orc Shaman, L30 Lakin Undine, L30 Watchman of the Plains, L30 Whispering Wind +2
PIECE	469	Stockings of Knowledge	D	armor	legs	MAGIC	5	P.Def 30 M.Def 0	Drop: L25 Zombie Lord Crowl, L26 Patriarch Kuroboros, L33 Salamander Rowin, L34 Medusa, L35 Ant Guard +3
PIECE	470	Mithril Stockings	D	armor	legs	MAGIC	8	P.Def 32 M.Def 0	Craft (lvl 3, 100%): Mithril Stocking Design x7 [shop 5,036/drop: L30 Cat's Eye Bandit, L32 Skyla +6], Leather x45 [shop 1,800/drop: L18 Crystalline Beast, L18 Tracker Skeleton Leader +127/craft/exchange/quest], Cord x45 [shop 650/drop: L27 Babbling Wind, L27 Glass Jaguar +93/craft/exchange/quest], Crystal: D-Grade x45 [shop 1,300/exchange], Gemstone D x10 [shop 2,000] || Drop: L30 Cat's Eye Bandit, L32 Skyla, L38 Pageos, L39 Shaman of the Plains, L40 Dimension Invader Soldier +1
PIECE	471	Karmian Stockings	C	armor	legs	MAGIC	14	P.Def 37 M.Def 0	Exchange at Alexandria: Crystal: C-Grade x59 [shop 6,000/exchange], Crystal: D-Grade x295 [shop 1,300/exchange] || Craft (lvl 4, 100%): Karmian Stocking Design x8 [shop 7,524/drop: L39 Leader of Cat Gang, L40 Fafurion's Page Sika +12], Crafted Leather x15 [shop 11,400/drop: L36 Cave Ant Larva, L36 Tyrant Kingpin +133/craft/exchange/quest], Metallic Fiber x15 [shop 1,400/drop: L36 Ant Warrior Captain, L38 Warrior of the Plains +170/craft/exchange/quest], Crystal: D-Grade x70 [shop 1,300/exchange], Gemstone C x6 [shop 6,000] || Drop: L39 Leader of Cat Gang, L40 Fafurion's Page Sika, L44 Farhite Lad, L45 Dimension Invader Elite Soldier, L45 Fline +5
PIECE	472	Demon's Stockings	C	armor	legs	MAGIC	20	P.Def 43 M.Def 0	Exchange at Alexandria: Crystal: C-Grade x115 [shop 6,000/exchange], Crystal: D-Grade x575 [shop 1,300/exchange] || Exchange (list 508): Manak's Silver Dryad x1 [?], Silver Dryad x1 [?] || Craft (lvl 5, 100%): Demon's Stocking Pattern x10 [shop 9,400/quest], Crafted Leather x30 [shop 11,400/drop: L36 Cave Ant Larva, L36 Tyrant Kingpin +133/craft/exchange/quest], Metallic Fiber x30 [shop 1,400/drop: L36 Ant Warrior Captain, L38 Warrior of the Plains +170/craft/exchange/quest], Crystal: C-Grade x30 [shop 6,000/exchange], Gemstone C x13 [shop 6,000] || Drop: L50 Core, L50 Orfen || Quest: TheWishingPotion
PIECE	473	Divine Stockings	C	armor	legs	MAGIC	24	P.Def 46 M.Def 0	Craft (lvl 6, 100%): Divine Stocking Pattern x11 [shop 13,272/drop: L48 Orfen's Handmaiden, L53 Lost Bandersnatch +8], Crafted Leather x42 [shop 11,400/drop: L36 Cave Ant Larva, L36 Tyrant Kingpin +133/craft/exchange/quest], Metallic Fiber x42 [shop 1,400/drop: L36 Ant Warrior Captain, L38 Warrior of the Plains +170/craft/exchange/quest], Crystal: C-Grade x45 [shop 6,000/exchange], Gemstone C x20 [shop 6,000] || Drop: L48 Orfen's Handmaiden, L53 Lost Bandersnatch, L53 Purgatory Invader Disciples, L53 Valley Treant Elder, L54 Harit Lizardman Shaman +2
PIECE	497	Chain Helmet	C	armor	head	?	0	P.Def 45 M.Def 0	Craft (lvl 4, 100%): Chain Helmet Design x8 [?], Steel Mold x1 [shop 9,000/craft/exchange/quest], Leather x60 [shop 1,800/drop: L18 Crystalline Beast, L18 Tracker Skeleton Leader +127/craft/exchange/quest], Crystal: D-Grade x45 [shop 1,300/exchange], Gemstone D x10 [shop 2,000]
PIECE	498	Steel Plate Helmet	C	armor	head	?	0	P.Def 49 M.Def 0	Craft (lvl 4, 100%): Metal Plate Helmet Material x9 [?], Blacksmith's Frame x1 [shop 128,000/craft/exchange/quest], Crafted Leather x3 [shop 11,400/drop: L36 Cave Ant Larva, L36 Tyrant Kingpin +133/craft/exchange/quest], Crystal: C-Grade x14 [shop 6,000/exchange], Gemstone C x5 [shop 6,000]
PIECE	499	Mithril Helmet	C	armor	head	?	0	P.Def 58 M.Def 0	Craft (lvl 6, 100%): Mithril Helmet Design x11 [?], Blacksmith's Frame x1 [shop 128,000/craft/exchange/quest], Crafted Leather x26 [shop 11,400/drop: L36 Cave Ant Larva, L36 Tyrant Kingpin +133/craft/exchange/quest], Crystal: C-Grade x36 [shop 6,000/exchange], Gemstone C x15 [shop 6,000]
PIECE	500	Great Helmet	C	armor	head	?	0	P.Def 51 M.Def 0	Craft (lvl 5, 100%): Great Helmet Material x9 [shop 6,534/drop: L47 Gigantic Flyer, L47 Hatar Ratman Thief +7], Blacksmith's Frame x1 [shop 128,000/craft/exchange/quest], Crafted Leather x6 [shop 11,400/drop: L36 Cave Ant Larva, L36 Tyrant Kingpin +133/craft/exchange/quest], Crystal: C-Grade x16 [shop 6,000/exchange], Gemstone C x6 [shop 6,000] || Drop: L47 Gigantic Flyer, L47 Hatar Ratman Thief, L48 Garden Guard, L48 Horrifying Cannon Golem I, L48 Treasure Chest +3 || Quest: WarehouseKeepersPastime
PIECE	503	Zubei's Helmet	B	armor	head	?	29	P.Def 62 M.Def 0	Exchange (list 697): Adena x35,000,000 || Craft (lvl 6, 60%): Recipe: Zubei's Helmet (60%) x1 [shop 31,120/drop: L57 Pobby], Zubei's Helmet Design x12 [shop 8,906/drop: L50 Zaken's Chief Mate Tillion, L53 Atraiban +7], Blacksmith's Frame x1 [shop 128,000/craft/exchange/quest], Crafted Leather x20 [shop 11,400/drop: L36 Cave Ant Larva, L36 Tyrant Kingpin +133/craft/exchange/quest], Asofe x2 [shop 12,000/drop: L45 Shackle, L45 Vault Overlord +149/exchange/quest], Crystal: C-Grade x30 [shop 6,000/exchange], Gemstone B x4 [shop 20,000] || Craft (lvl 6, 100%): Recipe: Zubei's Helmet x1 [shop 31,120/drop: L54 Connabi, L55 Harit Lizardman Matriarch], Zubei's Helmet Design x12 [shop 8,906/drop: L50 Zaken's Chief Mate Tillion, L53 Atraiban +7], Maestro Mold x1 [shop 308,000/craft/quest], Crafted Leather x40 [shop 11,400/drop: L36 Cave Ant Larva, L36 Tyrant Kingpin +133/craft/exchange/quest], Asofe x4 [shop 12,000/drop: L45 Shackle, L45 Vault Overlord +149/exchange/quest], Crystal: C-Grade x41 [shop 6,000/exchange], Gemstone B x4 [shop 20,000] || Drop: L50 Zaken's Chief Mate Tillion, L53 Atraiban, L55 Beleth's Seer Sephia, L55 Eva's Spirit Niniel, L56 Malruk Succubus Turen +5
PIECE	512	Dark Crystal Helmet	A	armor	head	?	44	P.Def 69 M.Def 0	Exchange at mammblack 2b: Sealed Dark Crystal Helmet x1 [drop: L59 Abyss Brukunt, L60 Ancient Weird Drake +24/craft], Ancient Adena x130,500
PIECE	517	Composite Helmet	C	armor	head	?	19	P.Def 54 M.Def 0	Craft (lvl 5, 100%): Composite Helmet Design x10 [shop 9,120/drop: L44 Dread Avenger Kraven, L45 Archon Suscepter +5], Blacksmith's Frame x1 [shop 128,000/craft/exchange/quest], Crafted Leather x14 [shop 11,400/drop: L36 Cave Ant Larva, L36 Tyrant Kingpin +133/craft/exchange/quest], Crystal: C-Grade x25 [shop 6,000/exchange], Gemstone C x10 [shop 6,000] || Drop: L44 Dread Avenger Kraven, L45 Archon Suscepter, L45 Iron Giant Totem, L50 Core, L50 Headless Knight +4
PIECE	529	Cap of Mana	C	armor	head	?	0	P.Def 58 M.Def 0	Craft (lvl 6, 100%): Cap of Mana Pattern x11 [?], Blacksmith's Frame x1 [shop 128,000/craft/exchange/quest], Crafted Leather x26 [shop 11,400/drop: L36 Cave Ant Larva, L36 Tyrant Kingpin +133/craft/exchange/quest], Crystal: C-Grade x36 [shop 6,000/exchange], Gemstone C x15 [shop 6,000]
PIECE	531	Paradia Hood	C	armor	head	?	0	P.Def 58 M.Def 0	Craft (lvl 6, 100%): Paradia Hood Material x11 [?], Blacksmith's Frame x1 [shop 128,000/craft/exchange/quest], Crafted Leather x26 [shop 11,400/drop: L36 Cave Ant Larva, L36 Tyrant Kingpin +133/craft/exchange/quest], Crystal: C-Grade x36 [shop 6,000/exchange], Gemstone C x15 [shop 6,000]
PIECE	533	Hood of Solar Eclipse	C	armor	head	?	0	P.Def 58 M.Def 0	Craft (lvl 6, 100%): Hood of Solar Eclipse Texture x11 [?], Blacksmith's Frame x1 [shop 128,000/craft/exchange/quest], Crafted Leather x26 [shop 11,400/drop: L36 Cave Ant Larva, L36 Tyrant Kingpin +133/craft/exchange/quest], Crystal: C-Grade x36 [shop 6,000/exchange], Gemstone C x15 [shop 6,000]
PIECE	535	Hood of Summoning	C	armor	head	?	0	P.Def 58 M.Def 0	Craft (lvl 6, 100%): Hood of Summoning Texture x11 [?], Blacksmith's Frame x1 [shop 128,000/craft/exchange/quest], Crafted Leather x26 [shop 11,400/drop: L36 Cave Ant Larva, L36 Tyrant Kingpin +133/craft/exchange/quest], Crystal: C-Grade x36 [shop 6,000/exchange], Gemstone C x15 [shop 6,000]
PIECE	537	Elemental Hood	C	armor	head	?	0	P.Def 58 M.Def 0	Craft (lvl 6, 100%): Elemental Hood Material x11 [?], Blacksmith's Frame x1 [shop 128,000/craft/exchange/quest], Crafted Leather x26 [shop 11,400/drop: L36 Cave Ant Larva, L36 Tyrant Kingpin +133/craft/exchange/quest], Crystal: C-Grade x36 [shop 6,000/exchange], Gemstone C x15 [shop 6,000]
PIECE	539	Hood of Grace	C	armor	head	?	0	P.Def 58 M.Def 0	Craft (lvl 6, 100%): Hood of Grace Texture x11 [?], Blacksmith's Frame x1 [shop 128,000/craft/exchange/quest], Crafted Leather x26 [shop 11,400/drop: L36 Cave Ant Larva, L36 Tyrant Kingpin +133/craft/exchange/quest], Crystal: C-Grade x36 [shop 6,000/exchange], Gemstone C x15 [shop 6,000]
PIECE	541	Phoenix Hood	C	armor	head	?	0	P.Def 58 M.Def 0	Craft (lvl 6, 100%): Phoenix Hood Material x11 [?], Blacksmith's Frame x1 [shop 128,000/craft/exchange/quest], Crafted Leather x26 [shop 11,400/drop: L36 Cave Ant Larva, L36 Tyrant Kingpin +133/craft/exchange/quest], Crystal: C-Grade x36 [shop 6,000/exchange], Gemstone C x15 [shop 6,000]
PIECE	543	Hood of Aid	C	armor	head	?	0	P.Def 58 M.Def 0	Craft (lvl 6, 100%): Hood of Aid Material x11 [?], Blacksmith's Frame x1 [shop 128,000/craft/exchange/quest], Crafted Leather x26 [shop 11,400/drop: L36 Cave Ant Larva, L36 Tyrant Kingpin +133/craft/exchange/quest], Crystal: C-Grade x36 [shop 6,000/exchange], Gemstone C x15 [shop 6,000]
PIECE	545	Flame Helm	C	armor	head	?	0	P.Def 58 M.Def 0	Craft (lvl 6, 100%): Flame Helm Design x11 [?], Blacksmith's Frame x1 [shop 128,000/craft/exchange/quest], Crafted Leather x26 [shop 11,400/drop: L36 Cave Ant Larva, L36 Tyrant Kingpin +133/craft/exchange/quest], Crystal: C-Grade x36 [shop 6,000/exchange], Gemstone C x15 [shop 6,000]
PIECE	547	Tallum Helm	A	armor	head	?	43	P.Def 69 M.Def 0	Exchange at mammblack 2b: Sealed Tallum Helmet x1 [drop: L59 Abyss Brukunt, L60 Ancient Weird Drake +24/craft], Ancient Adena x130,500
PIECE	549	Helm of Avadon	C	armor	head	?	0	P.Def 58 M.Def 0	Craft (lvl 6, 100%): Helm of Avadon Design x11 [?], Blacksmith's Frame x1 [shop 128,000/craft/exchange/quest], Crafted Leather x26 [shop 11,400/drop: L36 Cave Ant Larva, L36 Tyrant Kingpin +133/craft/exchange/quest], Crystal: C-Grade x36 [shop 6,000/exchange], Gemstone C x15 [shop 6,000]
PIECE	551	Helmet of Pledge	C	armor	head	?	0	P.Def 58 M.Def 0	Craft (lvl 6, 100%): Helmet of Pledge Pattern x11 [?], Blacksmith's Frame x1 [shop 128,000/craft/exchange/quest], Crafted Leather x26 [shop 11,400/drop: L36 Cave Ant Larva, L36 Tyrant Kingpin +133/craft/exchange/quest], Crystal: C-Grade x36 [shop 6,000/exchange], Gemstone C x15 [shop 6,000]
PIECE	553	Iron Boots	D	armor	feet	?	0	P.Def 24 M.Def 0	Craft (lvl 3, 100%): Iron Boots Design x6 [shop 2,680/drop: L25 Soul Scavenger, L28 Partisan Leader Talakin +13/quest], Leather x16 [shop 1,800/drop: L18 Crystalline Beast, L18 Tracker Skeleton Leader +127/craft/exchange/quest], High Grade Suede x2 [shop 4,800/drop: L27 Grave Robber Lookout, L27 Ol Mahum Raider +105/craft/exchange/quest], Crystal: D-Grade x16 [shop 1,300/exchange], Gemstone D x3 [shop 2,000] || Drop: L25 Soul Scavenger, L28 Partisan Leader Talakin, L33 Ant Recruit, L33 Treasure Chest, L34 Puncher +3
PIECE	554	Sealed Zubei's Boots	B	armor	feet	?	0	P.Def 41 M.Def 0	Exchange (list 301660373): Hellfire Oil x1 [?] || Exchange at Byron, Duning, Feynn, Helton, Hilda, Kluto, Morning, Pinter, Poitan, Pushkin, Rupio, Siger, Vincenz, Wilbert: Zubei's Boots - Heavy Armor x1 [exchange] || Exchange at Byron, Duning, Feynn, Helton, Hilda, Kluto, Morning, Pinter, Poitan, Pushkin, Rupio, Siger, Vincenz, Wilbert: Zubei's Boots - Light Armor x1 [exchange] || Craft (lvl 6, 60%): Recipe: Zubei's Boots (60%) x1 [shop 20,760/drop: L64 Hallate's Warrior/exchange], Zubei's Boots Design x12 [shop 7,686/drop: L50 Lilith's Witch Marilion, L52 Fafurion's Envoy Pingolpin +8], Crafted Leather x16 [shop 11,400/drop: L36 Cave Ant Larva, L36 Tyrant Kingpin +133/craft/exchange/quest], High Grade Suede x2 [shop 4,800/drop: L27 Grave Robber Lookout, L27 Ol Mahum Raider +105/craft/exchange/quest], Asofe x2 [shop 12,000/drop: L45 Shackle, L45 Vault Overlord +149/exchange/quest], Crystal: C-Grade x25 [shop 6,000/exchange], Gemstone B x2 [shop 20,000] || Craft (lvl 6, 100%): Recipe: Zubei's Boots x1 [shop 20,760/drop: L64 Corrupt Sage, L70 Huge Footmark], Zubei's Boots Design x12 [shop 7,686/drop: L50 Lilith's Witch Marilion, L52 Fafurion's Envoy Pingolpin +8], Maestro Anvil Lock x1 [shop 180,800/craft/quest], Crafted Leather x24 [shop 11,400/drop: L36 Cave Ant Larva, L36 Tyrant Kingpin +133/craft/exchange/quest], High Grade Suede x3 [shop 4,800/drop: L27 Grave Robber Lookout, L27 Ol Mahum Raider +105/craft/exchange/quest], Asofe x3 [shop 12,000/drop: L45 Shackle, L45 Vault Overlord +149/exchange/quest], Crystal: C-Grade x33 [shop 6,000/exchange], Gemstone B x2 [shop 20,000] || Drop: L50 Lilith's Witch Marilion, L52 Fafurion's Envoy Pingolpin, L55 Bandit Leader Barda, L55 Sorcerer Isirr, L56 Yintzu +6
PIECE	564	Implosion Boots	B	armor	feet	?	0	P.Def 44 M.Def 0	Craft (lvl 7, 60%): Recipe: Implosion Boots (60%) x1 [?], Implosion Boots Part x13 [?], Crafted Leather x32 [shop 11,400/drop: L36 Cave Ant Larva, L36 Tyrant Kingpin +133/craft/exchange/quest], High Grade Suede x4 [shop 4,800/drop: L27 Grave Robber Lookout, L27 Ol Mahum Raider +105/craft/exchange/quest], Asofe x4 [shop 12,000/drop: L45 Shackle, L45 Vault Overlord +149/exchange/quest], Crystal: B-Grade x8 [shop 18,000/exchange], Gemstone B x4 [shop 20,000] || Craft (lvl 7, 100%): Recipe: Implosion Boots x1 [?], Implosion Boots Part x13 [?], Maestro Anvil Lock x1 [shop 180,800/craft/quest], Crafted Leather x48 [shop 11,400/drop: L36 Cave Ant Larva, L36 Tyrant Kingpin +133/craft/exchange/quest], High Grade Suede x6 [shop 4,800/drop: L27 Grave Robber Lookout, L27 Ol Mahum Raider +105/craft/exchange/quest], Asofe x6 [shop 12,000/drop: L45 Shackle, L45 Vault Overlord +149/exchange/quest], Crystal: B-Grade x15 [shop 18,000/exchange], Gemstone B x4 [shop 20,000]
PIECE	572	Boots of Silence	B	armor	feet	?	0	P.Def 41 M.Def 0	Craft (lvl 6, 60%): Recipe: Boots of Silence (60%) x1 [?], Boots of Silence Fabric x12 [?], Crafted Leather x16 [shop 11,400/drop: L36 Cave Ant Larva, L36 Tyrant Kingpin +133/craft/exchange/quest], High Grade Suede x2 [shop 4,800/drop: L27 Grave Robber Lookout, L27 Ol Mahum Raider +105/craft/exchange/quest], Asofe x2 [shop 12,000/drop: L45 Shackle, L45 Vault Overlord +149/exchange/quest], Crystal: C-Grade x25 [shop 6,000/exchange], Gemstone B x2 [shop 20,000] || Craft (lvl 6, 100%): Recipe: Boots of Silence x1 [?], Boots of Silence Fabric x12 [?], Maestro Anvil Lock x1 [shop 180,800/craft/quest], Crafted Leather x24 [shop 11,400/drop: L36 Cave Ant Larva, L36 Tyrant Kingpin +133/craft/exchange/quest], High Grade Suede x3 [shop 4,800/drop: L27 Grave Robber Lookout, L27 Ol Mahum Raider +105/craft/exchange/quest], Asofe x3 [shop 12,000/drop: L45 Shackle, L45 Vault Overlord +149/exchange/quest], Crystal: C-Grade x33 [shop 6,000/exchange], Gemstone B x2 [shop 20,000]
PIECE	578	Guardian's Boots	B	armor	feet	?	0	P.Def 41 M.Def 0	Craft (lvl 6, 60%): Recipe: Guardian's Boots (60%) x1 [?], Guardian's Boots Fabric x12 [?], Crafted Leather x16 [shop 11,400/drop: L36 Cave Ant Larva, L36 Tyrant Kingpin +133/craft/exchange/quest], High Grade Suede x2 [shop 4,800/drop: L27 Grave Robber Lookout, L27 Ol Mahum Raider +105/craft/exchange/quest], Asofe x2 [shop 12,000/drop: L45 Shackle, L45 Vault Overlord +149/exchange/quest], Crystal: C-Grade x25 [shop 6,000/exchange], Gemstone B x2 [shop 20,000] || Craft (lvl 6, 100%): Recipe: Guardian's Boots x1 [?], Guardian's Boots Fabric x12 [?], Maestro Anvil Lock x1 [shop 180,800/craft/quest], Crafted Leather x24 [shop 11,400/drop: L36 Cave Ant Larva, L36 Tyrant Kingpin +133/craft/exchange/quest], High Grade Suede x3 [shop 4,800/drop: L27 Grave Robber Lookout, L27 Ol Mahum Raider +105/craft/exchange/quest], Asofe x3 [shop 12,000/drop: L45 Shackle, L45 Vault Overlord +149/exchange/quest], Crystal: C-Grade x33 [shop 6,000/exchange], Gemstone B x2 [shop 20,000]
PIECE	582	Paradia Boots	B	armor	feet	?	0	P.Def 44 M.Def 0	Craft (lvl 7, 60%): Recipe: Paradia Boots (60%) x1 [?], Paradia Boots Pattern x13 [?], Crafted Leather x32 [shop 11,400/drop: L36 Cave Ant Larva, L36 Tyrant Kingpin +133/craft/exchange/quest], High Grade Suede x4 [shop 4,800/drop: L27 Grave Robber Lookout, L27 Ol Mahum Raider +105/craft/exchange/quest], Asofe x4 [shop 12,000/drop: L45 Shackle, L45 Vault Overlord +149/exchange/quest], Crystal: B-Grade x8 [shop 18,000/exchange], Gemstone B x4 [shop 20,000] || Craft (lvl 7, 100%): Recipe: Paradia Boots x1 [?], Paradia Boots Pattern x13 [?], Maestro Anvil Lock x1 [shop 180,800/craft/quest], Crafted Leather x48 [shop 11,400/drop: L36 Cave Ant Larva, L36 Tyrant Kingpin +133/craft/exchange/quest], High Grade Suede x6 [shop 4,800/drop: L27 Grave Robber Lookout, L27 Ol Mahum Raider +105/craft/exchange/quest], Asofe x6 [shop 12,000/drop: L45 Shackle, L45 Vault Overlord +149/exchange/quest], Crystal: B-Grade x15 [shop 18,000/exchange], Gemstone B x4 [shop 20,000]
PIECE	588	Elemental Boots	B	armor	feet	?	0	P.Def 44 M.Def 0	Craft (lvl 7, 60%): Recipe: Elemental Boots (60%) x1 [?], Elemental Boots Lining x13 [?], Crafted Leather x32 [shop 11,400/drop: L36 Cave Ant Larva, L36 Tyrant Kingpin +133/craft/exchange/quest], High Grade Suede x4 [shop 4,800/drop: L27 Grave Robber Lookout, L27 Ol Mahum Raider +105/craft/exchange/quest], Asofe x4 [shop 12,000/drop: L45 Shackle, L45 Vault Overlord +149/exchange/quest], Crystal: B-Grade x8 [shop 18,000/exchange], Gemstone B x4 [shop 20,000] || Craft (lvl 7, 100%): Recipe: Elemental Boots x1 [?], Elemental Boots Lining x13 [?], Maestro Anvil Lock x1 [shop 180,800/craft/quest], Crafted Leather x48 [shop 11,400/drop: L36 Cave Ant Larva, L36 Tyrant Kingpin +133/craft/exchange/quest], High Grade Suede x6 [shop 4,800/drop: L27 Grave Robber Lookout, L27 Ol Mahum Raider +105/craft/exchange/quest], Asofe x6 [shop 12,000/drop: L45 Shackle, L45 Vault Overlord +149/exchange/quest], Crystal: B-Grade x15 [shop 18,000/exchange], Gemstone B x4 [shop 20,000]
PIECE	590	Boots of Grace	B	armor	feet	?	0	P.Def 44 M.Def 0	Craft (lvl 7, 60%): Recipe: Boots of Grace (60%) x1 [?], Boots of Grace Lining x13 [?], Crafted Leather x32 [shop 11,400/drop: L36 Cave Ant Larva, L36 Tyrant Kingpin +133/craft/exchange/quest], High Grade Suede x4 [shop 4,800/drop: L27 Grave Robber Lookout, L27 Ol Mahum Raider +105/craft/exchange/quest], Asofe x4 [shop 12,000/drop: L45 Shackle, L45 Vault Overlord +149/exchange/quest], Crystal: B-Grade x8 [shop 18,000/exchange], Gemstone B x4 [shop 20,000] || Craft (lvl 7, 100%): Recipe: Boots of Grace x1 [?], Boots of Grace Lining x13 [?], Maestro Anvil Lock x1 [shop 180,800/craft/quest], Crafted Leather x48 [shop 11,400/drop: L36 Cave Ant Larva, L36 Tyrant Kingpin +133/craft/exchange/quest], High Grade Suede x6 [shop 4,800/drop: L27 Grave Robber Lookout, L27 Ol Mahum Raider +105/craft/exchange/quest], Asofe x6 [shop 12,000/drop: L45 Shackle, L45 Vault Overlord +149/exchange/quest], Crystal: B-Grade x15 [shop 18,000/exchange], Gemstone B x4 [shop 20,000]
PIECE	595	Boots of Blessing	B	armor	feet	?	0	P.Def 41 M.Def 0	Craft (lvl 6, 60%): Recipe: Boots of Blessing (60%) x1 [?], Boots of Blessing Design x12 [?], Crafted Leather x16 [shop 11,400/drop: L36 Cave Ant Larva, L36 Tyrant Kingpin +133/craft/exchange/quest], High Grade Suede x2 [shop 4,800/drop: L27 Grave Robber Lookout, L27 Ol Mahum Raider +105/craft/exchange/quest], Asofe x2 [shop 12,000/drop: L45 Shackle, L45 Vault Overlord +149/exchange/quest], Crystal: C-Grade x25 [shop 6,000/exchange], Gemstone B x2 [shop 20,000] || Craft (lvl 6, 100%): Recipe: Boots of Blessing x1 [?], Boots of Blessing Design x12 [?], Maestro Anvil Lock x1 [shop 180,800/craft/quest], Crafted Leather x24 [shop 11,400/drop: L36 Cave Ant Larva, L36 Tyrant Kingpin +133/craft/exchange/quest], High Grade Suede x3 [shop 4,800/drop: L27 Grave Robber Lookout, L27 Ol Mahum Raider +105/craft/exchange/quest], Asofe x3 [shop 12,000/drop: L45 Shackle, L45 Vault Overlord +149/exchange/quest], Crystal: C-Grade x33 [shop 6,000/exchange], Gemstone B x2 [shop 20,000]
PIECE	600	Sealed Avadon Boots	B	armor	feet	?	0	P.Def 41 M.Def 0	Exchange (list 301660373): Hellfire Oil x1 [?] || Exchange at Byron, Duning, Feynn, Helton, Hilda, Kluto, Morning, Pinter, Poitan, Pushkin, Rupio, Siger, Vincenz, Wilbert: Avadon Boots - Heavy Armor x1 [exchange] || Exchange at Byron, Duning, Feynn, Helton, Hilda, Kluto, Morning, Pinter, Poitan, Pushkin, Rupio, Siger, Vincenz, Wilbert: Avadon Boots - Light Armor x1 [exchange] || Craft (lvl 6, 60%): Recipe: Avadon Boots (60%) x1 [shop 20,760/drop: L53 Doll Blader, L53 Dustwind Gargoyle +2/exchange], Avadon Boots Design x12 [shop 7,686/drop: L50 Lilith's Witch Marilion, L52 Fafurion's Envoy Pingolpin +8], Crafted Leather x16 [shop 11,400/drop: L36 Cave Ant Larva, L36 Tyrant Kingpin +133/craft/exchange/quest], High Grade Suede x2 [shop 4,800/drop: L27 Grave Robber Lookout, L27 Ol Mahum Raider +105/craft/exchange/quest], Asofe x2 [shop 12,000/drop: L45 Shackle, L45 Vault Overlord +149/exchange/quest], Crystal: C-Grade x25 [shop 6,000/exchange], Gemstone B x2 [shop 20,000] || Craft (lvl 6, 100%): Recipe: Avadon Boots x1 [shop 20,760/drop: L55 Spirit of Timiniel, L64 Past Knight +1], Avadon Boots Design x12 [shop 7,686/drop: L50 Lilith's Witch Marilion, L52 Fafurion's Envoy Pingolpin +8], Maestro Anvil Lock x1 [shop 180,800/craft/quest], Crafted Leather x24 [shop 11,400/drop: L36 Cave Ant Larva, L36 Tyrant Kingpin +133/craft/exchange/quest], High Grade Suede x3 [shop 4,800/drop: L27 Grave Robber Lookout, L27 Ol Mahum Raider +105/craft/exchange/quest], Asofe x3 [shop 12,000/drop: L45 Shackle, L45 Vault Overlord +149/exchange/quest], Crystal: C-Grade x33 [shop 6,000/exchange], Gemstone B x2 [shop 20,000] || Drop: L50 Lilith's Witch Marilion, L52 Fafurion's Envoy Pingolpin, L55 Bandit Leader Barda, L55 Sorcerer Isirr, L56 Yintzu +6
PIECE	601	Sealed Doom Boots	B	armor	feet	?	0	P.Def 44 M.Def 0	Exchange (list 301660373): Nightmare Oil x4 [?] || Exchange at Byron, Duning, Feynn, Helton, Hilda, Kluto, Morning, Pinter, Poitan, Pushkin, Rupio, Siger, Vincenz, Wilbert: Doom Boots - Heavy Armor x1 [exchange] || Exchange at Byron, Duning, Feynn, Helton, Hilda, Kluto, Morning, Pinter, Poitan, Pushkin, Rupio, Siger, Vincenz, Wilbert: Doom Boots - Light Armor x1 [exchange] || Craft (lvl 7, 60%): Recipe: Doom Boots (60%) x1 [shop 32,160/drop: L56 Ancient Gargoyle, L56 Malruk Succubus Turen +8/exchange], Doom Boots Part x13 [shop 8,910/drop: L60 The 3rd Underwater Guardian, L62 Blader of Despair +13], Crafted Leather x32 [shop 11,400/drop: L36 Cave Ant Larva, L36 Tyrant Kingpin +133/craft/exchange/quest], High Grade Suede x4 [shop 4,800/drop: L27 Grave Robber Lookout, L27 Ol Mahum Raider +105/craft/exchange/quest], Asofe x4 [shop 12,000/drop: L45 Shackle, L45 Vault Overlord +149/exchange/quest], Crystal: B-Grade x8 [shop 18,000/exchange], Gemstone B x4 [shop 20,000] || Craft (lvl 7, 100%): Recipe: Doom Boots x1 [shop 32,160/drop: L56 Bartal, L56 Yintzu +2], Doom Boots Part x13 [shop 8,910/drop: L60 The 3rd Underwater Guardian, L62 Blader of Despair +13], Maestro Anvil Lock x1 [shop 180,800/craft/quest], Crafted Leather x48 [shop 11,400/drop: L36 Cave Ant Larva, L36 Tyrant Kingpin +133/craft/exchange/quest], High Grade Suede x6 [shop 4,800/drop: L27 Grave Robber Lookout, L27 Ol Mahum Raider +105/craft/exchange/quest], Asofe x6 [shop 12,000/drop: L45 Shackle, L45 Vault Overlord +149/exchange/quest], Crystal: B-Grade x15 [shop 18,000/exchange], Gemstone B x4 [shop 20,000] || Drop: L60 The 3rd Underwater Guardian, L62 Blader of Despair, L62 Doom Archer, L63 Slaughter Bathin, L63 Treasure Chest +9
PIECE	603	Divine Boots	C	armor	feet	?	0	P.Def 39 M.Def 0	Craft (lvl 6, 100%): Divine Boots Fabric x11 [?], Crafted Leather x24 [shop 11,400/drop: L36 Cave Ant Larva, L36 Tyrant Kingpin +133/craft/exchange/quest], High Grade Suede x3 [shop 4,800/drop: L27 Grave Robber Lookout, L27 Ol Mahum Raider +105/craft/exchange/quest], Crystal: C-Grade x24 [shop 6,000/exchange], Gemstone C x10 [shop 6,000]
PIECE	604	Crafted Leather Gloves	D	armor	gloves	?	0	P.Def 19 M.Def 0	Craft (lvl 2, 100%): Crafted Leather Gloves Lining x4 [shop 3,060/drop: L25 Giant Mist Leech, L26 Turek Orc Footman +6], Leather x8 [shop 1,800/drop: L18 Crystalline Beast, L18 Tracker Skeleton Leader +127/craft/exchange/quest], High Grade Suede x1 [shop 4,800/drop: L27 Grave Robber Lookout, L27 Ol Mahum Raider +105/craft/exchange/quest], Gemstone D x1 [shop 2,000] || Drop: L25 Giant Mist Leech, L26 Turek Orc Footman, L27 Lesser Basilisk, L27 Treasure Chest
PIECE	605	Leather Gauntlets	D	armor	gloves	?	0	P.Def 22 M.Def 0	Drop: L21 Sukar Wererat Chief, L24 Unrequited Kael, L29 Androscorpio, L29 Delu Lizardman Scout, L29 Ol Mahum Commander +9
PIECE	606	Rip Gauntlets	D	armor	gloves	?	0	P.Def 27 M.Def 0	Craft (lvl 3, 100%): Rip Gauntlets Pattern x7 [shop 2,960/drop: L30 Ragraman, L37 Leto Lizardman Soldier +4/quest], Leather x24 [shop 1,800/drop: L18 Crystalline Beast, L18 Tracker Skeleton Leader +127/craft/exchange/quest], High Grade Suede x3 [shop 4,800/drop: L27 Grave Robber Lookout, L27 Ol Mahum Raider +105/craft/exchange/quest], Crystal: D-Grade x24 [shop 1,300/exchange], Gemstone D x5 [shop 2,000] || Drop: L30 Ragraman, L37 Leto Lizardman Soldier, L37 Tasaba Lizardman Shaman, L39 Treasure Chest, L40 Dimension Invader Priest +1
PIECE	607	Ogre Power Gauntlets	D	armor	gloves	?	0	P.Def 29 M.Def 0	Craft (lvl 4, 100%): Ogre Power Gauntlets Part x8 [shop 3,584/drop: L33 Nurka's Messenger, L35 Remmel +9], Leather x32 [shop 1,800/drop: L18 Crystalline Beast, L18 Tracker Skeleton Leader +127/craft/exchange/quest], High Grade Suede x4 [shop 4,800/drop: L27 Grave Robber Lookout, L27 Ol Mahum Raider +105/craft/exchange/quest], Crystal: D-Grade x30 [shop 1,300/exchange], Gemstone D x6 [shop 2,000] || Drop: L33 Nurka's Messenger, L35 Remmel, L35 Soul Collector Acheron, L36 Evil Spirit Tempest, L40 Queen Ant +7
PIECE	608	Mithril Gauntlets	C	armor	gloves	?	0	P.Def 36 M.Def 0	Exchange at Alexandria: Crystal: C-Grade x62 [shop 6,000/exchange], Crystal: D-Grade x310 [shop 1,300/exchange] || Craft (lvl 5, 100%): Mithril Gauntlets Design x10 [shop 6,800/drop: L44 Rotten Tree Repiro, L45 Biconne of Blue Sky +12], Crafted Leather x16 [shop 11,400/drop: L36 Cave Ant Larva, L36 Tyrant Kingpin +133/craft/exchange/quest], High Grade Suede x2 [shop 4,800/drop: L27 Grave Robber Lookout, L27 Ol Mahum Raider +105/craft/exchange/quest], Crystal: C-Grade x16 [shop 6,000/exchange], Gemstone C x6 [shop 6,000] || Drop: L44 Rotten Tree Repiro, L45 Biconne of Blue Sky, L45 Tiger King Karuta, L50 Cadeine, L50 Deprive +7
PIECE	609	Gauntlets of Ghost	C	armor	gloves	?	0	P.Def 39 M.Def 0	Craft (lvl 6, 100%): Gauntlets of Ghost Pattern x11 [?], Crafted Leather x24 [shop 11,400/drop: L36 Cave Ant Larva, L36 Tyrant Kingpin +133/craft/exchange/quest], High Grade Suede x3 [shop 4,800/drop: L27 Grave Robber Lookout, L27 Ol Mahum Raider +105/craft/exchange/quest], Crystal: C-Grade x24 [shop 6,000/exchange], Gemstone C x10 [shop 6,000]
PIECE	612	Sealed Zubei's Gauntlets	B	armor	gloves	?	0	P.Def 41 M.Def 0	Exchange (list 301660373): Hellfire Oil x1 [?] || Exchange at Byron, Duning, Feynn, Helton, Hilda, Kluto, Morning, Pinter, Poitan, Pushkin, Rupio, Siger, Vincenz, Wilbert: Zubei's Gauntlets - Heavy Armor x1 [exchange] || Exchange at Byron, Duning, Feynn, Helton, Hilda, Kluto, Morning, Pinter, Poitan, Pushkin, Rupio, Siger, Vincenz, Wilbert: Zubei's Gauntlets - Light Armor x1 [exchange] || Craft (lvl 6, 60%): Recipe: Zubei's Gauntlets (60%) x1 [shop 20,760/drop: L64 Lesser Giant Mage/exchange], Zubei's Gauntlets Part x12 [shop 7,686/drop: L50 Lilith's Witch Marilion, L52 Fafurion's Envoy Pingolpin +8], Crafted Leather x16 [shop 11,400/drop: L36 Cave Ant Larva, L36 Tyrant Kingpin +133/craft/exchange/quest], High Grade Suede x2 [shop 4,800/drop: L27 Grave Robber Lookout, L27 Ol Mahum Raider +105/craft/exchange/quest], Asofe x2 [shop 12,000/drop: L45 Shackle, L45 Vault Overlord +149/exchange/quest], Crystal: C-Grade x25 [shop 6,000/exchange], Gemstone B x2 [shop 20,000] || Craft (lvl 6, 100%): Recipe: Zubei's Gauntlets x1 [shop 20,760/drop: L64 Plando, L70 Platinum Tribe Shaman], Zubei's Gauntlets Part x12 [shop 7,686/drop: L50 Lilith's Witch Marilion, L52 Fafurion's Envoy Pingolpin +8], Maestro Anvil Lock x1 [shop 180,800/craft/quest], Crafted Leather x24 [shop 11,400/drop: L36 Cave Ant Larva, L36 Tyrant Kingpin +133/craft/exchange/quest], High Grade Suede x3 [shop 4,800/drop: L27 Grave Robber Lookout, L27 Ol Mahum Raider +105/craft/exchange/quest], Asofe x3 [shop 12,000/drop: L45 Shackle, L45 Vault Overlord +149/exchange/quest], Crystal: C-Grade x33 [shop 6,000/exchange], Gemstone B x2 [shop 20,000] || Drop: L50 Lilith's Witch Marilion, L52 Fafurion's Envoy Pingolpin, L55 Bandit Leader Barda, L55 Sorcerer Isirr, L56 Yintzu +6
PIECE	625	Bone Shield	NG	armor	lhand	SHIELD	0	P.Def 0 M.Def 0	Exchange at Ariel, Arodin, Creamees, Damion, Garita, Iria, Jackson, Jakal, Kunai, Lector, Minaless, Mion, Nestle, Payne, Reep, Shari, Silvia, Simplon, Sydnia, Unoren, Uska, Varan: Round Shield x1 [drop: L16 Boogle Ratman, L16 Ratman Spy +6/exchange/quest], Adena x6,369 || Drop: L22 Hallowed Seer, L22 Hungry Eye, L23 Ol Mahum Deserter, L24 Treasure Chest || Quest: CurseOfTheUndergroundFortress
PIECE	626	Bronze Shield	D	armor	lhand	SHIELD	0	P.Def 0 M.Def 0	Drop: L25 Cloudy Beast Turen, L25 Enchanted Spine Golem, L27 Ol Mahum Raider, L27 Turek Orc Supplier, L28 Basilisk +1
PIECE	627	Aspis	D	armor	lhand	SHIELD	0	P.Def 0 M.Def 0	Drop: L21 Malex Herald of Dagoniel, L24 Langk Matriarch Rashkos, L29 Ritmal Swordsman, L30 Androscorpio Hunter, L30 Ol Mahum Van Grunt +6
PIECE	628	Hoplon	D	armor	lhand	SHIELD	3	P.Def 0 M.Def 0	Drop: L25 Betrayer of Urutu Freki, L28 Anakazel, L33 Gigant Cleric, L33 Lith Medium, L33 Marsh Stakato Soldier +7
PIECE	629	Kite Shield	D	armor	lhand	SHIELD	0	P.Def 0 M.Def 0	Craft (lvl 3, 100%): Kite Shield Fragment x7 [shop 2,778/drop: L30 Apepi, L37 Wasp Leader +4], Steel x12 [shop 4,000/drop: L11 Balor Orc Lieutenant, L18 Tainted Zombie +147/craft/exchange/quest], Cokes x4 [shop 2,400/drop: L18 Red Eye Barbed Bat, L18 Undine Elder +120/craft/exchange/quest], Leather x4 [shop 1,800/drop: L18 Crystalline Beast, L18 Tracker Skeleton Leader +127/craft/exchange/quest], Crystal: D-Grade x24 [shop 1,300/exchange], Gemstone D x5 [shop 2,000] || Drop: L30 Apepi, L37 Wasp Leader, L40 Karul Bugbear, L40 Leto Lizardman Overlord, L40 Taik Orc
PIECE	630	Square Shield	D	armor	lhand	SHIELD	0	P.Def 0 M.Def 0	Exchange (list 301660373): Lunargent x5 [?] || Craft (lvl 4, 100%): Square Shield Fragment x8 [shop 3,524/drop: L33 Corsair Captain Kylon, L35 Chertuba of Great Soul +7], Steel x15 [shop 4,000/drop: L11 Balor Orc Lieutenant, L18 Tainted Zombie +147/craft/exchange/quest], Cokes x5 [shop 2,400/drop: L18 Red Eye Barbed Bat, L18 Undine Elder +120/craft/exchange/quest], Leather x5 [shop 1,800/drop: L18 Crystalline Beast, L18 Tracker Skeleton Leader +127/craft/exchange/quest], Crystal: D-Grade x32 [shop 1,300/exchange], Gemstone D x7 [shop 2,000] || Drop: L33 Corsair Captain Kylon, L35 Chertuba of Great Soul, L35 Gargoyle Lord Sirocco, L40 Queen Ant, L41 Crokian Lad +3 || Quest: UnderTheShadowOfTheIvoryTower
PIECE	631	Eldarake	C	armor	lhand	SHIELD	0	P.Def 0 M.Def 0	Exchange at Alexandria: Crystal: C-Grade x34 [shop 6,000/exchange], Crystal: D-Grade x170 [shop 1,300/exchange] || Craft (lvl 4, 100%): Eldarake Temper x8 [shop 4,950/drop: L38 Lizardmen Leader Hellion, L40 Gwindorr +9], Mithril Alloy x3 [shop 26,200/craft/exchange/quest], Synthetic Cokes x1 [shop 13,200/craft/exchange/quest], Crafted Leather x1 [shop 11,400/drop: L36 Cave Ant Larva, L36 Tyrant Kingpin +133/craft/exchange/quest], Crystal: D-Grade x40 [shop 1,300/exchange], Gemstone C x3 [shop 6,000] || Drop: L38 Lizardmen Leader Hellion, L40 Gwindorr, L40 Leto Chief Talkin, L44 Timak Orc Troop Shaman, L45 Dimension Invader Berserker +5
PIECE	632	Knight's Shield	C	armor	lhand	SHIELD	0	P.Def 0 M.Def 0	Craft (lvl 5, 100%): Knight's Shield Fragment x9 [shop 5,000/drop: L47 Gigantic Flyer, L47 Hatar Ratman Thief +7], Mithril Alloy x4 [shop 26,200/craft/exchange/quest], Synthetic Cokes x1 [shop 13,200/craft/exchange/quest], Crafted Leather x1 [shop 11,400/drop: L36 Cave Ant Larva, L36 Tyrant Kingpin +133/craft/exchange/quest], Crystal: C-Grade x12 [shop 6,000/exchange], Gemstone C x4 [shop 6,000] || Drop: L47 Gigantic Flyer, L47 Hatar Ratman Thief, L48 Garden Guard, L48 Horrifying Cannon Golem I, L48 Treasure Chest +3
PIECE	633	Zubei's Shield	B	armor	lhand	SHIELD	0	P.Def 0 M.Def 0	Exchange (list 697): Adena x70,000,000 || Craft (lvl 6, 60%): Recipe: Zubei's Shield (60%) x1 [shop 21,800/drop: L57 Paliote], Zubei's Shield Fragment x12 [shop 6,900/drop: L50 Zaken's Chief Mate Tillion, L53 Atraiban +7], Mithril Alloy x6 [shop 26,200/craft/exchange/quest], Synthetic Cokes x2 [shop 13,200/craft/exchange/quest], Crafted Leather x2 [shop 11,400/drop: L36 Cave Ant Larva, L36 Tyrant Kingpin +133/craft/exchange/quest], Asofe x2 [shop 12,000/drop: L45 Shackle, L45 Vault Overlord +149/exchange/quest], Crystal: C-Grade x25 [shop 6,000/exchange], Gemstone B x3 [shop 20,000] || Craft (lvl 6, 100%): Recipe: Zubei's Shield (100%) x1 [shop 21,800/drop: L54 Satyr Elder, L54 Vale Master +2], Zubei's Shield Fragment x12 [shop 6,900/drop: L50 Zaken's Chief Mate Tillion, L53 Atraiban +7], Maestro Anvil Lock x1 [shop 180,800/craft/quest], Mithril Alloy x12 [shop 26,200/craft/exchange/quest], Synthetic Cokes x4 [shop 13,200/craft/exchange/quest], Crafted Leather x4 [shop 11,400/drop: L36 Cave Ant Larva, L36 Tyrant Kingpin +133/craft/exchange/quest], Asofe x4 [shop 12,000/drop: L45 Shackle, L45 Vault Overlord +149/exchange/quest], Crystal: C-Grade x16 [shop 6,000/exchange], Gemstone B x3 [shop 20,000] || Drop: L50 Zaken's Chief Mate Tillion, L53 Atraiban, L55 Beleth's Seer Sephia, L55 Eva's Spirit Niniel, L56 Malruk Succubus Turen +5
PIECE	641	Dark Crystal Shield	A	armor	lhand	SHIELD	39	P.Def 0 M.Def 0	Exchange at mammblack 2b: Sealed Dark Crystal Shield x1 [drop: L59 Abyss Brukunt, L60 Ancient Weird Drake +24/craft], Ancient Adena x91,500
PIECE	673	Avadon Shield	B	armor	lhand	SHIELD	26	P.Def 0 M.Def 0	Exchange (list 697): Adena x286,712,000 || Craft (lvl 6, 60%): Recipe: Avadon Shield (60%) x1 [shop 21,800/drop: L54 Crimson Vale Master, L54 Grave Guard], Avadon Shield Fragment x12 [shop 5,800/drop: L50 Zaken's Chief Mate Tillion, L53 Atraiban +8], Mithril Alloy x9 [shop 26,200/craft/exchange/quest], Synthetic Cokes x3 [shop 13,200/craft/exchange/quest], Crafted Leather x3 [shop 11,400/drop: L36 Cave Ant Larva, L36 Tyrant Kingpin +133/craft/exchange/quest], Asofe x3 [shop 12,000/drop: L45 Shackle, L45 Vault Overlord +149/exchange/quest], Crystal: C-Grade x8 [shop 6,000/exchange], Gemstone B x3 [shop 20,000] || Craft (lvl 6, 100%): Recipe: Avadon Shield x1 [shop 21,800/drop: L55 Marsh Drake], Avadon Shield Fragment x12 [shop 5,800/drop: L50 Zaken's Chief Mate Tillion, L53 Atraiban +8], Maestro Anvil Lock x1 [shop 180,800/craft/quest], Mithril Alloy x12 [shop 26,200/craft/exchange/quest], Synthetic Cokes x4 [shop 13,200/craft/exchange/quest], Crafted Leather x4 [shop 11,400/drop: L36 Cave Ant Larva, L36 Tyrant Kingpin +133/craft/exchange/quest], Asofe x4 [shop 12,000/drop: L45 Shackle, L45 Vault Overlord +149/exchange/quest], Crystal: C-Grade x16 [shop 6,000/exchange], Gemstone B x3 [shop 20,000] || Drop: L50 Zaken's Chief Mate Tillion, L53 Atraiban, L55 Beleth's Seer Sephia, L55 Eva's Spirit Niniel, L56 Malruk Succubus Turen +5
PIECE	738	Sword of Solidarity	NG	weapon	rhand	SWORD	0	P.Atk 12 M.Atk 9	Quest: SwordOfSolidarity
PIECE	743	Sword of Sentinel	NG	weapon	rhand	SWORD	0	P.Atk 14 M.Atk 11	Quest: SeaOfSporesFever
PIECE	744	Staff of Sentinel	NG	weapon	lrhand	BLUNT	0	P.Atk 13 M.Atk 15	Quest: SeaOfSporesFever
PIECE	747	Wand of Adept	NG	weapon	rhand	BLUNT	0	P.Atk 11 M.Atk 13	Quest: SpiritOfMirrors
PIECE	754	Red Sunset Staff	NG	weapon	lrhand	BLUNT	0	P.Atk 13 M.Atk 14	Quest: SkirmishWithOrcs
PIECE	845	Cat's Eye Earring	NG	jewel	Earring	-	0	M.Def 19 MP 0	Exchange at Ariel, Arodin, Creamees, Damion, Garita, Iria, Jackson, Jakal, Kunai, Lector, Minaless, Mion, Nestle, Payne, Reep, Shari, Silvia, Simplon, Sydnia, Unoren, Uska, Varan: Earring of Strength x1 [drop: L12 Blood Fungus, L13 Stone Giant +5], Adena x5,918 || Exchange at Ariel, Arodin, Creamees, Damion, Garita, Iria, Jackson, Jakal, Kunai, Lector, Minaless, Mion, Nestle, Payne, Reep, Shari, Silvia, Simplon, Sydnia, Unoren, Uska, Varan: Earring of Wisdom x1 [drop: L12 Blood Fungus, L13 Stone Giant +5/exchange], Adena x5,918 || Drop: L16 Cave Fang Spider, L16 Pincher, L17 Corpse Candle, L17 Salamander, L17 Shade Horror +7
PIECE	846	Coral Earring	NG	jewel	Earring	-	0	M.Def 21 MP 0	Exchange at Ariel, Arodin, Creamees, Damion, Garita, Iria, Jackson, Jakal, Kunai, Lector, Minaless, Mion, Nestle, Payne, Reep, Shari, Silvia, Simplon, Sydnia, Unoren, Uska, Varan: Cat's Eye Earring x1 [drop: L16 Cave Fang Spider, L16 Pincher +10/exchange], Adena x7,821 || Drop: L21 Dre Vanul Scout, L21 Mandragora Sprout, L22 Zombie Warrior, L23 Bloody Bee, L23 Kerope Werewolf Chief +3
PIECE	847	Red Crescent Earring	D	jewel	Earring	-	0	M.Def 24 MP 0	Drop: L25 Mandragora Blossom, L25 Monster Eye Watcher, L25 Turek Orc Sentinel, L27 Gigant Overseer, L27 Glass Jaguar +4
PIECE	848	Enchanted Earring	D	jewel	Earring	-	0	M.Def 27 MP 0	Drop: L21 Serpent Demon Bifrons, L23 Kuroboros' Priest, L29 Ant Larva, L29 Grave Keeper Spartoi, L30 Ant +7
PIECE	849	Tiger's Eye Earring	D	jewel	Earring	-	0	M.Def 30 MP 0	Craft (lvl 3, 100%): Tiger's Eye Earring Stone x6 [shop 2,896/drop: L25 Ikuntai, L28 Tirak +37], Silver Mold x1 [shop 27,000/craft/exchange/quest], Cord x30 [shop 650/drop: L27 Babbling Wind, L27 Glass Jaguar +93/craft/exchange/quest], Varnish x6 [shop 400/drop: L1 Elpy, L2 Prairie Keltir +253/quest], Crystal: D-Grade x22 [shop 1,300/exchange], Gemstone D x4 [shop 2,000] || Drop: L25 Ikuntai, L28 Tirak, L33 Breka Orc Warrior, L33 Otherworldly Invader Shaman, L33 Otherworldly Invader Warrior +5
PIECE	850	Elven Earring	D	jewel	Earring	-	0	M.Def 34 MP 0	Craft (lvl 3, 100%): Elven Earring Beads x7 [shop 3,948/drop: L30 Agent of Beres, Meana, L37 Bandit Inspector +25], Silver Mold x1 [shop 27,000/craft/exchange/quest], Cord x60 [shop 650/drop: L27 Babbling Wind, L27 Glass Jaguar +93/craft/exchange/quest], Varnish x12 [shop 400/drop: L1 Elpy, L2 Prairie Keltir +253/quest], Crystal: D-Grade x30 [shop 1,300/exchange], Gemstone D x6 [shop 2,000] || Drop: L30 Agent of Beres, Meana, L37 Road Scavenger, L38 Hatu Crimson Bear, L38 Warrior of the Plains, L40 Lienrik Lad
PIECE	851	Omen Beast's Eye Earring	D	jewel	Earring	-	0	M.Def 36 MP 0	Craft (lvl 4, 100%): Omen Beast's Eye Earring Gemstone x8 [shop 4,112/drop: L33 Vuku Grand Seer Gharmash, L34 Revenant of Sir Calibus +28], Silver Mold x1 [shop 27,000/craft/exchange/quest], Cord x90 [shop 650/drop: L27 Babbling Wind, L27 Glass Jaguar +93/craft/exchange/quest], Varnish x18 [shop 400/drop: L1 Elpy, L2 Prairie Keltir +253/quest], Crystal: D-Grade x40 [shop 1,300/exchange], Gemstone D x8 [shop 2,000] || Drop: L33 Vuku Grand Seer Gharmash, L34 Revenant of Sir Calibus, L35 Tasaba Patriarch Hellena, L36 Sebek, L40 Queen Ant +4
PIECE	852	Moonstone Earring	C	jewel	Earring	-	0	M.Def 39 MP 0	Exchange at Alexandria: Crystal: C-Grade x39 [shop 6,000/exchange], Crystal: D-Grade x195 [shop 1,300/exchange] || Exchange (list 509): Nia's Blood Medusa x2 [?], Blood Drevanul x2 [?], Gold Drake x2 [?], Gold Knight x3 [?] || Craft (lvl 4, 100%): Moonstone Earring Wire x8 [shop 4,224/drop: L40 Road Scavenger Leader, L40 Wizard of Storm Teruk +30], Blacksmith's Frame x1 [shop 128,000/craft/exchange/quest], Metallic Fiber x5 [shop 1,400/drop: L36 Ant Warrior Captain, L38 Warrior of the Plains +170/craft/exchange/quest], Varnish of Purity x1 [shop 16,200/craft/exchange/quest], Crystal: D-Grade x30 [shop 1,300/exchange], Gemstone C x4 [shop 6,000] || Drop: L40 Road Scavenger Leader, L40 Wizard of Storm Teruk, L44 Lakin, L44 Swamp Alligator, L45 Bloody Bat +1 || Quest: WarehouseKeepersPastime
PIECE	853	Earring of Protection	C	jewel	Earring	-	0	M.Def 42 MP 0	Craft (lvl 5, 100%): Earring of Protection Gemstone x9 [shop 5,378/drop: L47 Dicor, L47 Dragon Bearer Archer +23], Blacksmith's Frame x1 [shop 128,000/craft/exchange/quest], Metallic Fiber x5 [shop 1,400/drop: L36 Ant Warrior Captain, L38 Warrior of the Plains +170/craft/exchange/quest], Varnish of Purity x1 [shop 16,200/craft/exchange/quest], Crystal: C-Grade x14 [shop 6,000/exchange], Gemstone C x5 [shop 6,000] || Drop: L47 Nightmare Lord, L47 Spore Zombie, L49 Dragon Bearer Chief, L49 Greater Musveren, L49 Hatar Hanishee +1
PIECE	854	Earring of Seal	C	jewel	Earring	-	0	M.Def 45 MP 0	Exchange at Alexandria: Crystal: C-Grade x74 [shop 6,000/exchange], Crystal: D-Grade x370 [shop 1,300/exchange] || Craft (lvl 5, 100%): Earring of Binding Gemstone x10 [shop 7,120/drop: L44 Timak Orc Chief Ranger, L45 Evil Spirit Cyrion +22], Blacksmith's Frame x1 [shop 128,000/craft/exchange/quest], Metallic Fiber x20 [shop 1,400/drop: L36 Ant Warrior Captain, L38 Warrior of the Plains +170/craft/exchange/quest], Varnish of Purity x4 [shop 16,200/craft/exchange/quest], Crystal: C-Grade x22 [shop 6,000/exchange], Gemstone C x8 [shop 6,000] || Drop: L44 Timak Orc Chief Ranger, L45 Evil Spirit Cyrion, L45 Fafurion's Henchman Istary, L45 Shacram, L50 Orfen +6 || Quest: PavelsLastResearch
PIECE	855	Nassen's Earring	C	jewel	Earring	-	0	M.Def 48 MP 0	Exchange (list 509): Nia's Blood Medusa x7 [?], Blood Drevanul x5 [?], Silver Golem x5 [?], Gold Knight x5 [?] || Craft (lvl 6, 100%): Nassen's Earring Gemstone x11 [shop 9,236/drop: L49 Katu Van Leader Atui, L53 Crimson Doll Blader +17], Blacksmith's Frame x1 [shop 128,000/craft/exchange/quest], Metallic Fiber x45 [shop 1,400/drop: L36 Ant Warrior Captain, L38 Warrior of the Plains +170/craft/exchange/quest], Varnish of Purity x9 [shop 16,200/craft/exchange/quest], Crystal: C-Grade x28 [shop 6,000/exchange], Gemstone C x12 [shop 6,000] || Drop: L49 Katu Van Leader Atui, L53 Purgatory Invader Magus, L54 Massive Maze Bandersnatch, L55 Baby Panthera, L55 Lost Gargoyle +3
PIECE	856	Adamantite Earring	B	jewel	Earring	-	0	M.Def 51 MP 0	Craft (lvl 6, 70%): Recipe: Adamantite Earrings (70%) x1 [shop 24,240/drop: L54 Vale Master], Adamantite Earring Gemstone x12 [shop 7,626/drop: L50 Cursed Clara, L52 Grave Robber Kim +28], Blacksmith's Frame x1 [shop 128,000/craft/exchange/quest], Metallic Fiber x30 [shop 1,400/drop: L36 Ant Warrior Captain, L38 Warrior of the Plains +170/craft/exchange/quest], Varnish of Purity x6 [shop 16,200/craft/exchange/quest], Thons x6 [shop 12,000/drop: L45 Dimension Invader Elite Soldier, L45 Fline +128/exchange/quest], Crystal: C-Grade x28 [shop 6,000/exchange], Gemstone B x4 [shop 20,000] || Craft (lvl 6, 100%): Recipe: Adamantite Earrings x1 [shop 24,240/drop: L53 Harit Lizardman Warrior, L53 Lost Bandersnatch +5], Adamantite Earring Gemstone x12 [shop 7,626/drop: L50 Cursed Clara, L52 Grave Robber Kim +28], Maestro Mold x1 [shop 308,000/craft/quest], Metallic Fiber x40 [shop 1,400/drop: L36 Ant Warrior Captain, L38 Warrior of the Plains +170/craft/exchange/quest], Varnish of Purity x8 [shop 16,200/craft/exchange/quest], Thons x8 [shop 12,000/drop: L45 Dimension Invader Elite Soldier, L45 Fline +128/exchange/quest], Crystal: C-Grade x35 [shop 6,000/exchange], Gemstone B x4 [shop 20,000] || Drop: L50 Cursed Clara, L52 Grave Robber Kim, L55 Enchanted Forest Watcher Ruell, L55 Pagan Watcher Cerberon, L57 Pobby +4
PIECE	858	Tateossian Earring	S	jewel	Earring	-	0	M.Def 71 MP 31	Exchange at mammblack 2a: Sealed Tateossian Earring x1 [drop: L75 Death Lord Ipos, L78 Anakazel +7/craft], Ancient Adena x731,441
PIECE	862	Majestic Earring	A	jewel	Earring	-	0	M.Def 63 MP 25	Exchange at mammblack 2b: Sealed Majestic Earring x1 [drop: L69 Spirit of Andras, the Betrayer, L70 Beast Lord Behemoth +22/craft/exchange], Ancient Adena x640,251
PIECE	864	Earring of Black Ore	B	jewel	Earring	-	0	M.Def 54 MP 0	Craft (lvl 7, 70%): Recipe: Earring of Black Ore (70%) x1 [shop 36,960/drop: L60 Ghost of the Tower, L68 Malruk Lord], Earring of Black Ore Piece x13 [shop 11,298/drop: L59 Soulless Wild Boar, L62 Bathin's Knight +49], Blacksmith's Frame x1 [shop 128,000/craft/exchange/quest], Metallic Fiber x50 [shop 1,400/drop: L36 Ant Warrior Captain, L38 Warrior of the Plains +170/craft/exchange/quest], Varnish of Purity x10 [shop 16,200/craft/exchange/quest], Thons x10 [shop 12,000/drop: L45 Dimension Invader Elite Soldier, L45 Fline +128/exchange/quest], Crystal: B-Grade x16 [shop 18,000/exchange], Gemstone B x6 [shop 20,000] || Craft (lvl 7, 100%): Recipe: Earrings of Black Ore x1 [shop 36,960/drop: L56 Bartal, L56 Malruk Succubus Turen +24], Earring of Black Ore Piece x13 [shop 11,298/drop: L59 Soulless Wild Boar, L62 Bathin's Knight +49], Maestro Mold x1 [shop 308,000/craft/quest], Metallic Fiber x65 [shop 1,400/drop: L36 Ant Warrior Captain, L38 Warrior of the Plains +170/craft/exchange/quest], Varnish of Purity x13 [shop 16,200/craft/exchange/quest], Thons x13 [shop 12,000/drop: L45 Dimension Invader Elite Soldier, L45 Fline +128/exchange/quest], Crystal: B-Grade x25 [shop 18,000/exchange], Gemstone B x6 [shop 20,000] || Drop: L59 Soulless Wild Boar, L62 Bathin's Wizard, L62 Ursus, L63 Malruk Soldier, L65 Alliance of Splendor +13
PIECE	871	Phoenix Earring	A	jewel	Earring	-	0	M.Def 60 MP 20	Exchange at mammblack 2b: Sealed Phoenix Earring x1 [drop: L62 Roaring Lord Kastor, L65 Hekaton Prime +18/craft], Ancient Adena x641,644
PIECE	874	Earring of Blessing	B	jewel	Earring	-	0	M.Def 51 MP 0	Quest: HidingBehindTheTruth
PIECE	875	Ring of Knowledge	NG	jewel	Ring	-	0	M.Def 9 MP 0	Exchange at Ariel, Arodin, Creamees, Damion, Garita, Iria, Jackson, Jakal, Kunai, Lector, Minaless, Mion, Nestle, Payne, Reep, Shari, Silvia, Simplon, Sydnia, Unoren, Uska, Varan: Magic Ring x1 [drop: L5 Goblin, L5 Goblin Grave Robber +2], Adena x557 || Drop: L10 Evil Eye, L10 Monster Eye, L10 Monster Eye Tracker, L10 Werewolf Hunter || Quest: DeliverGoods
PIECE	876	Ring of Anguish	NG	jewel	Ring	-	0	M.Def 11 MP 0	Exchange at Ariel, Arodin, Creamees, Damion, Garita, Iria, Jackson, Jakal, Kunai, Lector, Minaless, Mion, Nestle, Payne, Reep, Shari, Silvia, Simplon, Sydnia, Unoren, Uska, Varan: Ring of Knowledge x1 [drop: L10 Evil Eye, L10 Monster Eye +2/exchange/quest], Adena x1,980 || Drop: L12 Blood Fungus, L13 Stone Giant, L14 Crasher, L14 Evil Eye Patroller, L14 Stone Soldier +2
PIECE	877	Ring of Wisdom	NG	jewel	Ring	-	0	M.Def 12 MP 0	Exchange at Ariel, Arodin, Creamees, Damion, Garita, Iria, Jackson, Jakal, Kunai, Lector, Minaless, Mion, Nestle, Payne, Reep, Shari, Silvia, Simplon, Sydnia, Unoren, Uska, Varan: Ring of Anguish x1 [drop: L12 Blood Fungus, L13 Stone Giant +5/exchange], Adena x3,938 || Exchange at Ariel, Arodin, Creamees, Damion, Garita, Iria, Jackson, Jakal, Kunai, Lector, Minaless, Mion, Nestle, Payne, Reep, Shari, Silvia, Simplon, Sydnia, Unoren, Uska, Varan: Ring of Raccoon x1 [quest], Adena x3,938 || Exchange at Ariel, Arodin, Creamees, Damion, Garita, Iria, Jackson, Jakal, Kunai, Lector, Minaless, Mion, Nestle, Payne, Reep, Shari, Silvia, Simplon, Sydnia, Unoren, Uska, Varan: Ring of Firefly x1 [quest], Adena x3,938 || Drop: L16 Cave Fang Spider, L16 Pincher, L17 Corpse Candle, L17 Shade Horror, L18 Crystalline Beast +6
PIECE	878	Blue Coral Ring	NG	jewel	Ring	-	0	M.Def 14 MP 0	Exchange at Ariel, Arodin, Creamees, Damion, Garita, Iria, Jackson, Jakal, Kunai, Lector, Minaless, Mion, Nestle, Payne, Reep, Shari, Silvia, Simplon, Sydnia, Unoren, Uska, Varan: Ring of Wisdom x1 [drop: L16 Cave Fang Spider, L16 Pincher +9/exchange], Adena x5,258 || Drop: L21 Mandragora Sprout, L22 Zombie Warrior, L23 Bloody Bee, L23 Kerope Werewolf Chief, L23 Mandragora Sapling +2
PIECE	879	Enchanted Ring	D	jewel	Ring	-	0	M.Def 18 MP 0	Drop: L21 Serpent Demon Bifrons, L23 Kuroboros' Priest, L29 Ant Larva, L29 Grave Keeper Spartoi, L30 Ant +6
PIECE	880	Black Pearl Ring	D	jewel	Ring	-	0	M.Def 20 MP 0	Drop: L25 Ikuntai, L28 Tirak, L33 Breka Orc Warrior, L33 Otherworldly Invader Shaman, L33 Otherworldly Invader Warrior +5 || Quest: ChestCaughtWithABaitOfWind
PIECE	881	Elven Ring	D	jewel	Ring	-	0	M.Def 22 MP 0	Craft (lvl 3, 100%): Elven Ring Piece x7 [shop 2,398/drop: L30 Agent of Beres, Meana, L37 Road Scavenger +15], Silver Mold x1 [shop 27,000/craft/exchange/quest], Cord x30 [shop 650/drop: L27 Babbling Wind, L27 Glass Jaguar +93/craft/exchange/quest], Varnish x6 [shop 400/drop: L1 Elpy, L2 Prairie Keltir +253/quest], Crystal: D-Grade x20 [shop 1,300/exchange], Gemstone D x4 [shop 2,000] || Drop: L30 Agent of Beres, Meana, L37 Road Scavenger, L38 Hatu Crimson Bear, L38 Warrior of the Plains, L40 Lienrik Lad || Quest: ChestCaughtWithABaitOfIcyAir
PIECE	882	Mithril Ring	D	jewel	Ring	-	0	M.Def 24 MP 0	Craft (lvl 4, 100%): Mithril Ring Wire x8 [shop 2,910/drop: L33 Vuku Grand Seer Gharmash, L34 Revenant of Sir Calibus +12], Silver Mold x1 [shop 27,000/craft/exchange/quest], Cord x50 [shop 650/drop: L27 Babbling Wind, L27 Glass Jaguar +93/craft/exchange/quest], Varnish x10 [shop 400/drop: L1 Elpy, L2 Prairie Keltir +253/quest], Crystal: D-Grade x25 [shop 1,300/exchange], Gemstone D x5 [shop 2,000] || Drop: L33 Vuku Grand Seer Gharmash, L34 Revenant of Sir Calibus, L35 Tasaba Patriarch Hellena, L36 Sebek, L40 Queen Ant +4
PIECE	883	Aquastone Ring	C	jewel	Ring	-	0	M.Def 26 MP 0	Exchange at Alexandria: Crystal: C-Grade x26 [shop 6,000/exchange], Crystal: D-Grade x130 [shop 1,300/exchange] || Craft (lvl 4, 100%): Aquastone Ring Wire x8 [shop 2,962/drop: L40 Road Scavenger Leader, L40 Wizard of Storm Teruk +11], Silver Mold x1 [shop 27,000/craft/exchange/quest], Metallic Fiber x15 [shop 1,400/drop: L36 Ant Warrior Captain, L38 Warrior of the Plains +170/craft/exchange/quest], Varnish of Purity x3 [shop 16,200/craft/exchange/quest], Crystal: D-Grade x25 [shop 1,300/exchange], Gemstone C x2 [shop 6,000] || Drop: L40 Road Scavenger Leader, L40 Wizard of Storm Teruk, L44 Lakin, L44 Swamp Alligator, L45 Bloody Bat +1 || Quest: WarehouseKeepersPastime
PIECE	884	Ring of Protection	C	jewel	Ring	-	0	M.Def 28 MP 0	Craft (lvl 5, 100%): Ring of Protection Gemstone x9 [shop 3,712/drop: L47 Menacing Jackhammer Golem, L47 Nightmare Lord +11], Silver Mold x1 [shop 27,000/craft/exchange/quest], Metallic Fiber x15 [shop 1,400/drop: L36 Ant Warrior Captain, L38 Warrior of the Plains +170/craft/exchange/quest], Varnish of Purity x3 [shop 16,200/craft/exchange/quest], Crystal: C-Grade x10 [shop 6,000/exchange], Gemstone C x3 [shop 6,000] || Drop: L47 Nightmare Lord, L47 Spore Zombie, L49 Dragon Bearer Chief, L49 Greater Musveren, L49 Hatar Hanishee +1
PIECE	885	Ring of Ages	C	jewel	Ring	-	0	M.Def 30 MP 0	Exchange at Alexandria: Crystal: C-Grade x49 [shop 6,000/exchange], Crystal: D-Grade x245 [shop 1,300/exchange] || Craft (lvl 5, 100%): Ring of Ages Gemstone x10 [shop 4,540/drop: L44 Timak Orc Chief Ranger, L45 Evil Spirit Cyrion +12], Silver Mold x1 [shop 27,000/craft/exchange/quest], Metallic Fiber x30 [shop 1,400/drop: L36 Ant Warrior Captain, L38 Warrior of the Plains +170/craft/exchange/quest], Varnish of Purity x6 [shop 16,200/craft/exchange/quest], Crystal: C-Grade x12 [shop 6,000/exchange], Gemstone C x5 [shop 6,000] || Drop: L44 Timak Orc Chief Ranger, L45 Evil Spirit Cyrion, L45 Fafurion's Henchman Istary, L45 Shacram, L50 Orfen +6 || Quest: 1000YearsTheEndOfLamentation, UnderTheShadowOfTheIvoryTower
PIECE	886	Ring of Seal	C	jewel	Ring	-	0	M.Def 32 MP 0	Exchange (list 509): Nia's Gold Wyvern x5 [?], Gold Drake x4 [?], Silver Golem x4 [?], Blood Drevanul x4 [?] || Craft (lvl 6, 100%): Ring of Binding Gemstone x11 [shop 6,964/drop: L49 Katu Van Leader Atui, L53 Purgatory Invader Magus +7], Silver Mold x1 [shop 27,000/craft/exchange/quest], Metallic Fiber x40 [shop 1,400/drop: L36 Ant Warrior Captain, L38 Warrior of the Plains +170/craft/exchange/quest], Varnish of Purity x8 [shop 16,200/craft/exchange/quest], Crystal: C-Grade x20 [shop 6,000/exchange], Gemstone C x7 [shop 6,000] || Drop: L49 Katu Van Leader Atui, L53 Purgatory Invader Magus, L54 Massive Maze Bandersnatch, L55 Baby Panthera, L55 Lost Gargoyle +3
PIECE	887	Adamantite Ring	B	jewel	Ring	-	0	M.Def 34 MP 0	Craft (lvl 6, 70%): Recipe: Adamantite Ring (70%) x1 [shop 16,160/drop: L54 Connabi], Adamantite Ring Wire x12 [shop 6,456/drop: L50 Cursed Clara, L52 Grave Robber Kim +15], Silver Mold x1 [shop 27,000/craft/exchange/quest], Metallic Fiber x25 [shop 1,400/drop: L36 Ant Warrior Captain, L38 Warrior of the Plains +170/craft/exchange/quest], Varnish of Purity x5 [shop 16,200/craft/exchange/quest], Thons x5 [shop 12,000/drop: L45 Dimension Invader Elite Soldier, L45 Fline +128/exchange/quest], Crystal: C-Grade x22 [shop 6,000/exchange], Gemstone B x2 [shop 20,000] || Craft (lvl 6, 100%): Recipe: Adamantite Ring x1 [shop 16,160/drop: L53 Farcran, L53 Purgatory Invader Disciples +3], Adamantite Ring Wire x12 [shop 6,456/drop: L50 Cursed Clara, L52 Grave Robber Kim +15], Blacksmith's Frame x1 [shop 128,000/craft/exchange/quest], Metallic Fiber x30 [shop 1,400/drop: L36 Ant Warrior Captain, L38 Warrior of the Plains +170/craft/exchange/quest], Varnish of Purity x6 [shop 16,200/craft/exchange/quest], Thons x6 [shop 12,000/drop: L45 Dimension Invader Elite Soldier, L45 Fline +128/exchange/quest], Crystal: C-Grade x32 [shop 6,000/exchange], Gemstone B x2 [shop 20,000] || Drop: L50 Cursed Clara, L52 Grave Robber Kim, L55 Enchanted Forest Watcher Ruell, L55 Pagan Watcher Cerberon, L57 Pobby +4
PIECE	889	Tateossian Ring	S	jewel	Ring	-	0	M.Def 48 MP 21	Exchange at mammblack 2a: Sealed Tateossian Ring x1 [drop: L75 Death Lord Ipos, L76 Flamestone Giant +8/craft], Ancient Adena x487,627
PIECE	890	Ring of Devotion	D	jewel	Ring	-	0	M.Def 16 MP 0	Drop: L25 Mandragora Blossom, L25 Monster Eye Watcher, L25 Turek Orc Sentinel, L27 Gigant Overseer, L27 Glass Jaguar +3
PIECE	891	Sage's Ring	B	jewel	Ring	-	0	M.Def 36 MP 0	Craft (lvl 7, 100%): Recipe: Sage's Ring x1 [?], Ring of Sage Gemstone x13 [?], Blacksmith's Frame x1 [shop 128,000/craft/exchange/quest], Metallic Fiber x50 [shop 1,400/drop: L36 Ant Warrior Captain, L38 Warrior of the Plains +170/craft/exchange/quest], Varnish of Purity x10 [shop 16,200/craft/exchange/quest], Thons x10 [shop 12,000/drop: L45 Dimension Invader Elite Soldier, L45 Fline +128/exchange/quest], Crystal: B-Grade x18 [shop 18,000/exchange], Gemstone B x4 [shop 20,000]
PIECE	893	Majestic Ring	A	jewel	Ring	-	0	M.Def 42 MP 17	Exchange at mammblack 2b: Sealed Majestic Ring x1 [drop: L69 Spirit of Andras, the Betrayer, L70 Beast Lord Behemoth +21/craft/exchange], Ancient Adena x426,834
PIECE	895	Ring of Black Ore	B	jewel	Ring	-	0	M.Def 36 MP 0	Craft (lvl 7, 70%): Recipe: Ring of Black Ore (70%) x1 [shop 24,640/drop: L60 Seer of Hallate], Ring of Black Ore Gemstone x13 [shop 9,332/drop: L59 Soulless Wild Boar, L62 Bathin's Knight +43], Silver Mold x1 [shop 27,000/craft/exchange/quest], Metallic Fiber x40 [shop 1,400/drop: L36 Ant Warrior Captain, L38 Warrior of the Plains +170/craft/exchange/quest], Varnish of Purity x8 [shop 16,200/craft/exchange/quest], Thons x8 [shop 12,000/drop: L45 Dimension Invader Elite Soldier, L45 Fline +128/exchange/quest], Crystal: B-Grade x10 [shop 18,000/exchange], Gemstone B x4 [shop 20,000] || Craft (lvl 7, 100%): Recipe: Ring of Black Ore x1 [shop 24,640/drop: L56 Lost Gargoyle Youngling, L57 Sepulcher Inquisitor +10], Ring of Black Ore Gemstone x13 [shop 9,332/drop: L59 Soulless Wild Boar, L62 Bathin's Knight +43], Blacksmith's Frame x1 [shop 128,000/craft/exchange/quest], Metallic Fiber x50 [shop 1,400/drop: L36 Ant Warrior Captain, L38 Warrior of the Plains +170/craft/exchange/quest], Varnish of Purity x10 [shop 16,200/craft/exchange/quest], Thons x10 [shop 12,000/drop: L45 Dimension Invader Elite Soldier, L45 Fline +128/exchange/quest], Crystal: B-Grade x18 [shop 18,000/exchange], Gemstone B x4 [shop 20,000] || Drop: L59 Soulless Wild Boar, L62 Bathin's Wizard, L62 Ursus, L63 Malruk Soldier, L65 Alliance of Splendor +13
PIECE	902	Phoenix Ring	A	jewel	Ring	-	0	M.Def 40 MP 13	Exchange at mammblack 2b: Sealed Phoenix Ring x1 [drop: L62 Roaring Lord Kastor, L65 Hekaton Prime +18/craft], Ancient Adena x427,763
PIECE	905	Ring of Blessing	B	jewel	Ring	-	0	M.Def 34 MP 0	Quest: HidingBehindTheTruth
PIECE	906	Necklace of Knowledge	NG	jewel	Necklace	-	0	M.Def 18 MP 0	Exchange at Ariel, Arodin, Creamees, Damion, Garita, Iria, Jackson, Jakal, Kunai, Lector, Minaless, Mion, Nestle, Payne, Reep, Shari, Silvia, Simplon, Sydnia, Unoren, Uska, Varan: Necklace of Magic x1 [drop: L5 Goblin, L5 Goblin Grave Robber +2], Adena x1,115 || Exchange at Ariel, Arodin, Creamees, Damion, Garita, Iria, Jackson, Jakal, Kunai, Lector, Minaless, Mion, Nestle, Payne, Reep, Shari, Silvia, Simplon, Sydnia, Unoren, Uska, Varan: Necklace of Courage x1 [?], Adena x1,115 || Drop: L6 Kasha Timber Wolf, L10 Evil Eye, L10 Monster Eye, L10 Monster Eye Tracker, L10 Werewolf Hunter || Quest: LettersOfLove, MinersFavor
PIECE	907	Necklace of Anguish	NG	jewel	Necklace	-	0	M.Def 21 MP 0	Exchange at Ariel, Arodin, Creamees, Damion, Garita, Iria, Jackson, Jakal, Kunai, Lector, Minaless, Mion, Nestle, Payne, Reep, Shari, Silvia, Simplon, Sydnia, Unoren, Uska, Varan: Necklace of Knowledge x1 [drop: L6 Kasha Timber Wolf, L10 Evil Eye +3/exchange/quest], Adena x3,960 || Craft (lvl 1, 100%): Necklace of Anguish Chain x2 [shop 944/drop: L11 Kaboo Orc Fighter Lieutenant, L11 Mineshaft Bat +24], Stem x20 [shop 200/drop: L1 Elpy, L3 Elder Brown Keltir +285], Varnish x4 [shop 400/drop: L1 Elpy, L2 Prairie Keltir +253/quest] || Drop: L12 Blood Fungus, L13 Stone Giant, L14 Crasher, L14 Evil Eye Patroller, L14 Stone Soldier +1
PIECE	908	Necklace of Wisdom	NG	jewel	Necklace	-	0	M.Def 25 MP 0	Exchange at Ariel, Arodin, Creamees, Damion, Garita, Iria, Jackson, Jakal, Kunai, Lector, Minaless, Mion, Nestle, Payne, Reep, Shari, Silvia, Simplon, Sydnia, Unoren, Uska, Varan: Necklace of Anguish x1 [drop: L12 Blood Fungus, L13 Stone Giant +4/craft/exchange], Adena x7,942 || Exchange at Ariel, Arodin, Creamees, Damion, Garita, Iria, Jackson, Jakal, Kunai, Lector, Minaless, Mion, Nestle, Payne, Reep, Shari, Silvia, Simplon, Sydnia, Unoren, Uska, Varan: Necklace of Valor x1 [?], Adena x7,942 || Craft (lvl 1, 100%): Necklace of Wisdom Chain x3 [shop 1,680/drop: L14 Whinstone Golem, L16 Cave Fang Spider +39], Stem x50 [shop 200/drop: L1 Elpy, L3 Elder Brown Keltir +285], Varnish x10 [shop 400/drop: L1 Elpy, L2 Prairie Keltir +253/quest] || Drop: L16 Cave Fang Spider, L16 Pincher, L16 Ratman Spy, L17 Corpse Candle, L17 Shade Horror +8
PIECE	909	Blue Diamond Necklace	NG	jewel	Necklace	-	0	M.Def 28 MP 0	Exchange at Ariel, Arodin, Creamees, Damion, Garita, Iria, Jackson, Jakal, Kunai, Lector, Minaless, Mion, Nestle, Payne, Reep, Shari, Silvia, Simplon, Sydnia, Unoren, Uska, Varan: Necklace of Wisdom x1 [drop: L16 Cave Fang Spider, L16 Pincher +11/craft/exchange], Adena x10,340 || Craft (lvl 1, 100%): Blue Diamond Necklace Gem x3 [shop 3,894/drop: L21 Enku Orc Champion, L21 Ghost Guardian +27], Stem x80 [shop 200/drop: L1 Elpy, L3 Elder Brown Keltir +285], Varnish x16 [shop 400/drop: L1 Elpy, L2 Prairie Keltir +253/quest] || Drop: L21 Mandragora Sprout, L22 Zombie Warrior, L23 Bloody Bee, L23 Kerope Werewolf Chief, L23 Mandragora Sapling +2
PIECE	910	Necklace of Devotion	D	jewel	Necklace	-	0	M.Def 32 MP 0	Craft (lvl 2, 100%): Necklace of Devotion Chain x4 [shop 2,560/drop: L25 Baar Dre Vanul Destroyer, L25 Cloudy Beast Turen +30], Silver Mold x1 [shop 27,000/craft/exchange/quest], Braided Hemp x15 [shop 1,000/drop: L18 Lirein, L18 Salamander Elder +111/craft/exchange/quest], Varnish x3 [shop 400/drop: L1 Elpy, L2 Prairie Keltir +253/quest], Gemstone D x2 [shop 2,000] || Drop: L25 Mandragora Blossom, L25 Monster Eye Watcher, L25 Turek Orc Sentinel, L27 Gigant Overseer, L27 Glass Jaguar +3
PIECE	911	Enchanted Necklace	D	jewel	Necklace	-	0	M.Def 36 MP 0	Craft (lvl 2, 100%): Enchanted Necklace Chain x5 [shop 3,656/drop: L21 Serpent Demon Bifrons, L23 Kuroboros' Priest +41], Silver Mold x1 [shop 27,000/craft/exchange/quest], Braided Hemp x15 [shop 1,000/drop: L18 Lirein, L18 Salamander Elder +111/craft/exchange/quest], Varnish x3 [shop 400/drop: L1 Elpy, L2 Prairie Keltir +253/quest], Crystal: D-Grade x18 [shop 1,300/exchange], Gemstone D x3 [shop 2,000] || Drop: L21 Serpent Demon Bifrons, L23 Kuroboros' Priest, L29 Ant Larva, L29 Grave Keeper Spartoi, L30 Ant +6
PIECE	912	Near Forest Necklace	D	jewel	Necklace	-	0	M.Def 40 MP 0	Drop: L25 Ikuntai, L28 Tirak, L33 Breka Orc Warrior, L33 Otherworldly Invader Shaman, L33 Otherworldly Invader Warrior +5
PIECE	913	Elven Necklace	D	jewel	Necklace	-	0	M.Def 45 MP 0	Craft (lvl 3, 100%): Elven Necklace Beads x7 [shop 4,286/drop: L30 Agent of Beres, Meana, L37 Road Scavenger +7/quest], Silver Mold x1 [shop 27,000/craft/exchange/quest], Braided Hemp x70 [shop 1,000/drop: L18 Lirein, L18 Salamander Elder +111/craft/exchange/quest], Varnish x14 [shop 400/drop: L1 Elpy, L2 Prairie Keltir +253/quest], Crystal: D-Grade x38 [shop 1,300/exchange], Gemstone D x9 [shop 2,000] || Drop: L30 Agent of Beres, Meana, L37 Road Scavenger, L38 Hatu Crimson Bear, L38 Warrior of the Plains, L40 Lienrik Lad
PIECE	914	Necklace of Darkness	D	jewel	Necklace	-	0	M.Def 48 MP 0	Craft (lvl 4, 100%): Necklace of Darkness Gem x8 [shop 5,750/drop: L33 Vuku Grand Seer Gharmash, L34 Revenant of Sir Calibus +8], Silver Mold x1 [shop 27,000/craft/exchange/quest], Braided Hemp x90 [shop 1,000/drop: L18 Lirein, L18 Salamander Elder +111/craft/exchange/quest], Varnish x18 [shop 400/drop: L1 Elpy, L2 Prairie Keltir +253/quest], Crystal: D-Grade x50 [shop 1,300/exchange], Gemstone D x12 [shop 2,000] || Drop: L33 Vuku Grand Seer Gharmash, L34 Revenant of Sir Calibus, L35 Tasaba Patriarch Hellena, L36 Sebek, L40 Queen Ant +4
PIECE	915	Aquastone Necklace	C	jewel	Necklace	-	0	M.Def 52 MP 0	Exchange at Alexandria: Crystal: C-Grade x52 [shop 6,000/exchange], Crystal: D-Grade x260 [shop 1,300/exchange] || Craft (lvl 4, 100%): Aquastone Necklace Chain x8 [shop 5,312/drop: L40 Road Scavenger Leader, L40 Wizard of Storm Teruk +6], Blacksmith's Frame x1 [shop 128,000/craft/exchange/quest], Compound Braid x5 [shop 6,000/drop: L27 Gigant Overseer, L27 Grave Robber Scout +145/craft/exchange/quest], Varnish of Purity x1 [shop 16,200/craft/exchange/quest], Crystal: D-Grade x65 [shop 1,300/exchange], Gemstone C x5 [shop 6,000] || Drop: L40 Road Scavenger Leader, L40 Wizard of Storm Teruk, L44 Lakin, L44 Swamp Alligator, L45 Bloody Bat +1
PIECE	916	Necklace of Protection	C	jewel	Necklace	-	0	M.Def 56 MP 0	Exchange (list 509): Nia's Silver Fairy x5 [?], Silver Fairy x3 [?], Gold Knight x3 [?], Blood Drevanul x3 [?] || Craft (lvl 5, 100%): Necklace of Protection Gemstone x9 [shop 6,578/drop: L47 Nightmare Lord, L47 Spore Zombie +5], Blacksmith's Frame x1 [shop 128,000/craft/exchange/quest], Compound Braid x10 [shop 6,000/drop: L27 Gigant Overseer, L27 Grave Robber Scout +145/craft/exchange/quest], Varnish of Purity x2 [shop 16,200/craft/exchange/quest], Crystal: C-Grade x16 [shop 6,000/exchange], Gemstone C x7 [shop 6,000] || Drop: L47 Nightmare Lord, L47 Spore Zombie, L49 Dragon Bearer Chief, L49 Greater Musveren, L49 Hatar Hanishee +1 || Quest: ChestCaughtWithABaitOfFire
PIECE	917	Necklace of Mermaid	C	jewel	Necklace	-	0	M.Def 60 MP 0	Exchange at Alexandria: Crystal: C-Grade x99 [shop 6,000/exchange], Crystal: D-Grade x495 [shop 1,300/exchange] || Craft (lvl 5, 100%): Necklace of Mermaid Teardrop x10 [shop 9,400/drop: L44 Timak Orc Chief Ranger, L45 Evil Spirit Cyrion +11], Blacksmith's Frame x1 [shop 128,000/craft/exchange/quest], Compound Braid x20 [shop 6,000/drop: L27 Gigant Overseer, L27 Grave Robber Scout +145/craft/exchange/quest], Varnish of Purity x4 [shop 16,200/craft/exchange/quest], Crystal: C-Grade x26 [shop 6,000/exchange], Gemstone C x11 [shop 6,000] || Drop: L44 Timak Orc Chief Ranger, L45 Evil Spirit Cyrion, L45 Fafurion's Henchman Istary, L45 Shacram, L50 Orfen +6 || Quest: UnderTheShadowOfTheIvoryTower, WarehouseKeepersPastime
PIECE	918	Adamantite Necklace	B	jewel	Necklace	-	0	M.Def 68 MP 0	Craft (lvl 6, 70%): Recipe: Adamantite Necklace (70%) x1 [shop 32,320/drop: L55 Wretched Archer], Adamantite Necklace Chain x12 [shop 10,314/drop: L50 Cursed Clara, L52 Grave Robber Kim +11], Blacksmith's Frame x1 [shop 128,000/craft/exchange/quest], Compound Braid x30 [shop 6,000/drop: L27 Gigant Overseer, L27 Grave Robber Scout +145/craft/exchange/quest], Varnish of Purity x6 [shop 16,200/craft/exchange/quest], Thons x6 [shop 12,000/drop: L45 Dimension Invader Elite Soldier, L45 Fline +128/exchange/quest], Crystal: C-Grade x34 [shop 6,000/exchange], Gemstone B x5 [shop 20,000] || Craft (lvl 6, 100%): Recipe: Adamantite Necklace x1 [shop 32,320/drop: L53 Lost Watcher, L53 Purgatory Invader Warrior +3], Adamantite Necklace Chain x12 [shop 10,314/drop: L50 Cursed Clara, L52 Grave Robber Kim +11], Maestro Mold x1 [shop 308,000/craft/quest], Compound Braid x35 [shop 6,000/drop: L27 Gigant Overseer, L27 Grave Robber Scout +145/craft/exchange/quest], Varnish of Purity x7 [shop 16,200/craft/exchange/quest], Thons x7 [shop 12,000/drop: L45 Dimension Invader Elite Soldier, L45 Fline +128/exchange/quest], Crystal: C-Grade x58 [shop 6,000/exchange], Gemstone B x5 [shop 20,000] || Drop: L50 Cursed Clara, L52 Grave Robber Kim, L55 Enchanted Forest Watcher Ruell, L55 Pagan Watcher Cerberon, L57 Pobby +4
PIECE	920	Tateossian Necklace	S	jewel	Necklace	-	0	M.Def 95 MP 42	Exchange at mammblack 2a: Sealed Tateossian Necklace x1 [drop: L75 Death Lord Ipos, L76 Flamestone Giant +8/craft], Ancient Adena x975,255
PIECE	922	Sage's Necklace	B	jewel	Necklace	-	0	M.Def 72 MP 0	Craft (lvl 7, 100%): Recipe: Sage's Necklace x1 [?], Sage's Necklace Chain x13 [?], Maestro Mold x1 [shop 308,000/craft/quest], Compound Braid x55 [shop 6,000/drop: L27 Gigant Overseer, L27 Grave Robber Scout +145/craft/exchange/quest], Varnish of Purity x11 [shop 16,200/craft/exchange/quest], Thons x11 [shop 12,000/drop: L45 Dimension Invader Elite Soldier, L45 Fline +128/exchange/quest], Crystal: B-Grade x37 [shop 18,000/exchange], Gemstone B x8 [shop 20,000]
PIECE	924	Majestic Necklace	A	jewel	Necklace	-	0	M.Def 85 MP 33	Exchange at mammblack 2b: Sealed Majestic Necklace x1 [drop: L69 Spirit of Andras, the Betrayer, L70 Beast Lord Behemoth +19/craft/exchange], Ancient Adena x853,669
PIECE	926	Necklace of Black Ore	B	jewel	Necklace	-	0	M.Def 72 MP 0	Craft (lvl 7, 70%): Recipe: Necklace of Black Ore (70%) x1 [shop 49,200/drop: L62 Blader of Despair, L68 Hallate's Inspector], Necklace of Black Ore Beads x13 [shop 20,308/drop: L59 Soulless Wild Boar, L62 Bathin's Wizard +28], Blacksmith's Frame x1 [shop 128,000/craft/exchange/quest], Compound Braid x40 [shop 6,000/drop: L27 Gigant Overseer, L27 Grave Robber Scout +145/craft/exchange/quest], Varnish of Purity x8 [shop 16,200/craft/exchange/quest], Thons x8 [shop 12,000/drop: L45 Dimension Invader Elite Soldier, L45 Fline +128/exchange/quest], Crystal: B-Grade x20 [shop 18,000/exchange], Gemstone B x8 [shop 20,000] || Craft (lvl 7, 100%): Recipe: Necklace of Black Ore x1 [shop 49,200/drop: L56 Lost Gargoyle Youngling, L57 Tomb Inquisitor +4], Necklace of Black Ore Beads x13 [shop 20,308/drop: L59 Soulless Wild Boar, L62 Bathin's Wizard +28], Maestro Mold x1 [shop 308,000/craft/quest], Compound Braid x55 [shop 6,000/drop: L27 Gigant Overseer, L27 Grave Robber Scout +145/craft/exchange/quest], Varnish of Purity x11 [shop 16,200/craft/exchange/quest], Thons x11 [shop 12,000/drop: L45 Dimension Invader Elite Soldier, L45 Fline +128/exchange/quest], Crystal: B-Grade x37 [shop 18,000/exchange], Gemstone B x8 [shop 20,000] || Drop: L59 Soulless Wild Boar, L62 Bathin's Wizard, L62 Ursus, L63 Malruk Soldier, L65 Alliance of Splendor +13
PIECE	931	Necklace of Grace	B	jewel	Necklace	-	0	M.Def 68 MP 0	Quest: TheWishingPotion
PIECE	933	Phoenix Necklace	A	jewel	Necklace	-	0	M.Def 80 MP 26	Exchange at mammblack 2b: Sealed Phoenix Necklace x1 [drop: L62 Roaring Lord Kastor, L65 Hekaton Prime +18/craft], Ancient Adena x855,525
PIECE	936	Necklace of Blessing	B	jewel	Necklace	-	0	M.Def 68 MP 0	Quest: HidingBehindTheTruth
PIECE	945	Skeleton Buckler	NG	armor	lhand	SHIELD	0	P.Def 0 M.Def 0	Drop: L16 Boogle Ratman, L16 Kasha Fang Spider, L16 Ratman Spy, L18 Scavenger Wererat, L18 Sukar Wererat +3
PIECE	975	Blood Saber	NG	weapon	rhand	SWORD	0	P.Atk 14 M.Atk 11	Quest: SpiritOfCraftsman
PIECE	981	Red Sunset Sword	NG	weapon	lrhand	SWORD	0	P.Atk 16 M.Atk 10	Quest: SkirmishWithOrcs
PIECE	989	Eldritch Dagger	NG	weapon	rhand	DAGGER	0	P.Atk 11 M.Atk 10	Quest: ForgottenTruth
PIECE	1100	Cotton Tunic	NG	armor	chest	MAGIC	0	P.Def 21 M.Def 0	Drop: L8 Green Dryad, L9 Spore Fungus, L10 Rakeclaw Imp Chieftain, L10 Vampire Bat
PIECE	1101	Tunic of Devotion	NG	armor	chest	MAGIC	2	P.Def 30 M.Def 0	Exchange at Ariel, Arodin, Creamees, Damion, Garita, Iria, Jackson, Jakal, Kunai, Lector, Minaless, Mion, Nestle, Payne, Reep, Shari, Silvia, Simplon, Sydnia, Unoren, Uska, Varan: Leather Tunic x1 [drop: L11 Magical Weaver, L12 Werewolf Chieftain +8/craft/exchange], Adena x13,574 || Drop: L16 Gora Werewolf, L16 Silent Horror, L17 Moonstone Beast, L17 Plunder Tarantula, L18 Salamander Elder +2
PIECE	1102	Tunic of Magic	NG	armor	chest	MAGIC	0	P.Def 34 M.Def 0	Exchange at Ariel, Arodin, Creamees, Damion, Garita, Iria, Jackson, Jakal, Kunai, Lector, Minaless, Mion, Nestle, Payne, Reep, Shari, Silvia, Simplon, Sydnia, Unoren, Uska, Varan: Tunic of Devotion x1 [drop: L16 Gora Werewolf, L16 Silent Horror +5/exchange], Adena x18,260 || Drop: L21 Akaste Succubus Turen, L22 Lesser Succubus Tilfo, L22 Spine Golem, L24 Gigant Acolyte, L24 Lith Witch
PIECE	1103	Cotton Stockings	NG	armor	legs	MAGIC	0	P.Def 13 M.Def 0	Drop: L8 Green Dryad, L9 Spore Fungus, L10 Rakeclaw Imp Chieftain, L10 Vampire Bat
PIECE	1104	Stockings of Devotion	NG	armor	legs	MAGIC	2	P.Def 19 M.Def 0	Exchange at Ariel, Arodin, Creamees, Damion, Garita, Iria, Jackson, Jakal, Kunai, Lector, Minaless, Mion, Nestle, Payne, Reep, Shari, Silvia, Simplon, Sydnia, Unoren, Uska, Varan: Leather Stockings x1 [drop: L11 Magical Weaver, L12 Dungeon Skeleton +8/craft/exchange], Adena x8,503 || Drop: L16 Gora Werewolf, L16 Silent Horror, L17 Moonstone Beast, L17 Plunder Tarantula, L18 Salamander Elder +2
PIECE	1105	Stockings of Magic	NG	armor	legs	MAGIC	0	P.Def 21 M.Def 0	Exchange at Ariel, Arodin, Creamees, Damion, Garita, Iria, Jackson, Jakal, Kunai, Lector, Minaless, Mion, Nestle, Payne, Reep, Shari, Silvia, Simplon, Sydnia, Unoren, Uska, Varan: Stockings of Devotion x1 [drop: L16 Gora Werewolf, L16 Silent Horror +5/exchange], Adena x11,330 || Drop: L21 Akaste Succubus Turen, L22 Lesser Succubus Tilfo, L22 Spine Golem, L24 Gigant Acolyte, L24 Lith Witch
PIECE	1119	Short Leather Gloves	NG	armor	gloves	?	0	P.Def 11 M.Def 0	Exchange at Ariel, Arodin, Creamees, Damion, Garita, Iria, Jackson, Jakal, Kunai, Lector, Minaless, Mion, Nestle, Payne, Reep, Shari, Silvia, Simplon, Sydnia, Unoren, Uska, Varan: Short Gloves x1 [drop: L1 Young Brown Keltir/quest], Adena x627 || Drop: L6 Imp, L6 Orc, L6 Rakeclaw Imp || Quest: BringWolfPelts
PIECE	1120	Pa'agrian Hand	C	armor	gloves	?	0	P.Def 34 M.Def 0	Craft (lvl 5, 100%): Pa'agrian Hand Design x9 [?], Crafted Leather x10 [shop 11,400/drop: L36 Cave Ant Larva, L36 Tyrant Kingpin +133/craft/exchange/quest], High Grade Suede x1 [shop 4,800/drop: L27 Grave Robber Lookout, L27 Ol Mahum Raider +105/craft/exchange/quest], Crystal: C-Grade x12 [shop 6,000/exchange], Gemstone C x4 [shop 6,000]
PIECE	1121	Apprentice's Shoes	NG	armor	feet	?	0	P.Def 8 M.Def 0	Drop: L1 Young Brown Keltir
PIECE	1122	Cotton Shoes	NG	armor	feet	?	0	P.Def 11 M.Def 0	Exchange at Ariel, Arodin, Creamees, Damion, Garita, Iria, Jackson, Jakal, Kunai, Lector, Minaless, Mion, Nestle, Payne, Reep, Shari, Silvia, Simplon, Sydnia, Unoren, Uska, Varan: Cloth Shoes x1 [drop: L1 Young Brown Keltir, L2 Brown Keltir/exchange/quest], Adena x627 || Exchange at Ariel, Arodin, Creamees, Damion, Garita, Iria, Jackson, Jakal, Kunai, Lector, Minaless, Mion, Nestle, Payne, Reep, Shari, Silvia, Simplon, Sydnia, Unoren, Uska, Varan: Leather Sandals x1 [drop: L1 Young Brown Keltir, L2 Prairie Keltir/quest], Adena x627 || Drop: L6 Imp, L6 Orc, L6 Rakeclaw Imp, L9 Green Fungus
PIECE	1123	Blue Buckskin Boots	D	armor	feet	?	0	P.Def 22 M.Def 0	Drop: L21 Sukar Wererat Chief, L24 Unrequited Kael, L29 Androscorpio, L29 Delu Lizardman Scout, L29 Ol Mahum Commander +9
PIECE	1124	Boots of Power	D	armor	feet	?	0	P.Def 27 M.Def 0	Craft (lvl 3, 100%): Boots of Power Pattern x7 [shop 2,960/drop: L30 Ragraman, L37 Leto Lizardman Soldier +6], Leather x24 [shop 1,800/drop: L18 Crystalline Beast, L18 Tracker Skeleton Leader +127/craft/exchange/quest], High Grade Suede x3 [shop 4,800/drop: L27 Grave Robber Lookout, L27 Ol Mahum Raider +105/craft/exchange/quest], Crystal: D-Grade x24 [shop 1,300/exchange], Gemstone D x5 [shop 2,000] || Drop: L30 Ragraman, L37 Leto Lizardman Soldier, L37 Tasaba Lizardman Shaman, L39 Treasure Chest, L40 Dimension Invader Priest +1
PIECE	1125	Assault Boots	D	armor	feet	?	0	P.Def 29 M.Def 0	Craft (lvl 4, 100%): Assault Boots Part x8 [shop 3,584/drop: L33 Nurka's Messenger, L35 Remmel +10], Leather x32 [shop 1,800/drop: L18 Crystalline Beast, L18 Tracker Skeleton Leader +127/craft/exchange/quest], High Grade Suede x4 [shop 4,800/drop: L27 Grave Robber Lookout, L27 Ol Mahum Raider +105/craft/exchange/quest], Crystal: D-Grade x30 [shop 1,300/exchange], Gemstone D x6 [shop 2,000] || Drop: L33 Nurka's Messenger, L35 Remmel, L35 Soul Collector Acheron, L36 Evil Spirit Tempest, L40 Queen Ant +7
PIECE	1126	Crimson Boots	C	armor	feet	?	0	P.Def 34 M.Def 0	Craft (lvl 5, 100%): Crimson Boot Fabric x9 [shop 4,756/drop: L47 Dicor, L47 Forest of Mirrors Ghost +5], Crafted Leather x10 [shop 11,400/drop: L36 Cave Ant Larva, L36 Tyrant Kingpin +133/craft/exchange/quest], High Grade Suede x1 [shop 4,800/drop: L27 Grave Robber Lookout, L27 Ol Mahum Raider +105/craft/exchange/quest], Crystal: C-Grade x12 [shop 6,000/exchange], Gemstone C x4 [shop 6,000] || Drop: L47 Dicor, L47 Forest of Mirrors Ghost, L47 Ossiud, L48 Horrifying Cannon Golem IV, L48 Perum
PIECE	1127	Forgotten Boots	C	armor	feet	?	0	P.Def 36 M.Def 0	Craft (lvl 5, 100%): Forgotten Boots Pattern x10 [?], Crafted Leather x16 [shop 11,400/drop: L36 Cave Ant Larva, L36 Tyrant Kingpin +133/craft/exchange/quest], High Grade Suede x2 [shop 4,800/drop: L27 Grave Robber Lookout, L27 Ol Mahum Raider +105/craft/exchange/quest], Crystal: C-Grade x16 [shop 6,000/exchange], Gemstone C x6 [shop 6,000]
PIECE	1128	Adamantite Boots	C	armor	feet	?	0	P.Def 39 M.Def 0	Craft (lvl 6, 100%): Adamantite Boots Design x11 [?], Crafted Leather x24 [shop 11,400/drop: L36 Cave Ant Larva, L36 Tyrant Kingpin +133/craft/exchange/quest], High Grade Suede x3 [shop 4,800/drop: L27 Grave Robber Lookout, L27 Ol Mahum Raider +105/craft/exchange/quest], Crystal: C-Grade x24 [shop 6,000/exchange], Gemstone C x10 [shop 6,000]
PIECE	1129	Crude Leather Shoes	NG	armor	feet	?	0	P.Def 11 M.Def 0	Drop: L6 Imp, L6 Orc, L6 Rakeclaw Imp, L9 Spore Fungus
PIECE	1148	Hard Leather Helmet	NG	armor	head	?	0	P.Def 26 M.Def 0	Exchange at Ariel, Arodin, Creamees, Damion, Garita, Iria, Jackson, Jakal, Kunai, Lector, Minaless, Mion, Nestle, Payne, Reep, Shari, Silvia, Simplon, Sydnia, Unoren, Uska, Varan: Leather Helmet x1 [drop: L16 Boogle Ratman, L16 Ratman Spy +6/craft/exchange], Adena x9,020 || Drop: L22 Hallowed Seer, L22 Hungry Eye, L23 Ol Mahum Deserter, L24 Treasure Chest
PIECE	1149	Shining Circlet	C	armor	head	?	0	P.Def 54 M.Def 0	Craft (lvl 5, 100%): Shining Circlet Pattern x10 [shop 9,120/drop: L44 Dread Avenger Kraven, L45 Archon Suscepter +6], Blacksmith's Frame x1 [shop 128,000/craft/exchange/quest], Crafted Leather x14 [shop 11,400/drop: L36 Cave Ant Larva, L36 Tyrant Kingpin +133/craft/exchange/quest], Crystal: C-Grade x25 [shop 6,000/exchange], Gemstone C x10 [shop 6,000] || Drop: L44 Dread Avenger Kraven, L45 Archon Suscepter, L45 Iron Giant Totem, L50 Headless Knight, L50 Purgatory Invader Food +2
PIECE	1333	Brandish	NG	weapon	lrhand	SWORD	0	P.Atk 21 M.Atk 12	Exchange at Ariel, Arodin, Creamees, Damion, Garita, Iria, Jackson, Jakal, Kunai, Lector, Minaless, Mion, Nestle, Payne, Reep, Shari, Silvia, Simplon, Sydnia, Unoren, Uska, Varan: Red Sunset Sword x1 [quest], Adena x31,460 || Craft (lvl 1, 100%): Brandish Blade x2 [shop 10,280/drop: L12 Akaste Bone Soldier, L12 Balor Orc Fighter Leader +9], Iron Ore x110 [shop 400/drop: L3 Elder Brown Keltir, L3 Elder Keltir +275], Coal x55 [shop 400/drop: L2 Prairie Keltir, L3 Elder Keltir +238/exchange] || Drop: L12 Akaste Bone Soldier, L12 Balor Orc Fighter Leader, L12 Kaboo Orc Fighter Leader, L12 Orc Fighter Leader, L12 Skeleton +3
PIECE	1508	Ring of Raccoon	NG	jewel	Ring	-	0	M.Def 11 MP 0	Quest: CovertBusiness
PIECE	1509	Ring of Firefly	NG	jewel	Ring	-	0	M.Def 11 MP 0	Quest: DreamingOfTheSkies
PIECE	1510	Butcher's Sword	NG	weapon	rhand	SWORD	0	P.Atk 13 M.Atk 10	Quest: MercilessPunishment
PIECE	1511	Silversmith Hammer	NG	weapon	rhand	BLUNT	0	P.Atk 13 M.Atk 10	Quest: JumbleTumbleDiamondFuss
PIECE	1660	Cursed Maingauche	D	weapon	rhand	DAGGER	0	P.Atk 62 M.Atk 42	Exchange at mammblack 1a: Kukuri x1 [drop: L25 Mammon Collector Talos, L35 Bandit Assassin +2/exchange], Ancient Adena x519,600 || Exchange at mammblack 1a: Dagger of Mana x1 [drop: L25 Mammon Collector Talos, L35 Bandit Assassin +2/exchange], Ancient Adena x519,600 || Exchange at mammblack 1a: Mystic Knife x1 [drop: L25 Mammon Collector Talos, L35 Bandit Assassin +2/exchange], Ancient Adena x519,600 || Craft (lvl 3, 100%): Cursed Maingauche Edge x7 [shop 37,858/drop: L30 Boss Akata, L30 Turek Mercenary Captain +4], Steel Mold x2 [shop 9,000/craft/exchange/quest], Steel x175 [shop 4,000/drop: L11 Balor Orc Lieutenant, L18 Tainted Zombie +147/craft/exchange/quest], Cokes x175 [shop 2,400/drop: L18 Red Eye Barbed Bat, L18 Undine Elder +120/craft/exchange/quest], Crystal: D-Grade x430 [shop 1,300/exchange], Gemstone D x139 [shop 2,000] || Drop: L30 Boss Akata, L30 Turek Mercenary Captain, L32 Skyla, L37 Dailaon, L40 Barrow Overlord +1
PIECE	2371	Fist of Butcher	NG	weapon	lrhand	DUALFIST	0	P.Atk 16 M.Atk 10	Drop: L11 Baraq Orc Warrior Leader, L12 Slave Skeleton, L12 Werewolf Chieftain, L13 Greystone Golem, L14 Felim Lizardman +2
PIECE	2376	Avadon Breastplate	B	armor	chest	HEAVY	26	P.Def 157 M.Def 0	Exchange (list 697): Adena x23,334,000 || Craft (lvl 6, 60%): Recipe: Avadon Breastplate (60%) x1 [shop 83,200/drop: L54 Lilim Knight Errant, L54 Nephilim Swordsman], Avadon Breastplate Part x12 [shop 22,100/drop: L50 Messenger of Fairy Queen Berun, L51 Deadman Ereve +17], Blacksmith's Frame x3 [shop 128,000/craft/exchange/quest], Mithril Alloy x18 [shop 26,200/craft/exchange/quest], Asofe x12 [shop 12,000/drop: L45 Shackle, L45 Vault Overlord +149/exchange/quest], Crystal: C-Grade x82 [shop 6,000/exchange], Gemstone B x12 [shop 20,000] || Craft (lvl 6, 100%): Recipe: Avadon Breastplate x1 [shop 83,200/drop: L53 Epic Cannon Golem, L53 Farcran +1], Avadon Breastplate Part x12 [shop 22,100/drop: L50 Messenger of Fairy Queen Berun, L51 Deadman Ereve +17], Maestro Mold x3 [shop 308,000/craft/quest], Mithril Alloy x33 [shop 26,200/craft/exchange/quest], Asofe x22 [shop 12,000/drop: L45 Shackle, L45 Vault Overlord +149/exchange/quest], Crystal: C-Grade x129 [shop 6,000/exchange], Gemstone B x12 [shop 20,000] || Drop: L50 Messenger of Fairy Queen Berun, L51 Deadman Ereve, L52 Gigantic Chaos Golem, L54 Paniel the Unicorn, L55 Ghost Knight Kabed +15
PIECE	2377	Mithril Scale Gaiters	D	armor	legs	HEAVY	0	P.Def 64 M.Def 0	Craft (lvl 3, 100%): Mithril Scale Gaiters Material x7 [shop 6,742/drop: L30 Turek Mercenary Captain, L32 Captain of Queen's Royal Guards +8/quest], Steel Mold x2 [shop 9,000/craft/exchange/quest], Steel x32 [shop 4,000/drop: L11 Balor Orc Lieutenant, L18 Tainted Zombie +147/craft/exchange/quest], Crystal: D-Grade x60 [shop 1,300/exchange], Gemstone D x14 [shop 2,000] || Drop: L30 Turek Mercenary Captain, L32 Captain of Queen's Royal Guards, L38 Crokian Warrior, L38 Lageos, L38 Noble Ant Leader +4
PIECE	2378	Brigandine Gaiters	D	armor	legs	HEAVY	7	P.Def 64 M.Def 0	Craft (lvl 3, 100%): Brigandine Gaiters Material x7 [shop 6,742/drop: L30 Turek Mercenary Captain, L32 Captain of Queen's Royal Guards +8], Steel Mold x2 [shop 9,000/craft/exchange/quest], Steel x32 [shop 4,000/drop: L11 Balor Orc Lieutenant, L18 Tainted Zombie +147/craft/exchange/quest], Crystal: D-Grade x60 [shop 1,300/exchange], Gemstone D x14 [shop 2,000] || Drop: L30 Turek Mercenary Captain, L32 Captain of Queen's Royal Guards, L38 Crokian Warrior, L38 Lageos, L38 Noble Ant Leader +4
PIECE	2379	Avadon Gaiters	B	armor	legs	HEAVY	26	P.Def 98 M.Def 0	Exchange (list 697): Adena x23,334,000 || Craft (lvl 6, 60%): Recipe: Avadon Gaiters (60%) x1 [shop 52,000/drop: L56 Malruk Succubus Turen], Avadon Gaiters Material x12 [shop 14,300/drop: L50 Messenger of Fairy Queen Berun, L51 Deadman Ereve +18], Blacksmith's Frame x2 [shop 128,000/craft/exchange/quest], Mithril Alloy x12 [shop 26,200/craft/exchange/quest], Asofe x8 [shop 12,000/drop: L45 Shackle, L45 Vault Overlord +149/exchange/quest], Crystal: C-Grade x45 [shop 6,000/exchange], Gemstone B x7 [shop 20,000] || Craft (lvl 6, 100%): Recipe: Avadon Gaiters x1 [shop 52,000/drop: L53 Epic Cannon Golem, L53 Tortured Undead +3], Avadon Gaiters Material x12 [shop 14,300/drop: L50 Messenger of Fairy Queen Berun, L51 Deadman Ereve +18], Maestro Mold x2 [shop 308,000/craft/quest], Mithril Alloy x21 [shop 26,200/craft/exchange/quest], Asofe x14 [shop 12,000/drop: L45 Shackle, L45 Vault Overlord +149/exchange/quest], Crystal: C-Grade x72 [shop 6,000/exchange], Gemstone B x7 [shop 20,000] || Drop: L50 Messenger of Fairy Queen Berun, L51 Deadman Ereve, L52 Gigantic Chaos Golem, L54 Paniel the Unicorn, L55 Ghost Knight Kabed +15
PIECE	2380	Blue Wolf Gaiters	B	armor	legs	HEAVY	32	P.Def 104 M.Def 0	Exchange (list 697): Adena x58,336,000 || Craft (lvl 7, 60%): Recipe: Blue Wolf Gaiters (60%) x1 [shop 80,400/drop: L62 Crendion], Blue Wolf Gaiters Material x13 [shop 19,446/drop: L50 Carnamakos, L57 Timak Seer Ragoth +22], Blacksmith's Frame x2 [shop 128,000/craft/exchange/quest], Mithril Alloy x24 [shop 26,200/craft/exchange/quest], Asofe x16 [shop 12,000/drop: L45 Shackle, L45 Vault Overlord +149/exchange/quest], Crystal: B-Grade x20 [shop 18,000/exchange], Gemstone B x12 [shop 20,000] || Craft (lvl 7, 100%): Recipe: Blue Wolf Gaiters x1 [shop 80,400/drop: L58 Cave Keeper, L59 Frost Iron Golem +5], Blue Wolf Gaiters Material x13 [shop 19,446/drop: L50 Carnamakos, L57 Timak Seer Ragoth +22], Maestro Mold x2 [shop 308,000/craft/quest], Mithril Alloy x36 [shop 26,200/craft/exchange/quest], Asofe x24 [shop 12,000/drop: L45 Shackle, L45 Vault Overlord +149/exchange/quest], Crystal: B-Grade x49 [shop 18,000/exchange], Gemstone B x12 [shop 20,000] || Drop: L50 Carnamakos, L57 Timak Seer Ragoth, L60 Taik High Prefect Arak, L62 Crypt Sage, L62 Kadios +13
PIECE	2381	Doom Plate Armor	B	armor	onepiece	HEAVY	33	P.Def 270 M.Def 0	Exchange (list 697): Adena x286,712,000 || Craft (lvl 7, 60%): Recipe: Doom Plate Armor (60%) x1 [shop 188,400/drop: L62 Doom Archer], Doom Plate Armor Temper x13 [shop 40,584/drop: L50 Carnamakos, L57 Timak Seer Ragoth +20], Blacksmith's Frame x4 [shop 128,000/craft/exchange/quest], Mithril Alloy x45 [shop 26,200/craft/exchange/quest], Varnish of Purity x15 [shop 16,200/craft/exchange/quest], Asofe x30 [shop 12,000/drop: L45 Shackle, L45 Vault Overlord +149/exchange/quest], Crystal: B-Grade x60 [shop 18,000/exchange], Gemstone B x31 [shop 20,000] || Craft (lvl 7, 100%): Recipe: Doom Plate Armor x1 [shop 188,400/drop: L56 Bartal, L59 Frost Iron Golem +2], Doom Plate Armor Temper x13 [shop 40,584/drop: L50 Carnamakos, L57 Timak Seer Ragoth +20], Maestro Mold x4 [shop 308,000/craft/quest], Mithril Alloy x69 [shop 26,200/craft/exchange/quest], Varnish of Purity x23 [shop 16,200/craft/exchange/quest], Asofe x46 [shop 12,000/drop: L45 Shackle, L45 Vault Overlord +149/exchange/quest], Crystal: B-Grade x136 [shop 18,000/exchange], Gemstone B x31 [shop 20,000] || Drop: L50 Carnamakos, L57 Timak Seer Ragoth, L60 Taik High Prefect Arak, L62 Crypt Sage, L62 Kadios +13
PIECE	2382	Tallum Plate Armor	A	armor	onepiece	HEAVY	40	P.Def 278 M.Def 0	Exchange at mammblack 2b: Sealed Tallum Plate Armor x1 [drop: L65 Enmity Ghost Ramdal, L65 Rahha +26/craft], Ancient Adena x507,750
PIECE	2383	Majestic Plate Armor	A	armor	onepiece	HEAVY	47	P.Def 293 M.Def 0	Exchange at mammblack 2b: Sealed Majestic Plate Armor x1 [drop: L68 Anakazel, L70 Fafurion's Herald Lokness +18/craft], Ancient Adena x772,500
PIECE	2384	Zubei's Leather Shirt	B	armor	chest	LIGHT	27	P.Def 117 M.Def 0	Exchange (list 697): Adena x286,712,000 || Craft (lvl 6, 60%): Recipe: Zubei's Leather Shirt (60%) x1 [shop 62,400/drop: L56 Yintzu], Zubei's Leather Shirt Fabric x12 [shop 16,966/drop: L50 Ghost of Peasant Leader, L51 Verfa +11], Crafted Leather x40 [shop 11,400/drop: L36 Cave Ant Larva, L36 Tyrant Kingpin +133/craft/exchange/quest], Metallic Fiber x20 [shop 1,400/drop: L36 Ant Warrior Captain, L38 Warrior of the Plains +170/craft/exchange/quest], Asofe x20 [shop 12,000/drop: L45 Shackle, L45 Vault Overlord +149/exchange/quest], Crystal: C-Grade x65 [shop 6,000/exchange], Gemstone B x9 [shop 20,000] || Craft (lvl 6, 100%): Recipe: Zubei's Leather Shirt x1 [shop 62,400/drop: L54 Marsh Stalker, L55 Purgatory Invader Elite Soldier +1], Zubei's Leather Shirt Fabric x12 [shop 16,966/drop: L50 Ghost of Peasant Leader, L51 Verfa +11], Maestro Anvil Lock x2 [shop 180,800/craft/quest], Crafted Leather x58 [shop 11,400/drop: L36 Cave Ant Larva, L36 Tyrant Kingpin +133/craft/exchange/quest], Metallic Fiber x29 [shop 1,400/drop: L36 Ant Warrior Captain, L38 Warrior of the Plains +170/craft/exchange/quest], Asofe x29 [shop 12,000/drop: L45 Shackle, L45 Vault Overlord +149/exchange/quest], Crystal: C-Grade x118 [shop 6,000/exchange], Gemstone B x9 [shop 20,000] || Drop: L50 Ghost of Peasant Leader, L51 Verfa, L53 Magus Kenishee, L55 Black Lily, L56 Lost Gargoyle Youngling +7
PIECE	2385	Dark Crystal Leather Armor	A	armor	chest	LIGHT	41	P.Def 128 M.Def 0	Exchange at mammblack 2b: Sealed Dark Crystal Leather Armor x1 [drop: L58 Eva's Guardian Millenu, L65 Gargoyle Lord Tiphon +24/craft], Ancient Adena x260,250
PIECE	2386	Wooden Gaiters	NG	armor	legs	LIGHT	1	P.Def 29 M.Def 0	Exchange at Ariel, Arodin, Creamees, Damion, Garita, Iria, Jackson, Jakal, Kunai, Lector, Minaless, Mion, Nestle, Payne, Reep, Shari, Silvia, Simplon, Sydnia, Unoren, Uska, Varan: Leather Pants x1 [drop: L6 Utuku Orc, L8 Goblin Scout +4/exchange/quest], Adena x3,795 || Drop: L11 Darkwing Bat, L11 Drill Bat, L12 Barbed Bat, L12 Gemstone Beast, L12 Puma +3
PIECE	2387	Reinforced Mithril Gaiters	C	armor	legs	LIGHT	12	P.Def 56 M.Def 0	Exchange at Alexandria: Crystal: C-Grade x59 [shop 6,000/exchange], Crystal: D-Grade x295 [shop 1,300/exchange] || Craft (lvl 4, 100%): Tempered Mithril Gaiters Fragment x8 [shop 7,524/drop: L37 Rayito the Looter, L38 Anakazel +6], Crafted Leather x15 [shop 11,400/drop: L36 Cave Ant Larva, L36 Tyrant Kingpin +133/craft/exchange/quest], Metallic Fiber x15 [shop 1,400/drop: L36 Ant Warrior Captain, L38 Warrior of the Plains +170/craft/exchange/quest], Crystal: D-Grade x70 [shop 1,300/exchange], Gemstone C x6 [shop 6,000] || Drop: L37 Rayito the Looter, L38 Anakazel, L40 Shaman King Selu, L44 Blade Stakato Drone, L45 Zaken's High Grade Watchman +2
PIECE	2388	Zubei's Leather Gaiters	B	armor	legs	LIGHT	27	P.Def 73 M.Def 0	Exchange (list 697): Adena x286,712,000 || Craft (lvl 6, 60%): Recipe: Zubei's Leather Gaiters (60%) x1 [shop 38,920/drop: L56 Ancient Gargoyle], Zubei's Leather Gaiter Texture x12 [shop 11,174/drop: L50 Ghost of Peasant Leader, L51 Verfa +12], Crafted Leather x20 [shop 11,400/drop: L36 Cave Ant Larva, L36 Tyrant Kingpin +133/craft/exchange/quest], Metallic Fiber x20 [shop 1,400/drop: L36 Ant Warrior Captain, L38 Warrior of the Plains +170/craft/exchange/quest], Asofe x20 [shop 12,000/drop: L45 Shackle, L45 Vault Overlord +149/exchange/quest], Crystal: C-Grade x34 [shop 6,000/exchange], Gemstone B x5 [shop 20,000] || Craft (lvl 6, 100%): Recipe: Zubei's Leather Gaiters x1 [shop 38,920/drop: L54 Connabi, L54 Thunder Wyrm +2], Zubei's Leather Gaiter Texture x12 [shop 11,174/drop: L50 Ghost of Peasant Leader, L51 Verfa +12], Maestro Anvil Lock x1 [shop 180,800/craft/quest], Crafted Leather x29 [shop 11,400/drop: L36 Cave Ant Larva, L36 Tyrant Kingpin +133/craft/exchange/quest], Metallic Fiber x29 [shop 1,400/drop: L36 Ant Warrior Captain, L38 Warrior of the Plains +170/craft/exchange/quest], Asofe x29 [shop 12,000/drop: L45 Shackle, L45 Vault Overlord +149/exchange/quest], Crystal: C-Grade x70 [shop 6,000/exchange], Gemstone B x5 [shop 20,000] || Drop: L50 Ghost of Peasant Leader, L51 Verfa, L53 Magus Kenishee, L55 Black Lily, L56 Lost Gargoyle Youngling +7
PIECE	2389	Dark Crystal Leggings	A	armor	legs	LIGHT	41	P.Def 80 M.Def 0	Exchange at mammblack 2b: Sealed Dark Crystal Leggings x1 [drop: L58 Eva's Guardian Millenu, L65 Gargoyle Lord Tiphon +24/craft], Ancient Adena x162,750
PIECE	2390	Avadon Leather Armor	B	armor	onepiece	LIGHT	28	P.Def 191 M.Def 0	Exchange (list 697): Adena x286,712,000 || Craft (lvl 6, 60%): Recipe: Avadon Leather Armor (60%) x1 [shop 91,200/drop: L57 Pobby], Avadon Leather Armor Lining x12 [shop 22,084/drop: L50 Ghost of Peasant Leader, L51 Verfa +11], Crafted Leather x65 [shop 11,400/drop: L36 Cave Ant Larva, L36 Tyrant Kingpin +133/craft/exchange/quest], Metallic Fiber x32 [shop 1,400/drop: L36 Ant Warrior Captain, L38 Warrior of the Plains +170/craft/exchange/quest], Compound Braid x16 [shop 6,000/drop: L27 Gigant Overseer, L27 Grave Robber Scout +145/craft/exchange/quest], Asofe x16 [shop 12,000/drop: L45 Shackle, L45 Vault Overlord +149/exchange/quest], Crystal: C-Grade x95 [shop 6,000/exchange], Gemstone B x14 [shop 20,000] || Craft (lvl 6, 100%): Recipe: Avadon Leather Armor x1 [shop 91,200/drop: L53 Lost Bandersnatch, L54 Oel Mahum Warrior +3], Avadon Leather Armor Lining x12 [shop 22,084/drop: L50 Ghost of Peasant Leader, L51 Verfa +11], Maestro Anvil Lock x3 [shop 180,800/craft/quest], Crafted Leather x96 [shop 11,400/drop: L36 Cave Ant Larva, L36 Tyrant Kingpin +133/craft/exchange/quest], Metallic Fiber x48 [shop 1,400/drop: L36 Ant Warrior Captain, L38 Warrior of the Plains +170/craft/exchange/quest], Compound Braid x24 [shop 6,000/drop: L27 Gigant Overseer, L27 Grave Robber Scout +145/craft/exchange/quest], Asofe x24 [shop 12,000/drop: L45 Shackle, L45 Vault Overlord +149/exchange/quest], Crystal: C-Grade x161 [shop 6,000/exchange], Gemstone B x14 [shop 20,000] || Drop: L50 Ghost of Peasant Leader, L51 Verfa, L53 Magus Kenishee, L55 Black Lily, L56 Lost Gargoyle Youngling +7
PIECE	2391	Blue Wolf Leather Armor	B	armor	onepiece	LIGHT	34	P.Def 202 M.Def 0	Craft (lvl 7, 60%): Recipe: Blue Wolf Leather Armor (60%) x1 [shop 141,200/drop: L63 Hound Dog of Hallate, L68 Bloody Lord +1], Blue Wolf Leather Armor Texture x12 [shop 35,400/drop: L56 Harit Guardian Garangky, L56 Refugee Hopeful Leo +19], Crafted Leather x100 [shop 11,400/drop: L36 Cave Ant Larva, L36 Tyrant Kingpin +133/craft/exchange/quest], Metallic Fiber x50 [shop 1,400/drop: L36 Ant Warrior Captain, L38 Warrior of the Plains +170/craft/exchange/quest], Compound Braid x25 [shop 6,000/drop: L27 Gigant Overseer, L27 Grave Robber Scout +145/craft/exchange/quest], Asofe x25 [shop 12,000/drop: L45 Shackle, L45 Vault Overlord +149/exchange/quest], Crystal: B-Grade x48 [shop 18,000/exchange], Gemstone B x22 [shop 20,000] || Craft (lvl 7, 100%): Recipe: Blue Wolf Leather Armor x1 [shop 141,200/drop: L60 Crypt Guardian, L60 Hungered Corpse +6], Blue Wolf Leather Armor Texture x12 [shop 35,400/drop: L56 Harit Guardian Garangky, L56 Refugee Hopeful Leo +19], Maestro Anvil Lock x3 [shop 180,800/craft/quest], Crafted Leather x140 [shop 11,400/drop: L36 Cave Ant Larva, L36 Tyrant Kingpin +133/craft/exchange/quest], Metallic Fiber x75 [shop 1,400/drop: L36 Ant Warrior Captain, L38 Warrior of the Plains +170/craft/exchange/quest], Compound Braid x35 [shop 6,000/drop: L27 Gigant Overseer, L27 Grave Robber Scout +145/craft/exchange/quest], Asofe x35 [shop 12,000/drop: L45 Shackle, L45 Vault Overlord +149/exchange/quest], Crystal: B-Grade x107 [shop 18,000/exchange], Gemstone B x22 [shop 20,000] || Drop: L56 Harit Guardian Garangky, L56 Refugee Hopeful Leo, L59 Captain of the Ice Queen's Royal Guard, L60 Guardian of the Statue of Giant Karum, L62 Death Wave +9
PIECE	2392	Leather Armor of Doom	B	armor	onepiece	LIGHT	35	P.Def 202 M.Def 0	Exchange (list 697): Adena x343,060,000 || Craft (lvl 7, 60%): Recipe: Leather Armor of Doom (60%) x1 [shop 141,200/drop: L68 Hallate's Follower Mul, L75 Power Angel Amon], Leather Armor of Doom Design x12 [shop 35,400/drop: L56 Harit Guardian Garangky, L56 Refugee Hopeful Leo +19], Crafted Leather x100 [shop 11,400/drop: L36 Cave Ant Larva, L36 Tyrant Kingpin +133/craft/exchange/quest], Metallic Fiber x50 [shop 1,400/drop: L36 Ant Warrior Captain, L38 Warrior of the Plains +170/craft/exchange/quest], Compound Braid x25 [shop 6,000/drop: L27 Gigant Overseer, L27 Grave Robber Scout +145/craft/exchange/quest], Asofe x25 [shop 12,000/drop: L45 Shackle, L45 Vault Overlord +149/exchange/quest], Crystal: B-Grade x48 [shop 18,000/exchange], Gemstone B x22 [shop 20,000] || Craft (lvl 7, 100%): Recipe: Leather Armor of Doom x1 [shop 141,200/drop: L61 Flash of Splendor, L61 Purgatory Shadow +3], Leather Armor of Doom Design x12 [shop 35,400/drop: L56 Harit Guardian Garangky, L56 Refugee Hopeful Leo +19], Maestro Anvil Lock x3 [shop 180,800/craft/quest], Crafted Leather x140 [shop 11,400/drop: L36 Cave Ant Larva, L36 Tyrant Kingpin +133/craft/exchange/quest], Metallic Fiber x70 [shop 1,400/drop: L36 Ant Warrior Captain, L38 Warrior of the Plains +170/craft/exchange/quest], Compound Braid x35 [shop 6,000/drop: L27 Gigant Overseer, L27 Grave Robber Scout +145/craft/exchange/quest], Asofe x35 [shop 12,000/drop: L45 Shackle, L45 Vault Overlord +149/exchange/quest], Crystal: B-Grade x107 [shop 18,000/exchange], Gemstone B x22 [shop 20,000] || Drop: L56 Harit Guardian Garangky, L56 Refugee Hopeful Leo, L59 Captain of the Ice Queen's Royal Guard, L60 Guardian of the Statue of Giant Karum, L62 Death Wave +9
PIECE	2393	Tallum Leather Armor	A	armor	onepiece	LIGHT	42	P.Def 209 M.Def 0	Exchange at mammblack 2b: Sealed Tallum Leather Armor x1 [drop: L58 Eva's Guardian Millenu, L65 Gargoyle Lord Tiphon +24/craft], Ancient Adena x381,000
PIECE	2394	Leather Armor of Nightmare	A	armor	onepiece	LIGHT	48	P.Def 220 M.Def 0	Exchange at mammblack 2b: Sealed Leather Armor of Nightmare x1 [drop: L70 Meanas Anor, L70 Roaring Skylancer +16/craft], Ancient Adena x579,750
PIECE	2395	Majestic Leather Armor	A	armor	onepiece	LIGHT	49	P.Def 220 M.Def 0	Exchange at mammblack 2b: Sealed Majestic Leather Armor x1 [drop: L70 Meanas Anor, L70 Roaring Skylancer +16/craft], Ancient Adena x579,750
PIECE	2396	Elven Mithril Tunic	D	armor	chest	MAGIC	0	P.Def 54 M.Def 0	Craft (lvl 3, 100%): Elven Mithril Tunic Pattern x7 [?], Leather x84 [shop 1,800/drop: L18 Crystalline Beast, L18 Tracker Skeleton Leader +127/craft/exchange/quest], Cord x42 [shop 650/drop: L27 Babbling Wind, L27 Glass Jaguar +93/craft/exchange/quest], Crystal: D-Grade x70 [shop 1,300/exchange], Gemstone D x17 [shop 2,000]
PIECE	2397	Tunic of Zubei	B	armor	chest	MAGIC	29	P.Def 78 M.Def 0	Exchange (list 697): Adena x22,788,000 || Craft (lvl 6, 60%): Recipe: Tunic of Zubei (60%) x1 [shop 62,400/drop: L56 Doom Scout, L57 Grave Lich], Tunic of Zubei Fabric x12 [shop 16,966/drop: L50 Carnage Lord Gato, L52 Captain of Red Flag Shaka +9], Crafted Leather x40 [shop 11,400/drop: L36 Cave Ant Larva, L36 Tyrant Kingpin +133/craft/exchange/quest], Metallic Fiber x20 [shop 1,400/drop: L36 Ant Warrior Captain, L38 Warrior of the Plains +170/craft/exchange/quest], Asofe x20 [shop 12,000/drop: L45 Shackle, L45 Vault Overlord +149/exchange/quest], Crystal: C-Grade x65 [shop 6,000/exchange], Gemstone B x9 [shop 20,000] || Craft (lvl 6, 100%): Recipe: Tunic of Zubei x1 [shop 62,400/drop: L53 Lost Watcher, L54 Soul of Ruins +3], Tunic of Zubei Fabric x12 [shop 16,966/drop: L50 Carnage Lord Gato, L52 Captain of Red Flag Shaka +9], Maestro Anvil Lock x2 [shop 180,800/craft/quest], Crafted Leather x58 [shop 11,400/drop: L36 Cave Ant Larva, L36 Tyrant Kingpin +133/craft/exchange/quest], Metallic Fiber x29 [shop 1,400/drop: L36 Ant Warrior Captain, L38 Warrior of the Plains +170/craft/exchange/quest], Asofe x29 [shop 12,000/drop: L45 Shackle, L45 Vault Overlord +149/exchange/quest], Crystal: C-Grade x118 [shop 6,000/exchange], Gemstone B x9 [shop 20,000] || Drop: L50 Carnage Lord Gato, L52 Captain of Red Flag Shaka, L53 Dark Shaman Varangka, L55 Furious Thieles, L55 Zaken's Butcher Krantz +6
PIECE	2398	Blue Wolf Tunic	B	armor	chest	MAGIC	36	P.Def 83 M.Def 0	Exchange (list 697): Adena x343,060,000 || Craft (lvl 7, 60%): Recipe: Blue Wolf Tunic (60%) x1 [shop 96,400/drop: L75 Bloody Lord], Blue Wolf Tunic Fabric x13 [shop 23,016/drop: L58 Anakazel, L60 Lord Ishka +24], Crafted Leather x64 [shop 11,400/drop: L36 Cave Ant Larva, L36 Tyrant Kingpin +133/craft/exchange/quest], Metallic Fiber x32 [shop 1,400/drop: L36 Ant Warrior Captain, L38 Warrior of the Plains +170/craft/exchange/quest], Asofe x32 [shop 12,000/drop: L45 Shackle, L45 Vault Overlord +149/exchange/quest], Crystal: B-Grade x32 [shop 18,000/exchange], Gemstone B x14 [shop 20,000] || Craft (lvl 7, 100%): Recipe: Blue Wolf Tunic x1 [shop 96,400/drop: L61 Blade of Splendor, L72 Chimera Piece], Blue Wolf Tunic Fabric x13 [shop 23,016/drop: L58 Anakazel, L60 Lord Ishka +24], Maestro Anvil Lock x2 [shop 180,800/craft/quest], Crafted Leather x88 [shop 11,400/drop: L36 Cave Ant Larva, L36 Tyrant Kingpin +133/craft/exchange/quest], Metallic Fiber x44 [shop 1,400/drop: L36 Ant Warrior Captain, L38 Warrior of the Plains +170/craft/exchange/quest], Asofe x44 [shop 12,000/drop: L45 Shackle, L45 Vault Overlord +149/exchange/quest], Crystal: B-Grade x73 [shop 18,000/exchange], Gemstone B x14 [shop 20,000] || Drop: L58 Anakazel, L60 Lord Ishka, L61 Fairy Queen Timiniel, L62 Bathin's Knight, L62 Crendion +18
PIECE	2399	Tunic of Doom	B	armor	chest	MAGIC	37	P.Def 83 M.Def 0	Exchange (list 697): Adena x30,384,000 || Craft (lvl 7, 60%): Recipe: Tunic of Doom (60%) x1 [shop 96,400/drop: L64 Past Knight, L75 Hames Orc Overlord], Tunic of Doom Pattern x13 [shop 23,016/drop: L58 Anakazel, L60 Lord Ishka +28], Crafted Leather x64 [shop 11,400/drop: L36 Cave Ant Larva, L36 Tyrant Kingpin +133/craft/exchange/quest], Metallic Fiber x32 [shop 1,400/drop: L36 Ant Warrior Captain, L38 Warrior of the Plains +170/craft/exchange/quest], Asofe x32 [shop 12,000/drop: L45 Shackle, L45 Vault Overlord +149/exchange/quest], Crystal: B-Grade x32 [shop 18,000/exchange], Gemstone B x14 [shop 20,000] || Craft (lvl 7, 100%): Recipe: Tunic of Doom x1 [shop 96,400/drop: L57 Lilim Marauder, L58 Hell Keeper Medusa], Tunic of Doom Pattern x13 [shop 23,016/drop: L58 Anakazel, L60 Lord Ishka +28], Maestro Anvil Lock x2 [shop 180,800/craft/quest], Crafted Leather x88 [shop 11,400/drop: L36 Cave Ant Larva, L36 Tyrant Kingpin +133/craft/exchange/quest], Metallic Fiber x44 [shop 1,400/drop: L36 Ant Warrior Captain, L38 Warrior of the Plains +170/craft/exchange/quest], Asofe x44 [shop 12,000/drop: L45 Shackle, L45 Vault Overlord +149/exchange/quest], Crystal: B-Grade x73 [shop 18,000/exchange], Gemstone B x14 [shop 20,000] || Drop: L58 Anakazel, L60 Lord Ishka, L61 Fairy Queen Timiniel, L62 Bathin's Knight, L62 Crendion +18
PIECE	2400	Tallum Tunic	A	armor	chest	MAGIC	43	P.Def 86 M.Def 0	Exchange at mammblack 2b: Sealed Tallum Tunic x1 [drop: L65 Fierce Tiger King Angel, L65 Shilen's Priest Hisilrome +18/craft], Ancient Adena x260,250
PIECE	2401	Elven Mithril Stockings	D	armor	legs	MAGIC	0	P.Def 34 M.Def 0	Craft (lvl 3, 100%): Elven Mithril Stockings Pattern x7 [?], Leather x45 [shop 1,800/drop: L18 Crystalline Beast, L18 Tracker Skeleton Leader +127/craft/exchange/quest], Cord x45 [shop 650/drop: L27 Babbling Wind, L27 Glass Jaguar +93/craft/exchange/quest], Crystal: D-Grade x45 [shop 1,300/exchange], Gemstone D x10 [shop 2,000]
PIECE	2402	Stockings of Zubei	B	armor	legs	MAGIC	29	P.Def 49 M.Def 0	Exchange (list 697): Adena x30,384,000 || Craft (lvl 6, 60%): Recipe: Stockings of Zubei (60%) x1 [shop 38,920/drop: L56 Ancient Gargoyle, L57 Fallen Orc Archer], Stockings of Zubei Fabric x12 [shop 11,174/drop: L50 Carnage Lord Gato, L52 Captain of Red Flag Shaka +11], Crafted Leather x20 [shop 11,400/drop: L36 Cave Ant Larva, L36 Tyrant Kingpin +133/craft/exchange/quest], Metallic Fiber x20 [shop 1,400/drop: L36 Ant Warrior Captain, L38 Warrior of the Plains +170/craft/exchange/quest], Asofe x20 [shop 12,000/drop: L45 Shackle, L45 Vault Overlord +149/exchange/quest], Crystal: C-Grade x34 [shop 6,000/exchange], Gemstone B x5 [shop 20,000] || Craft (lvl 6, 100%): Recipe: Stockings of Zubei x1 [shop 38,920/drop: L53 Lost Watcher, L54 Grave Guard +2], Stockings of Zubei Fabric x12 [shop 11,174/drop: L50 Carnage Lord Gato, L52 Captain of Red Flag Shaka +11], Maestro Anvil Lock x1 [shop 180,800/craft/quest], Crafted Leather x29 [shop 11,400/drop: L36 Cave Ant Larva, L36 Tyrant Kingpin +133/craft/exchange/quest], Metallic Fiber x29 [shop 1,400/drop: L36 Ant Warrior Captain, L38 Warrior of the Plains +170/craft/exchange/quest], Asofe x29 [shop 12,000/drop: L45 Shackle, L45 Vault Overlord +149/exchange/quest], Crystal: C-Grade x70 [shop 6,000/exchange], Gemstone B x5 [shop 20,000] || Drop: L50 Carnage Lord Gato, L52 Captain of Red Flag Shaka, L53 Dark Shaman Varangka, L55 Furious Thieles, L55 Zaken's Butcher Krantz +6
PIECE	2403	Blue Wolf Stockings	B	armor	legs	MAGIC	36	P.Def 52 M.Def 0	Exchange (list 697): Adena x343,060,000 || Craft (lvl 7, 60%): Recipe: Blue Wolf Stockings (60%) x1 [shop 60,400/drop: L63 Malruk Soldier, L69 Limal Karinness], Blue Wolf Stockings Pattern x13 [shop 17,046/drop: L58 Anakazel, L60 Lord Ishka +24], Crafted Leather x30 [shop 11,400/drop: L36 Cave Ant Larva, L36 Tyrant Kingpin +133/craft/exchange/quest], Metallic Fiber x30 [shop 1,400/drop: L36 Ant Warrior Captain, L38 Warrior of the Plains +170/craft/exchange/quest], Asofe x30 [shop 12,000/drop: L45 Shackle, L45 Vault Overlord +149/exchange/quest], Crystal: B-Grade x18 [shop 18,000/exchange], Gemstone B x8 [shop 20,000] || Craft (lvl 7, 100%): Recipe: Blue Wolf Stockings x1 [shop 60,400/drop: L57 Drake, L57 Nephilim Guard +2], Blue Wolf Stockings Pattern x13 [shop 17,046/drop: L58 Anakazel, L60 Lord Ishka +24], Maestro Anvil Lock x1 [shop 180,800/craft/quest], Crafted Leather x41 [shop 11,400/drop: L36 Cave Ant Larva, L36 Tyrant Kingpin +133/craft/exchange/quest], Metallic Fiber x41 [shop 1,400/drop: L36 Ant Warrior Captain, L38 Warrior of the Plains +170/craft/exchange/quest], Asofe x41 [shop 12,000/drop: L45 Shackle, L45 Vault Overlord +149/exchange/quest], Crystal: B-Grade x47 [shop 18,000/exchange], Gemstone B x8 [shop 20,000] || Drop: L58 Anakazel, L60 Lord Ishka, L61 Fairy Queen Timiniel, L62 Bathin's Knight, L62 Crendion +18
PIECE	2404	Stockings of Doom	B	armor	legs	MAGIC	37	P.Def 52 M.Def 0	Exchange (list 697): Adena x15,192,000 || Craft (lvl 7, 60%): Recipe: Stockings of Doom (60%) x1 [shop 60,400/drop: L63 Lesser Giant Shooter, L69 Pytan], Stockings of Doom Pattern x13 [shop 17,046/drop: L58 Anakazel, L60 Lord Ishka +26], Crafted Leather x30 [shop 11,400/drop: L36 Cave Ant Larva, L36 Tyrant Kingpin +133/craft/exchange/quest], Metallic Fiber x30 [shop 1,400/drop: L36 Ant Warrior Captain, L38 Warrior of the Plains +170/craft/exchange/quest], Asofe x30 [shop 12,000/drop: L45 Shackle, L45 Vault Overlord +149/exchange/quest], Crystal: B-Grade x18 [shop 18,000/exchange], Gemstone B x8 [shop 20,000] || Craft (lvl 7, 100%): Recipe: Stockings of Doom x1 [shop 60,400/drop: L61 Crimson Drake, L65 Elmoradan's Lady +2], Stockings of Doom Pattern x13 [shop 17,046/drop: L58 Anakazel, L60 Lord Ishka +26], Maestro Anvil Lock x1 [shop 180,800/craft/quest], Crafted Leather x41 [shop 11,400/drop: L36 Cave Ant Larva, L36 Tyrant Kingpin +133/craft/exchange/quest], Metallic Fiber x41 [shop 1,400/drop: L36 Ant Warrior Captain, L38 Warrior of the Plains +170/craft/exchange/quest], Asofe x41 [shop 12,000/drop: L45 Shackle, L45 Vault Overlord +149/exchange/quest], Crystal: B-Grade x47 [shop 18,000/exchange], Gemstone B x8 [shop 20,000] || Drop: L58 Anakazel, L60 Lord Ishka, L61 Fairy Queen Timiniel, L62 Bathin's Knight, L62 Crendion +18
PIECE	2405	Tallum Stockings	A	armor	legs	MAGIC	43	P.Def 53 M.Def 0	Exchange at mammblack 2b: Sealed Tallum Stockings x1 [drop: L65 Fierce Tiger King Angel, L65 Shilen's Priest Hisilrome +18/craft], Ancient Adena x162,750
PIECE	2406	Avadon Robe	B	armor	onepiece	MAGIC	30	P.Def 127 M.Def 0	Exchange (list 697): Adena x343,060,000 || Craft (lvl 6, 60%): Recipe: Avadon Robe (60%) x1 [shop 91,200/drop: L58 Dismal Pole], Avadon Robe Fabric x12 [shop 22,084/drop: L50 Carnage Lord Gato, L52 Captain of Red Flag Shaka +9], Crafted Leather x65 [shop 11,400/drop: L36 Cave Ant Larva, L36 Tyrant Kingpin +133/craft/exchange/quest], Metallic Fiber x32 [shop 1,400/drop: L36 Ant Warrior Captain, L38 Warrior of the Plains +170/craft/exchange/quest], Compound Braid x16 [shop 6,000/drop: L27 Gigant Overseer, L27 Grave Robber Scout +145/craft/exchange/quest], Asofe x16 [shop 12,000/drop: L45 Shackle, L45 Vault Overlord +149/exchange/quest], Crystal: C-Grade x95 [shop 6,000/exchange], Gemstone B x14 [shop 20,000] || Craft (lvl 6, 100%): Recipe: Avadon Robe x1 [shop 91,200/drop: L54 Grave Guard, L54 Marsh Stalker +2], Avadon Robe Fabric x12 [shop 22,084/drop: L50 Carnage Lord Gato, L52 Captain of Red Flag Shaka +9], Maestro Anvil Lock x3 [shop 180,800/craft/quest], Crafted Leather x96 [shop 11,400/drop: L36 Cave Ant Larva, L36 Tyrant Kingpin +133/craft/exchange/quest], Metallic Fiber x48 [shop 1,400/drop: L36 Ant Warrior Captain, L38 Warrior of the Plains +170/craft/exchange/quest], Compound Braid x24 [shop 6,000/drop: L27 Gigant Overseer, L27 Grave Robber Scout +145/craft/exchange/quest], Asofe x24 [shop 12,000/drop: L45 Shackle, L45 Vault Overlord +149/exchange/quest], Crystal: C-Grade x161 [shop 6,000/exchange], Gemstone B x14 [shop 20,000] || Drop: L50 Carnage Lord Gato, L52 Captain of Red Flag Shaka, L53 Dark Shaman Varangka, L55 Furious Thieles, L55 Zaken's Butcher Krantz +6
PIECE	2407	Dark Crystal Robe	A	armor	onepiece	MAGIC	44	P.Def 139 M.Def 0	Exchange at mammblack 2b: Sealed Dark Crystal Robe x1 [drop: L65 Fierce Tiger King Angel, L65 Shilen's Priest Hisilrome +18/craft], Ancient Adena x381,000
PIECE	2408	Robe of Nightmare	A	armor	onepiece	MAGIC	50	P.Def 147 M.Def 0	Exchange at mammblack 2b: Sealed Robe of Nightmare x1 [drop: L69 Bloody Priest Rudelto, L70 Palibati Queen Themis +20/craft], Ancient Adena x579,750
PIECE	2409	Majestic Robe	A	armor	onepiece	MAGIC	51	P.Def 147 M.Def 0	Exchange at mammblack 2b: Sealed Majestic Robe x1 [drop: L69 Bloody Priest Rudelto, L70 Palibati Queen Themis +21/craft], Ancient Adena x579,750
PIECE	2411	Brigandine Helmet	D	armor	head	?	7	P.Def 41 M.Def 0	Craft (lvl 3, 100%): Brigandine Helmet Design x7 [shop 10,386/drop: L30 Apepi, L37 Wasp Leader +3], Steel Mold x1 [shop 9,000/craft/exchange/quest], Leather x20 [shop 1,800/drop: L18 Crystalline Beast, L18 Tracker Skeleton Leader +127/craft/exchange/quest], Crystal: D-Grade x35 [shop 1,300/exchange], Gemstone D x8 [shop 2,000] || Drop: L30 Apepi, L37 Wasp Leader, L40 Karul Bugbear, L40 Leto Lizardman Overlord, L40 Taik Orc
PIECE	2412	Plate Helmet	D	armor	head	?	0	P.Def 44 M.Def 0	Craft (lvl 4, 100%): Plate Helmet Design x8 [shop 4,962/drop: L33 Corsair Captain Kylon, L35 Chertuba of Great Soul +6], Steel Mold x1 [shop 9,000/craft/exchange/quest], Leather x60 [shop 1,800/drop: L18 Crystalline Beast, L18 Tracker Skeleton Leader +127/craft/exchange/quest], Crystal: D-Grade x45 [shop 1,300/exchange], Gemstone D x10 [shop 2,000] || Drop: L33 Corsair Captain Kylon, L35 Chertuba of Great Soul, L35 Gargoyle Lord Sirocco, L40 Queen Ant, L41 Crokian Lad +3
PIECE	2413	Chain Hood	C	armor	head	?	13	P.Def 47 M.Def 0	Craft (lvl 4, 100%): Chain Hood Pattern x8 [shop 5,450/drop: L38 Lizardmen Leader Hellion, L40 Gwindorr +8], Blacksmith's Frame x1 [shop 128,000/craft/exchange/quest], Crafted Leather x2 [shop 11,400/drop: L36 Cave Ant Larva, L36 Tyrant Kingpin +133/craft/exchange/quest], Crystal: D-Grade x60 [shop 1,300/exchange], Gemstone C x5 [shop 6,000] || Drop: L38 Lizardmen Leader Hellion, L40 Gwindorr, L40 Leto Chief Talkin, L44 Timak Orc Troop Shaman, L45 Dimension Invader Berserker +5
PIECE	2414	Full Plate Helmet	C	armor	head	?	23	P.Def 58 M.Def 0	Exchange (list 508): Manak's Blood Werewolf x1 [?], Gold Wyrm x1 [?], Gold Giant x1 [?] || Craft (lvl 6, 100%): Full Plate Helmet Design x11 [shop 11,564/drop: L47 Necrosentinel Royal Guard, L49 Mirror of Oblivion +7], Blacksmith's Frame x1 [shop 128,000/craft/exchange/quest], Crafted Leather x26 [shop 11,400/drop: L36 Cave Ant Larva, L36 Tyrant Kingpin +133/craft/exchange/quest], Crystal: C-Grade x36 [shop 6,000/exchange], Gemstone C x15 [shop 6,000] || Drop: L47 Necrosentinel Royal Guard, L49 Mirror of Oblivion, L53 Harit Lizardman Warrior, L54 Elder Lost Watcher, L54 Sairon +3
PIECE	2415	Avadon Circlet	B	armor	head	?	30	P.Def 62 M.Def 0	Exchange (list 697): Adena x43,752,000 || Craft (lvl 6, 60%): Recipe: Avadon Circlet (60%) x1 [shop 31,120/drop: L57 Drake, L58 Fallen Orc Shaman], Avadon Circlet Pattern x12 [shop 8,906/drop: L50 Zaken's Chief Mate Tillion, L53 Atraiban +7], Blacksmith's Frame x1 [shop 128,000/craft/exchange/quest], Crafted Leather x20 [shop 11,400/drop: L36 Cave Ant Larva, L36 Tyrant Kingpin +133/craft/exchange/quest], Asofe x2 [shop 12,000/drop: L45 Shackle, L45 Vault Overlord +149/exchange/quest], Crystal: C-Grade x30 [shop 6,000/exchange], Gemstone B x4 [shop 20,000] || Craft (lvl 6, 100%): Recipe: Avadon Circlet x1 [shop 31,120/drop: L54 Marsh Stalker, L55 Purgatory Invader Elite Soldier], Avadon Circlet Pattern x12 [shop 8,906/drop: L50 Zaken's Chief Mate Tillion, L53 Atraiban +7], Maestro Mold x1 [shop 308,000/craft/quest], Crafted Leather x40 [shop 11,400/drop: L36 Cave Ant Larva, L36 Tyrant Kingpin +133/craft/exchange/quest], Asofe x4 [shop 12,000/drop: L45 Shackle, L45 Vault Overlord +149/exchange/quest], Crystal: C-Grade x41 [shop 6,000/exchange], Gemstone B x4 [shop 20,000] || Drop: L50 Zaken's Chief Mate Tillion, L53 Atraiban, L55 Beleth's Seer Sephia, L55 Eva's Spirit Niniel, L56 Malruk Succubus Turen +5
PIECE	2416	Blue Wolf Helmet	B	armor	head	?	36	P.Def 66 M.Def 0	Exchange (list 697): Adena x23,334,000 || Craft (lvl 7, 60%): Recipe: Blue Wolf Helmet (60%) x1 [shop 48,400/drop: L60 Hungered Corpse, L63 Lesser Giant Scout +1], Blue Wolf Helmet Design x13 [shop 10,584/drop: L60 Giant Marpanak, L60 Ice Fairy Sirra +17], Blacksmith's Frame x1 [shop 128,000/craft/exchange/quest], Crafted Leather x40 [shop 11,400/drop: L36 Cave Ant Larva, L36 Tyrant Kingpin +133/craft/exchange/quest], Asofe x4 [shop 12,000/drop: L45 Shackle, L45 Vault Overlord +149/exchange/quest], Crystal: B-Grade x14 [shop 18,000/exchange], Gemstone B x7 [shop 20,000] || Craft (lvl 7, 100%): Recipe: Blue Wolf Helmet x1 [shop 48,400/drop: L58 Luminun], Blue Wolf Helmet Design x13 [shop 10,584/drop: L60 Giant Marpanak, L60 Ice Fairy Sirra +17], Maestro Mold x1 [shop 308,000/craft/quest], Crafted Leather x50 [shop 11,400/drop: L36 Cave Ant Larva, L36 Tyrant Kingpin +133/craft/exchange/quest], Asofe x5 [shop 12,000/drop: L45 Shackle, L45 Vault Overlord +149/exchange/quest], Crystal: B-Grade x39 [shop 18,000/exchange], Gemstone B x7 [shop 20,000] || Drop: L60 Giant Marpanak, L60 Ice Fairy Sirra, L63 Anger of Splendor, L63 Forbidden Path Invader Magus, L63 Lesser Giant Shooter +8
PIECE	2417	Doom Helmet	B	armor	head	?	37	P.Def 66 M.Def 0	Exchange (list 697): Adena x286,712,000 || Craft (lvl 7, 60%): Recipe: Doom Helmet (60%) x1 [shop 48,400/drop: L63 Trives], Doom Helmet Pattern x13 [shop 10,584/drop: L60 Giant Marpanak, L60 Ice Fairy Sirra +17], Blacksmith's Frame x1 [shop 128,000/craft/exchange/quest], Crafted Leather x40 [shop 11,400/drop: L36 Cave Ant Larva, L36 Tyrant Kingpin +133/craft/exchange/quest], Asofe x4 [shop 12,000/drop: L45 Shackle, L45 Vault Overlord +149/exchange/quest], Crystal: B-Grade x14 [shop 18,000/exchange], Gemstone B x7 [shop 20,000] || Craft (lvl 7, 100%): Recipe: Doom Helmet x1 [shop 48,400/drop: L61 Doom Guard, L72 Bloody Liviona], Doom Helmet Pattern x13 [shop 10,584/drop: L60 Giant Marpanak, L60 Ice Fairy Sirra +17], Maestro Mold x1 [shop 308,000/craft/quest], Crafted Leather x50 [shop 11,400/drop: L36 Cave Ant Larva, L36 Tyrant Kingpin +133/craft/exchange/quest], Asofe x5 [shop 12,000/drop: L45 Shackle, L45 Vault Overlord +149/exchange/quest], Crystal: B-Grade x39 [shop 18,000/exchange], Gemstone B x7 [shop 20,000] || Drop: L60 Giant Marpanak, L60 Ice Fairy Sirra, L63 Anger of Splendor, L63 Forbidden Path Invader Magus, L63 Lesser Giant Shooter +8
PIECE	2418	Helm of Nightmare	A	armor	head	?	50	P.Def 73 M.Def 0	Exchange at mammblack 2b: Sealed Helm of Nightmare x1 [drop: L70 Flame of Splendor Barakiel, L70 Korim +18/craft], Ancient Adena x198,000
PIECE	2419	Majestic Circlet	A	armor	head	?	51	P.Def 73 M.Def 0	Exchange at mammblack 2b: Sealed Majestic Circlet x1 [drop: L70 Flame of Splendor Barakiel, L70 Korim +19/craft], Ancient Adena x198,000
PIECE	2422	Reinforced Leather Boots	D	armor	feet	?	4	P.Def 24 M.Def 0	Drop: L25 Soul Scavenger, L28 Partisan Leader Talakin, L33 Ant Recruit, L33 Treasure Chest, L34 Puncher +3
PIECE	2423	Boots of Knowledge	D	armor	feet	?	0	P.Def 24 M.Def 0	Drop: L25 Soul Scavenger, L28 Partisan Leader Talakin, L33 Ant Recruit, L33 Treasure Chest, L34 Puncher +3
PIECE	2424	Manticore Skin Boots	D	armor	feet	?	6	P.Def 27 M.Def 0	Craft (lvl 3, 100%): Manticore Skin Boot Lining x7 [shop 2,960/drop: L30 Ragraman, L37 Leto Lizardman Soldier +5], Leather x24 [shop 1,800/drop: L18 Crystalline Beast, L18 Tracker Skeleton Leader +127/craft/exchange/quest], High Grade Suede x3 [shop 4,800/drop: L27 Grave Robber Lookout, L27 Ol Mahum Raider +105/craft/exchange/quest], Crystal: D-Grade x24 [shop 1,300/exchange], Gemstone D x5 [shop 2,000] || Drop: L30 Ragraman, L37 Leto Lizardman Soldier, L37 Tasaba Lizardman Shaman, L39 Treasure Chest, L40 Dimension Invader Priest +1
PIECE	2425	Brigandine Boots	D	armor	feet	?	0	P.Def 27 M.Def 0	Craft (lvl 3, 100%): Brigandine Boots Design x7 [shop 2,960/drop: L30 Ragraman, L37 Leto Lizardman Soldier +5], Leather x24 [shop 1,800/drop: L18 Crystalline Beast, L18 Tracker Skeleton Leader +127/craft/exchange/quest], High Grade Suede x3 [shop 4,800/drop: L27 Grave Robber Lookout, L27 Ol Mahum Raider +105/craft/exchange/quest], Crystal: D-Grade x24 [shop 1,300/exchange], Gemstone D x5 [shop 2,000] || Drop: L30 Ragraman, L37 Leto Lizardman Soldier, L37 Tasaba Lizardman Shaman, L39 Treasure Chest, L40 Dimension Invader Priest +1
PIECE	2426	Elven Mithril Boots	D	armor	feet	?	0	P.Def 27 M.Def 0	Craft (lvl 3, 100%): Elven Mithril Boots Design x7 [shop 2,960/drop: L30 Ragraman, L37 Leto Lizardman Soldier +5], Leather x24 [shop 1,800/drop: L18 Crystalline Beast, L18 Tracker Skeleton Leader +127/craft/exchange/quest], High Grade Suede x3 [shop 4,800/drop: L27 Grave Robber Lookout, L27 Ol Mahum Raider +105/craft/exchange/quest], Crystal: D-Grade x24 [shop 1,300/exchange], Gemstone D x5 [shop 2,000] || Drop: L30 Ragraman, L37 Leto Lizardman Soldier, L37 Tasaba Lizardman Shaman, L39 Treasure Chest, L40 Dimension Invader Priest +1
PIECE	2427	Salamander Skin Boots	D	armor	feet	?	0	P.Def 29 M.Def 0	Craft (lvl 4, 100%): Salamander Skin Boot Lining x8 [shop 3,584/drop: L33 Nurka's Messenger, L35 Remmel +10], Leather x32 [shop 1,800/drop: L18 Crystalline Beast, L18 Tracker Skeleton Leader +127/craft/exchange/quest], High Grade Suede x4 [shop 4,800/drop: L27 Grave Robber Lookout, L27 Ol Mahum Raider +105/craft/exchange/quest], Crystal: D-Grade x30 [shop 1,300/exchange], Gemstone D x6 [shop 2,000] || Drop: L33 Nurka's Messenger, L35 Remmel, L35 Soul Collector Acheron, L36 Evil Spirit Tempest, L41 Taik Orc Archer +6
PIECE	2428	Plate Boots	D	armor	feet	?	0	P.Def 29 M.Def 0	Craft (lvl 4, 100%): Plate Boots Design x8 [shop 3,584/drop: L33 Nurka's Messenger, L35 Remmel +10], Leather x32 [shop 1,800/drop: L18 Crystalline Beast, L18 Tracker Skeleton Leader +127/craft/exchange/quest], High Grade Suede x4 [shop 4,800/drop: L27 Grave Robber Lookout, L27 Ol Mahum Raider +105/craft/exchange/quest], Crystal: D-Grade x30 [shop 1,300/exchange], Gemstone D x6 [shop 2,000] || Drop: L33 Nurka's Messenger, L35 Remmel, L35 Soul Collector Acheron, L36 Evil Spirit Tempest, L41 Taik Orc Archer +6
PIECE	2429	Chain Boots	C	armor	feet	?	0	P.Def 32 M.Def 0	Exchange at Alexandria: Crystal: C-Grade x32 [shop 6,000/exchange], Crystal: D-Grade x160 [shop 1,300/exchange] || Craft (lvl 4, 100%): Chain Boots Part x8 [shop 4,450/drop: L39 Nellis' Vengeful Spirit, L40 Icarus Sample 1 +7], Crafted Leather x8 [shop 11,400/drop: L36 Cave Ant Larva, L36 Tyrant Kingpin +133/craft/exchange/quest], High Grade Suede x1 [shop 4,800/drop: L27 Grave Robber Lookout, L27 Ol Mahum Raider +105/craft/exchange/quest], Crystal: D-Grade x40 [shop 1,300/exchange], Gemstone C x3 [shop 6,000] || Drop: L39 Nellis' Vengeful Spirit, L40 Icarus Sample 1, L40 Water Spirit Lian, L44 Krator, L44 Snipe +4
PIECE	2430	Karmian Boots	C	armor	feet	?	0	P.Def 32 M.Def 0	Craft (lvl 4, 100%): Karmian Boots Fabric x8 [shop 4,450/drop: L39 Nellis' Vengeful Spirit, L40 Icarus Sample 1 +7], Crafted Leather x8 [shop 11,400/drop: L36 Cave Ant Larva, L36 Tyrant Kingpin +133/craft/exchange/quest], High Grade Suede x1 [shop 4,800/drop: L27 Grave Robber Lookout, L27 Ol Mahum Raider +105/craft/exchange/quest], Crystal: D-Grade x40 [shop 1,300/exchange], Gemstone C x3 [shop 6,000] || Drop: L39 Nellis' Vengeful Spirit, L40 Icarus Sample 1, L40 Water Spirit Lian, L44 Krator, L44 Snipe +4
PIECE	2431	Plated Leather Boots	C	armor	feet	?	15	P.Def 32 M.Def 0	Craft (lvl 4, 100%): Plate Leather Boot Lining x8 [shop 4,450/drop: L39 Nellis' Vengeful Spirit, L40 Icarus Sample 1 +7], Crafted Leather x8 [shop 11,400/drop: L36 Cave Ant Larva, L36 Tyrant Kingpin +133/craft/exchange/quest], High Grade Suede x1 [shop 4,800/drop: L27 Grave Robber Lookout, L27 Ol Mahum Raider +105/craft/exchange/quest], Crystal: D-Grade x40 [shop 1,300/exchange], Gemstone C x3 [shop 6,000] || Drop: L39 Nellis' Vengeful Spirit, L40 Icarus Sample 1, L40 Water Spirit Lian, L44 Krator, L44 Snipe +4
PIECE	2432	Dwarven Chain Boots	C	armor	feet	?	0	P.Def 32 M.Def 0	Craft (lvl 4, 100%): Dwarven Chain Boots Part x8 [shop 4,450/drop: L39 Nellis' Vengeful Spirit, L40 Icarus Sample 1 +8], Crafted Leather x8 [shop 11,400/drop: L36 Cave Ant Larva, L36 Tyrant Kingpin +133/craft/exchange/quest], High Grade Suede x1 [shop 4,800/drop: L27 Grave Robber Lookout, L27 Ol Mahum Raider +105/craft/exchange/quest], Crystal: D-Grade x40 [shop 1,300/exchange], Gemstone C x3 [shop 6,000] || Drop: L39 Nellis' Vengeful Spirit, L40 Icarus Sample 1, L40 Water Spirit Lian, L44 Krator, L44 Snipe +4
PIECE	2433	Boots of Seal	C	armor	feet	?	0	P.Def 32 M.Def 0	Craft (lvl 4, 100%): Boots of Seal Pattern x8 [shop 4,450/drop: L39 Nellis' Vengeful Spirit, L40 Icarus Sample 1 +7], Crafted Leather x8 [shop 11,400/drop: L36 Cave Ant Larva, L36 Tyrant Kingpin +133/craft/exchange/quest], High Grade Suede x1 [shop 4,800/drop: L27 Grave Robber Lookout, L27 Ol Mahum Raider +105/craft/exchange/quest], Crystal: D-Grade x40 [shop 1,300/exchange], Gemstone C x3 [shop 6,000] || Drop: L39 Nellis' Vengeful Spirit, L40 Icarus Sample 1, L40 Water Spirit Lian, L44 Krator, L44 Snipe +4
PIECE	2434	Rind Leather Boots	C	armor	feet	?	0	P.Def 34 M.Def 0	Craft (lvl 5, 100%): Rind Leather Boot Lining x9 [shop 4,756/drop: L47 Dicor, L47 Forest of Mirrors Ghost +4], Crafted Leather x10 [shop 11,400/drop: L36 Cave Ant Larva, L36 Tyrant Kingpin +133/craft/exchange/quest], High Grade Suede x1 [shop 4,800/drop: L27 Grave Robber Lookout, L27 Ol Mahum Raider +105/craft/exchange/quest], Crystal: C-Grade x12 [shop 6,000/exchange], Gemstone C x4 [shop 6,000] || Drop: L47 Dicor, L47 Forest of Mirrors Ghost, L47 Ossiud, L47 Spelunking Spider, L48 Horrifying Cannon Golem IV +1
PIECE	2435	Demon's Boots	C	armor	feet	?	0	P.Def 36 M.Def 0	Exchange (list 508): Manak's Gold Giant x1 [?] || Craft (lvl 5, 100%): Demon's Boots Fabric x10 [shop 6,800/quest], Crafted Leather x16 [shop 11,400/drop: L36 Cave Ant Larva, L36 Tyrant Kingpin +133/craft/exchange/quest], High Grade Suede x2 [shop 4,800/drop: L27 Grave Robber Lookout, L27 Ol Mahum Raider +105/craft/exchange/quest], Crystal: C-Grade x16 [shop 6,000/exchange], Gemstone C x6 [shop 6,000] || Drop: L50 Core || Quest: TheWishingPotion
PIECE	2436	Theca Leather Boots	C	armor	feet	?	21	P.Def 37 M.Def 0	Craft (lvl 5, 100%): Theca Leather Boots Texture x10 [shop 6,320/drop: L47 Barion, L49 Karte +4], Crafted Leather x18 [shop 11,400/drop: L36 Cave Ant Larva, L36 Tyrant Kingpin +133/craft/exchange/quest], High Grade Suede x2 [shop 4,800/drop: L27 Grave Robber Lookout, L27 Ol Mahum Raider +105/craft/exchange/quest], Crystal: C-Grade x20 [shop 6,000/exchange], Gemstone C x7 [shop 6,000] || Drop: L47 Barion, L49 Karte, L54 Vale Master, L55 Purgatory Invader Elite Soldier, L55 Unicorn Elder
PIECE	2437	Drake Leather Boots	C	armor	feet	?	22	P.Def 39 M.Def 0	Exchange (list 301660373): Abyss Oil x8 [?] || Craft (lvl 6, 100%): Drake Leather Boots Design x11 [shop 7,346/drop: L47 Barion, L49 Karte +7], Crafted Leather x24 [shop 11,400/drop: L36 Cave Ant Larva, L36 Tyrant Kingpin +133/craft/exchange/quest], High Grade Suede x3 [shop 4,800/drop: L27 Grave Robber Lookout, L27 Ol Mahum Raider +105/craft/exchange/quest], Crystal: C-Grade x24 [shop 6,000/exchange], Gemstone C x10 [shop 6,000] || Drop: L47 Barion, L49 Karte, L53 Lost Watcher, L54 Vale Master, L55 Purgatory Invader Elite Soldier +1 || Quest: 1000YearsTheEndOfLamentation, WarehouseKeepersPastime
PIECE	2438	Full Plate Boots	C	armor	feet	?	0	P.Def 39 M.Def 0	Craft (lvl 6, 100%): Full Plate Boots Part x11 [shop 7,346/drop: L47 Barion, L49 Karte +7], Crafted Leather x24 [shop 11,400/drop: L36 Cave Ant Larva, L36 Tyrant Kingpin +133/craft/exchange/quest], High Grade Suede x3 [shop 4,800/drop: L27 Grave Robber Lookout, L27 Ol Mahum Raider +105/craft/exchange/quest], Crystal: C-Grade x24 [shop 6,000/exchange], Gemstone C x10 [shop 6,000] || Drop: L47 Barion, L49 Karte, L54 Vale Master, L55 Purgatory Invader Elite Soldier, L55 Unicorn Elder
PIECE	2439	Sealed Blue Wolf Boots	B	armor	feet	?	0	P.Def 44 M.Def 0	Exchange (list 301660373): Nightmare Oil x4 [?] || Exchange at Byron, Duning, Feynn, Helton, Hilda, Kluto, Morning, Pinter, Poitan, Pushkin, Rupio, Siger, Vincenz, Wilbert: Blue Wolf Boots - Heavy Armor x1 [exchange] || Exchange at Byron, Duning, Feynn, Helton, Hilda, Kluto, Morning, Pinter, Poitan, Pushkin, Rupio, Siger, Vincenz, Wilbert: Blue Wolf Boots - Light Armor x1 [exchange] || Craft (lvl 7, 60%): Recipe: Blue Wolf Boots (60%) x1 [shop 32,160/drop: L56 Doom Scout/exchange], Blue Wolf Boots Design x13 [shop 8,910/drop: L60 The 3rd Underwater Guardian, L62 Blader of Despair +13], Crafted Leather x32 [shop 11,400/drop: L36 Cave Ant Larva, L36 Tyrant Kingpin +133/craft/exchange/quest], High Grade Suede x4 [shop 4,800/drop: L27 Grave Robber Lookout, L27 Ol Mahum Raider +105/craft/exchange/quest], Asofe x4 [shop 12,000/drop: L45 Shackle, L45 Vault Overlord +149/exchange/quest], Crystal: B-Grade x8 [shop 18,000/exchange], Gemstone B x4 [shop 20,000] || Craft (lvl 7, 100%): Recipe: Blue Wolf Boots x1 [shop 32,160/drop: L58 Dismal Pole, L58 Fallen Orc Shaman +4], Blue Wolf Boots Design x13 [shop 8,910/drop: L60 The 3rd Underwater Guardian, L62 Blader of Despair +13], Maestro Anvil Lock x1 [shop 180,800/craft/quest], Crafted Leather x48 [shop 11,400/drop: L36 Cave Ant Larva, L36 Tyrant Kingpin +133/craft/exchange/quest], High Grade Suede x6 [shop 4,800/drop: L27 Grave Robber Lookout, L27 Ol Mahum Raider +105/craft/exchange/quest], Asofe x6 [shop 12,000/drop: L45 Shackle, L45 Vault Overlord +149/exchange/quest], Crystal: B-Grade x15 [shop 18,000/exchange], Gemstone B x4 [shop 20,000] || Drop: L60 The 3rd Underwater Guardian, L62 Blader of Despair, L62 Doom Archer, L63 Slaughter Bathin, L63 Treasure Chest +9
PIECE	2446	Reinforced Leather Gloves	D	armor	gloves	?	0	P.Def 24 M.Def 0	Drop: L25 Soul Scavenger, L28 Partisan Leader Talakin, L33 Ant Recruit, L33 Treasure Chest, L34 Puncher +3
PIECE	2447	Gloves of Knowledge	D	armor	gloves	?	5	P.Def 24 M.Def 0	Drop: L25 Soul Scavenger, L28 Partisan Leader Talakin, L33 Ant Recruit, L33 Treasure Chest, L34 Puncher +4
PIECE	2448	Manticore Skin Gloves	D	armor	gloves	?	0	P.Def 27 M.Def 0	Craft (lvl 3, 100%): Manticore Skin Gloves Lining x7 [shop 2,960/drop: L30 Ragraman, L37 Leto Lizardman Soldier +5], Leather x24 [shop 1,800/drop: L18 Crystalline Beast, L18 Tracker Skeleton Leader +127/craft/exchange/quest], High Grade Suede x3 [shop 4,800/drop: L27 Grave Robber Lookout, L27 Ol Mahum Raider +105/craft/exchange/quest], Crystal: D-Grade x24 [shop 1,300/exchange], Gemstone D x5 [shop 2,000] || Drop: L30 Ragraman, L37 Leto Lizardman Soldier, L37 Tasaba Lizardman Shaman, L39 Treasure Chest, L40 Dimension Invader Priest +1
PIECE	2449	Brigandine Gauntlets	D	armor	gloves	?	0	P.Def 27 M.Def 0	Craft (lvl 3, 100%): Brigandine Gauntlets Pattern x7 [shop 2,960/drop: L30 Ragraman, L37 Leto Lizardman Soldier +5/quest], Leather x24 [shop 1,800/drop: L18 Crystalline Beast, L18 Tracker Skeleton Leader +127/craft/exchange/quest], High Grade Suede x3 [shop 4,800/drop: L27 Grave Robber Lookout, L27 Ol Mahum Raider +105/craft/exchange/quest], Crystal: D-Grade x24 [shop 1,300/exchange], Gemstone D x5 [shop 2,000] || Drop: L30 Ragraman, L37 Leto Lizardman Soldier, L37 Tasaba Lizardman Shaman, L39 Treasure Chest, L40 Dimension Invader Priest +1
PIECE	2450	Mithril Gloves	D	armor	gloves	?	8	P.Def 27 M.Def 0	Craft (lvl 3, 100%): Elven Mithril Gloves Design x7 [shop 2,960/drop: L30 Ragraman, L37 Leto Lizardman Soldier +5], Leather x24 [shop 1,800/drop: L18 Crystalline Beast, L18 Tracker Skeleton Leader +127/craft/exchange/quest], High Grade Suede x3 [shop 4,800/drop: L27 Grave Robber Lookout, L27 Ol Mahum Raider +105/craft/exchange/quest], Crystal: D-Grade x24 [shop 1,300/exchange], Gemstone D x5 [shop 2,000] || Drop: L30 Ragraman, L37 Leto Lizardman Soldier, L37 Tasaba Lizardman Shaman, L39 Treasure Chest, L40 Dimension Invader Priest +1 || Quest: TreasureHunt
PIECE	2451	Sage's Worn Gloves	D	armor	gloves	?	0	P.Def 29 M.Def 0	Craft (lvl 4, 100%): Sage's Worn Gloves Lining x8 [shop 3,584/drop: L33 Nurka's Messenger, L35 Remmel +9], Leather x32 [shop 1,800/drop: L18 Crystalline Beast, L18 Tracker Skeleton Leader +127/craft/exchange/quest], High Grade Suede x4 [shop 4,800/drop: L27 Grave Robber Lookout, L27 Ol Mahum Raider +105/craft/exchange/quest], Crystal: D-Grade x30 [shop 1,300/exchange], Gemstone D x6 [shop 2,000] || Drop: L33 Nurka's Messenger, L35 Remmel, L35 Soul Collector Acheron, L36 Evil Spirit Tempest, L41 Taik Orc Archer +6 || Quest: TreasureHunt
PIECE	2452	Reinforced Mithril Gloves	C	armor	gloves	?	0	P.Def 32 M.Def 0	Exchange at Alexandria: Crystal: C-Grade x32 [shop 6,000/exchange], Crystal: D-Grade x160 [shop 1,300/exchange] || Craft (lvl 4, 100%): Reinforced Mithril Gloves Design x8 [shop 4,450/drop: L39 Nellis' Vengeful Spirit, L40 Icarus Sample 1 +7], Crafted Leather x8 [shop 11,400/drop: L36 Cave Ant Larva, L36 Tyrant Kingpin +133/craft/exchange/quest], High Grade Suede x1 [shop 4,800/drop: L27 Grave Robber Lookout, L27 Ol Mahum Raider +105/craft/exchange/quest], Crystal: D-Grade x40 [shop 1,300/exchange], Gemstone C x3 [shop 6,000] || Drop: L39 Nellis' Vengeful Spirit, L40 Icarus Sample 1, L40 Water Spirit Lian, L44 Krator, L44 Snipe +4
PIECE	2453	Chain Gloves	C	armor	gloves	?	0	P.Def 32 M.Def 0	Craft (lvl 4, 100%): Chain Gloves Design x8 [shop 4,450/drop: L39 Nellis' Vengeful Spirit, L40 Icarus Sample 1 +7], Crafted Leather x8 [shop 11,400/drop: L36 Cave Ant Larva, L36 Tyrant Kingpin +133/craft/exchange/quest], High Grade Suede x1 [shop 4,800/drop: L27 Grave Robber Lookout, L27 Ol Mahum Raider +105/craft/exchange/quest], Crystal: D-Grade x40 [shop 1,300/exchange], Gemstone C x3 [shop 6,000] || Drop: L39 Nellis' Vengeful Spirit, L40 Icarus Sample 1, L40 Water Spirit Lian, L44 Krator, L44 Snipe +4
PIECE	2454	Karmian Gloves	C	armor	gloves	?	14	P.Def 32 M.Def 0	Craft (lvl 4, 100%): Karmian Gloves Fabric x8 [shop 4,450/drop: L39 Nellis' Vengeful Spirit, L40 Icarus Sample 1 +8], Crafted Leather x8 [shop 11,400/drop: L36 Cave Ant Larva, L36 Tyrant Kingpin +133/craft/exchange/quest], High Grade Suede x1 [shop 4,800/drop: L27 Grave Robber Lookout, L27 Ol Mahum Raider +105/craft/exchange/quest], Crystal: D-Grade x40 [shop 1,300/exchange], Gemstone C x3 [shop 6,000] || Drop: L39 Nellis' Vengeful Spirit, L40 Icarus Sample 1, L40 Water Spirit Lian, L44 Krator, L44 Snipe +4
PIECE	2455	Plated Leather Gloves	C	armor	gloves	?	0	P.Def 33 M.Def 0	Craft (lvl 5, 100%): Plate Leather Gloves Design x9 [shop 7,156/drop: L47 Dicor, L47 Forest of Mirrors Ghost +7], Crafted Leather x8 [shop 11,400/drop: L36 Cave Ant Larva, L36 Tyrant Kingpin +133/craft/exchange/quest], High Grade Suede x1 [shop 4,800/drop: L27 Grave Robber Lookout, L27 Ol Mahum Raider +105/craft/exchange/quest], Crystal: C-Grade x10 [shop 6,000/exchange], Gemstone C x3 [shop 6,000] || Drop: L47 Dicor, L47 Forest of Mirrors Ghost, L47 Ossiud, L47 Spelunking Spider, L48 Perum || Quest: ChestCaughtWithABaitOfEarth
PIECE	2456	Dwarven Chain Gloves	C	armor	gloves	?	0	P.Def 34 M.Def 0	Craft (lvl 5, 100%): Dwarven Chain Gloves Design x9 [shop 4,756/drop: L47 Dicor, L47 Forest of Mirrors Ghost +4], Crafted Leather x10 [shop 11,400/drop: L36 Cave Ant Larva, L36 Tyrant Kingpin +133/craft/exchange/quest], High Grade Suede x1 [shop 4,800/drop: L27 Grave Robber Lookout, L27 Ol Mahum Raider +105/craft/exchange/quest], Crystal: C-Grade x12 [shop 6,000/exchange], Gemstone C x4 [shop 6,000] || Drop: L47 Dicor, L47 Forest of Mirrors Ghost, L47 Ossiud, L47 Spelunking Spider, L48 Horrifying Cannon Golem IV +1
PIECE	2457	Gloves of Seal	C	armor	gloves	?	0	P.Def 34 M.Def 0	Craft (lvl 5, 100%): Gloves of Seal Pattern x9 [shop 4,756/drop: L47 Dicor, L47 Forest of Mirrors Ghost +5], Crafted Leather x10 [shop 11,400/drop: L36 Cave Ant Larva, L36 Tyrant Kingpin +133/craft/exchange/quest], High Grade Suede x1 [shop 4,800/drop: L27 Grave Robber Lookout, L27 Ol Mahum Raider +105/craft/exchange/quest], Crystal: C-Grade x12 [shop 6,000/exchange], Gemstone C x4 [shop 6,000] || Drop: L47 Dicor, L47 Forest of Mirrors Ghost, L47 Ossiud, L47 Spelunking Spider, L48 Horrifying Cannon Golem IV +1
PIECE	2458	Rind Leather Gloves	C	armor	gloves	?	0	P.Def 34 M.Def 0	Craft (lvl 5, 100%): Rind Leather Gloves Design x9 [shop 4,756/drop: L47 Dicor, L47 Forest of Mirrors Ghost +5], Crafted Leather x10 [shop 11,400/drop: L36 Cave Ant Larva, L36 Tyrant Kingpin +133/craft/exchange/quest], High Grade Suede x1 [shop 4,800/drop: L27 Grave Robber Lookout, L27 Ol Mahum Raider +105/craft/exchange/quest], Crystal: C-Grade x12 [shop 6,000/exchange], Gemstone C x4 [shop 6,000] || Drop: L47 Dicor, L47 Forest of Mirrors Ghost, L47 Ossiud, L47 Spelunking Spider, L48 Horrifying Cannon Golem IV +1
PIECE	2459	Demon's Gloves	C	armor	gloves	?	20	P.Def 36 M.Def 0	Exchange (list 508): Manak's Gold Giant x1 [?] || Craft (lvl 5, 100%): Demon's Gloves Fabric x10 [shop 6,800/quest], Crafted Leather x16 [shop 11,400/drop: L36 Cave Ant Larva, L36 Tyrant Kingpin +133/craft/exchange/quest], High Grade Suede x2 [shop 4,800/drop: L27 Grave Robber Lookout, L27 Ol Mahum Raider +105/craft/exchange/quest], Crystal: C-Grade x16 [shop 6,000/exchange], Gemstone C x6 [shop 6,000] || Drop: L50 Core || Quest: TheWishingPotion
PIECE	2460	Theca Leather Gloves	C	armor	gloves	?	0	P.Def 37 M.Def 0	Craft (lvl 5, 100%): Theca Leather Gloves Texture x10 [shop 6,320/drop: L47 Barion, L49 Karte +6], Crafted Leather x18 [shop 11,400/drop: L36 Cave Ant Larva, L36 Tyrant Kingpin +133/craft/exchange/quest], High Grade Suede x2 [shop 4,800/drop: L27 Grave Robber Lookout, L27 Ol Mahum Raider +105/craft/exchange/quest], Crystal: C-Grade x20 [shop 6,000/exchange], Gemstone C x7 [shop 6,000] || Drop: L47 Barion, L49 Karte, L54 Vale Master, L55 Purgatory Invader Elite Soldier, L55 Unicorn Elder
PIECE	2461	Drake Leather Gloves	C	armor	gloves	?	0	P.Def 39 M.Def 0	Craft (lvl 6, 100%): Drake Leather Gloves Design x11 [shop 7,346/drop: L47 Barion, L49 Karte +5], Crafted Leather x24 [shop 11,400/drop: L36 Cave Ant Larva, L36 Tyrant Kingpin +133/craft/exchange/quest], High Grade Suede x3 [shop 4,800/drop: L27 Grave Robber Lookout, L27 Ol Mahum Raider +105/craft/exchange/quest], Crystal: C-Grade x24 [shop 6,000/exchange], Gemstone C x10 [shop 6,000] || Drop: L47 Barion, L49 Karte, L54 Vale Master, L55 Purgatory Invader Elite Soldier, L55 Unicorn Elder
PIECE	2462	Full Plate Gauntlets	C	armor	gloves	?	0	P.Def 39 M.Def 0	Craft (lvl 6, 100%): Full Plate Gauntlets Part x11 [shop 7,346/drop: L47 Barion, L49 Karte +6], Crafted Leather x24 [shop 11,400/drop: L36 Cave Ant Larva, L36 Tyrant Kingpin +133/craft/exchange/quest], High Grade Suede x3 [shop 4,800/drop: L27 Grave Robber Lookout, L27 Ol Mahum Raider +105/craft/exchange/quest], Crystal: C-Grade x24 [shop 6,000/exchange], Gemstone C x10 [shop 6,000] || Drop: L47 Barion, L49 Karte, L53 Lost Watcher, L54 Vale Master, L55 Purgatory Invader Elite Soldier +1
PIECE	2463	Divine Gloves	C	armor	gloves	?	24	P.Def 39 M.Def 0	Craft (lvl 6, 100%): Divine Gloves Pattern x11 [shop 7,346/drop: L47 Barion, L49 Karte +6], Crafted Leather x24 [shop 11,400/drop: L36 Cave Ant Larva, L36 Tyrant Kingpin +133/craft/exchange/quest], High Grade Suede x3 [shop 4,800/drop: L27 Grave Robber Lookout, L27 Ol Mahum Raider +105/craft/exchange/quest], Crystal: C-Grade x24 [shop 6,000/exchange], Gemstone C x10 [shop 6,000] || Drop: L47 Barion, L49 Karte, L53 Lost Watcher, L54 Vale Master, L55 Purgatory Invader Elite Soldier +1 || Quest: WarehouseKeepersPastime
PIECE	2464	Sealed Avadon Gloves	B	armor	gloves	?	0	P.Def 41 M.Def 0	Exchange (list 301660373): Hellfire Oil x1 [?] || Exchange at Byron, Duning, Feynn, Helton, Hilda, Kluto, Morning, Pinter, Poitan, Pushkin, Rupio, Siger, Vincenz, Wilbert: Avadon Gloves - Heavy Armor x1 [exchange] || Exchange at Byron, Duning, Feynn, Helton, Hilda, Kluto, Morning, Pinter, Poitan, Pushkin, Rupio, Siger, Vincenz, Wilbert: Avadon Gloves - Light Armor x1 [exchange] || Craft (lvl 6, 60%): Recipe: Avadon Gloves (60%) x1 [shop 20,760/drop: L64 Barif, L70 Dark Guard/exchange], Avadon Gloves Part x12 [shop 7,686/drop: L50 Lilith's Witch Marilion, L52 Fafurion's Envoy Pingolpin +8], Crafted Leather x16 [shop 11,400/drop: L36 Cave Ant Larva, L36 Tyrant Kingpin +133/craft/exchange/quest], High Grade Suede x2 [shop 4,800/drop: L27 Grave Robber Lookout, L27 Ol Mahum Raider +105/craft/exchange/quest], Asofe x2 [shop 12,000/drop: L45 Shackle, L45 Vault Overlord +149/exchange/quest], Crystal: C-Grade x25 [shop 6,000/exchange], Gemstone B x2 [shop 20,000] || Craft (lvl 6, 100%): Recipe: Avadon Gloves x1 [shop 20,760/drop: L64 Falibati, L79 Giant's Shadow], Avadon Gloves Part x12 [shop 7,686/drop: L50 Lilith's Witch Marilion, L52 Fafurion's Envoy Pingolpin +8], Maestro Anvil Lock x1 [shop 180,800/craft/quest], Crafted Leather x24 [shop 11,400/drop: L36 Cave Ant Larva, L36 Tyrant Kingpin +133/craft/exchange/quest], High Grade Suede x3 [shop 4,800/drop: L27 Grave Robber Lookout, L27 Ol Mahum Raider +105/craft/exchange/quest], Asofe x3 [shop 12,000/drop: L45 Shackle, L45 Vault Overlord +149/exchange/quest], Crystal: C-Grade x33 [shop 6,000/exchange], Gemstone B x2 [shop 20,000] || Drop: L50 Lilith's Witch Marilion, L52 Fafurion's Envoy Pingolpin, L55 Bandit Leader Barda, L55 Sorcerer Isirr, L56 Yintzu +6
PIECE	2465	Chain Gloves of Silence	B	armor	gloves	?	0	P.Def 41 M.Def 0	Craft (lvl 6, 60%): Recipe: Chain Gloves of Silence (60%) x1 [?], Chain Gloves of Silence Design x12 [?], Crafted Leather x16 [shop 11,400/drop: L36 Cave Ant Larva, L36 Tyrant Kingpin +133/craft/exchange/quest], High Grade Suede x2 [shop 4,800/drop: L27 Grave Robber Lookout, L27 Ol Mahum Raider +105/craft/exchange/quest], Asofe x2 [shop 12,000/drop: L45 Shackle, L45 Vault Overlord +149/exchange/quest], Crystal: C-Grade x25 [shop 6,000/exchange], Gemstone B x2 [shop 20,000] || Craft (lvl 6, 100%): Recipe: Chain Gloves of Silence x1 [?], Chain Gloves of Silence Design x12 [?], Maestro Anvil Lock x1 [shop 180,800/craft/quest], Crafted Leather x32 [shop 11,400/drop: L36 Cave Ant Larva, L36 Tyrant Kingpin +133/craft/exchange/quest], High Grade Suede x4 [shop 4,800/drop: L27 Grave Robber Lookout, L27 Ol Mahum Raider +105/craft/exchange/quest], Asofe x4 [shop 12,000/drop: L45 Shackle, L45 Vault Overlord +149/exchange/quest], Crystal: C-Grade x15 [shop 6,000/exchange], Gemstone B x2 [shop 20,000]
PIECE	2466	Guardian's Gloves	B	armor	gloves	?	0	P.Def 41 M.Def 0	Craft (lvl 6, 60%): Recipe: Guardian's Gloves (60%) x1 [?], Guardian's Gloves Design x12 [?], Crafted Leather x16 [shop 11,400/drop: L36 Cave Ant Larva, L36 Tyrant Kingpin +133/craft/exchange/quest], High Grade Suede x2 [shop 4,800/drop: L27 Grave Robber Lookout, L27 Ol Mahum Raider +105/craft/exchange/quest], Asofe x2 [shop 12,000/drop: L45 Shackle, L45 Vault Overlord +149/exchange/quest], Crystal: C-Grade x25 [shop 6,000/exchange], Gemstone B x2 [shop 20,000] || Craft (lvl 6, 100%): Recipe: Guardian's Gloves x1 [?], Guardian's Gloves Design x12 [?], Maestro Anvil Lock x1 [shop 180,800/craft/quest], Crafted Leather x32 [shop 11,400/drop: L36 Cave Ant Larva, L36 Tyrant Kingpin +133/craft/exchange/quest], High Grade Suede x4 [shop 4,800/drop: L27 Grave Robber Lookout, L27 Ol Mahum Raider +105/craft/exchange/quest], Asofe x4 [shop 12,000/drop: L45 Shackle, L45 Vault Overlord +149/exchange/quest], Crystal: C-Grade x15 [shop 6,000/exchange], Gemstone B x2 [shop 20,000]
PIECE	2467	Gloves of Blessing	B	armor	gloves	?	0	P.Def 41 M.Def 0	Craft (lvl 6, 60%): Recipe: Gloves of Blessing (60%) x1 [?], Gloves of Blessing Pattern x12 [?], Crafted Leather x16 [shop 11,400/drop: L36 Cave Ant Larva, L36 Tyrant Kingpin +133/craft/exchange/quest], High Grade Suede x2 [shop 4,800/drop: L27 Grave Robber Lookout, L27 Ol Mahum Raider +105/craft/exchange/quest], Asofe x2 [shop 12,000/drop: L45 Shackle, L45 Vault Overlord +149/exchange/quest], Crystal: C-Grade x25 [shop 6,000/exchange], Gemstone B x2 [shop 20,000] || Craft (lvl 6, 100%): Recipe: Gloves of Blessing x1 [?], Gloves of Blessing Pattern x12 [?], Maestro Anvil Lock x1 [shop 180,800/craft/quest], Crafted Leather x32 [shop 11,400/drop: L36 Cave Ant Larva, L36 Tyrant Kingpin +133/craft/exchange/quest], High Grade Suede x4 [shop 4,800/drop: L27 Grave Robber Lookout, L27 Ol Mahum Raider +105/craft/exchange/quest], Asofe x4 [shop 12,000/drop: L45 Shackle, L45 Vault Overlord +149/exchange/quest], Crystal: C-Grade x15 [shop 6,000/exchange], Gemstone B x2 [shop 20,000]
PIECE	2468	Blessed Gloves	C	armor	gloves	?	0	P.Def 39 M.Def 0	Craft (lvl 6, 100%): Blessed Gloves Design x11 [?], Crafted Leather x24 [shop 11,400/drop: L36 Cave Ant Larva, L36 Tyrant Kingpin +133/craft/exchange/quest], High Grade Suede x3 [shop 4,800/drop: L27 Grave Robber Lookout, L27 Ol Mahum Raider +105/craft/exchange/quest], Crystal: C-Grade x24 [shop 6,000/exchange], Gemstone C x10 [shop 6,000]
PIECE	2475	Sealed Doom Gloves	B	armor	gloves	?	0	P.Def 44 M.Def 0	Exchange (list 301660373): Nightmare Oil x4 [?] || Exchange at Byron, Duning, Feynn, Helton, Hilda, Kluto, Morning, Pinter, Poitan, Pushkin, Rupio, Siger, Vincenz, Wilbert: Doom Gloves - Heavy Armor x1 [exchange] || Exchange at Byron, Duning, Feynn, Helton, Hilda, Kluto, Morning, Pinter, Poitan, Pushkin, Rupio, Siger, Vincenz, Wilbert: Doom Gloves - Light Armor x1 [exchange] || Craft (lvl 7, 60%): Recipe: Doom Gloves (60%) x1 [shop 32,160/drop: L57 Grave Lich, L58 Luminun +1/exchange], Doom Gloves Part x13 [shop 8,910/drop: L60 The 3rd Underwater Guardian, L62 Blader of Despair +14], Crafted Leather x32 [shop 11,400/drop: L36 Cave Ant Larva, L36 Tyrant Kingpin +133/craft/exchange/quest], High Grade Suede x4 [shop 4,800/drop: L27 Grave Robber Lookout, L27 Ol Mahum Raider +105/craft/exchange/quest], Asofe x4 [shop 12,000/drop: L45 Shackle, L45 Vault Overlord +149/exchange/quest], Crystal: B-Grade x8 [shop 18,000/exchange], Gemstone B x4 [shop 20,000] || Craft (lvl 7, 100%): Recipe: Doom Gloves x1 [shop 32,160/drop: L59 Kranrot, L60 Gamlin +2], Doom Gloves Part x13 [shop 8,910/drop: L60 The 3rd Underwater Guardian, L62 Blader of Despair +14], Maestro Anvil Lock x1 [shop 180,800/craft/quest], Crafted Leather x48 [shop 11,400/drop: L36 Cave Ant Larva, L36 Tyrant Kingpin +133/craft/exchange/quest], High Grade Suede x6 [shop 4,800/drop: L27 Grave Robber Lookout, L27 Ol Mahum Raider +105/craft/exchange/quest], Asofe x6 [shop 12,000/drop: L45 Shackle, L45 Vault Overlord +149/exchange/quest], Crystal: B-Grade x15 [shop 18,000/exchange], Gemstone B x4 [shop 20,000] || Drop: L60 The 3rd Underwater Guardian, L62 Blader of Despair, L62 Doom Archer, L63 Slaughter Bathin, L63 Treasure Chest +9
PIECE	2480	Elemental Gloves	B	armor	gloves	?	0	P.Def 44 M.Def 0	Craft (lvl 7, 60%): Recipe: Elemental Gloves (60%) x1 [?], Elemental Gloves Lining x13 [?], Crafted Leather x32 [shop 11,400/drop: L36 Cave Ant Larva, L36 Tyrant Kingpin +133/craft/exchange/quest], High Grade Suede x4 [shop 4,800/drop: L27 Grave Robber Lookout, L27 Ol Mahum Raider +105/craft/exchange/quest], Asofe x4 [shop 12,000/drop: L45 Shackle, L45 Vault Overlord +149/exchange/quest], Crystal: B-Grade x8 [shop 18,000/exchange], Gemstone B x4 [shop 20,000] || Craft (lvl 7, 100%): Recipe: Elemental Gloves x1 [?], Elemental Gloves Lining x13 [?], Maestro Anvil Lock x1 [shop 180,800/craft/quest], Crafted Leather x48 [shop 11,400/drop: L36 Cave Ant Larva, L36 Tyrant Kingpin +133/craft/exchange/quest], High Grade Suede x6 [shop 4,800/drop: L27 Grave Robber Lookout, L27 Ol Mahum Raider +105/craft/exchange/quest], Asofe x6 [shop 12,000/drop: L45 Shackle, L45 Vault Overlord +149/exchange/quest], Crystal: B-Grade x15 [shop 18,000/exchange], Gemstone B x4 [shop 20,000]
PIECE	2481	Gloves of Grace	B	armor	gloves	?	0	P.Def 44 M.Def 0	Craft (lvl 7, 60%): Recipe: Gloves of Grace (60%) x1 [?], Gloves of Grace Lining x13 [?], Crafted Leather x32 [shop 11,400/drop: L36 Cave Ant Larva, L36 Tyrant Kingpin +133/craft/exchange/quest], High Grade Suede x4 [shop 4,800/drop: L27 Grave Robber Lookout, L27 Ol Mahum Raider +105/craft/exchange/quest], Asofe x4 [shop 12,000/drop: L45 Shackle, L45 Vault Overlord +149/exchange/quest], Crystal: B-Grade x8 [shop 18,000/exchange], Gemstone B x4 [shop 20,000] || Craft (lvl 7, 100%): Recipe: Gloves of Grace x1 [?], Gloves of Grace Lining x13 [?], Maestro Anvil Lock x1 [shop 180,800/craft/quest], Crafted Leather x48 [shop 11,400/drop: L36 Cave Ant Larva, L36 Tyrant Kingpin +133/craft/exchange/quest], High Grade Suede x6 [shop 4,800/drop: L27 Grave Robber Lookout, L27 Ol Mahum Raider +105/craft/exchange/quest], Asofe x6 [shop 12,000/drop: L45 Shackle, L45 Vault Overlord +149/exchange/quest], Crystal: B-Grade x15 [shop 18,000/exchange], Gemstone B x4 [shop 20,000]
PIECE	2485	Implosion Gauntlets	B	armor	gloves	?	0	P.Def 44 M.Def 0	Craft (lvl 7, 60%): Recipe: Implosion Gauntlets (60%) x1 [?], Implosion Gauntlet Fabric x13 [?], Crafted Leather x32 [shop 11,400/drop: L36 Cave Ant Larva, L36 Tyrant Kingpin +133/craft/exchange/quest], High Grade Suede x4 [shop 4,800/drop: L27 Grave Robber Lookout, L27 Ol Mahum Raider +105/craft/exchange/quest], Asofe x4 [shop 12,000/drop: L45 Shackle, L45 Vault Overlord +149/exchange/quest], Crystal: B-Grade x8 [shop 18,000/exchange], Gemstone B x4 [shop 20,000] || Craft (lvl 7, 100%): Recipe: Implosion Gauntlets x1 [?], Implosion Gauntlet Fabric x13 [?], Maestro Anvil Lock x1 [shop 180,800/craft/quest], Crafted Leather x48 [shop 11,400/drop: L36 Cave Ant Larva, L36 Tyrant Kingpin +133/craft/exchange/quest], High Grade Suede x6 [shop 4,800/drop: L27 Grave Robber Lookout, L27 Ol Mahum Raider +105/craft/exchange/quest], Asofe x6 [shop 12,000/drop: L45 Shackle, L45 Vault Overlord +149/exchange/quest], Crystal: B-Grade x15 [shop 18,000/exchange], Gemstone B x4 [shop 20,000]
PIECE	2486	Paradia Gloves	B	armor	gloves	?	0	P.Def 44 M.Def 0	Craft (lvl 7, 60%): Recipe: Paradia Gloves (60%) x1 [?], Paradia Gloves Pattern x13 [?], Crafted Leather x32 [shop 11,400/drop: L36 Cave Ant Larva, L36 Tyrant Kingpin +133/craft/exchange/quest], High Grade Suede x4 [shop 4,800/drop: L27 Grave Robber Lookout, L27 Ol Mahum Raider +105/craft/exchange/quest], Asofe x4 [shop 12,000/drop: L45 Shackle, L45 Vault Overlord +149/exchange/quest], Crystal: B-Grade x8 [shop 18,000/exchange], Gemstone B x4 [shop 20,000] || Craft (lvl 7, 100%): Recipe: Paradia Gloves x1 [?], Paradia Gloves Pattern x13 [?], Maestro Anvil Lock x1 [shop 180,800/craft/quest], Crafted Leather x48 [shop 11,400/drop: L36 Cave Ant Larva, L36 Tyrant Kingpin +133/craft/exchange/quest], High Grade Suede x6 [shop 4,800/drop: L27 Grave Robber Lookout, L27 Ol Mahum Raider +105/craft/exchange/quest], Asofe x6 [shop 12,000/drop: L45 Shackle, L45 Vault Overlord +149/exchange/quest], Crystal: B-Grade x15 [shop 18,000/exchange], Gemstone B x4 [shop 20,000]
PIECE	2487	Sealed Blue Wolf Gloves	B	armor	gloves	?	0	P.Def 44 M.Def 0	Exchange (list 301660373): Nightmare Oil x4 [?] || Exchange at Byron, Duning, Feynn, Helton, Hilda, Kluto, Morning, Pinter, Poitan, Pushkin, Rupio, Siger, Vincenz, Wilbert: Blue Wolf Gloves - Heavy Armor x1 [exchange] || Exchange at Byron, Duning, Feynn, Helton, Hilda, Kluto, Morning, Pinter, Poitan, Pushkin, Rupio, Siger, Vincenz, Wilbert: Blue Wolf Gloves - Light Armor x1 [exchange] || Craft (lvl 7, 60%): Recipe: Blue Wolf Gloves (60%) x1 [shop 32,160/drop: L59 Sharp Talon Tiger, L60 Fallen Orc Captain +2/exchange], Blue Wolf Gloves Fabric x13 [shop 8,910/drop: L60 The 3rd Underwater Guardian, L62 Blader of Despair +14], Crafted Leather x32 [shop 11,400/drop: L36 Cave Ant Larva, L36 Tyrant Kingpin +133/craft/exchange/quest], High Grade Suede x4 [shop 4,800/drop: L27 Grave Robber Lookout, L27 Ol Mahum Raider +105/craft/exchange/quest], Asofe x4 [shop 12,000/drop: L45 Shackle, L45 Vault Overlord +149/exchange/quest], Crystal: B-Grade x8 [shop 18,000/exchange], Gemstone B x4 [shop 20,000] || Craft (lvl 7, 100%): Recipe: Blue Wolf Gloves x1 [shop 32,160/drop: L57 Tomb Inquisitor, L60 Doom Servant +1], Blue Wolf Gloves Fabric x13 [shop 8,910/drop: L60 The 3rd Underwater Guardian, L62 Blader of Despair +14], Maestro Anvil Lock x1 [shop 180,800/craft/quest], Crafted Leather x48 [shop 11,400/drop: L36 Cave Ant Larva, L36 Tyrant Kingpin +133/craft/exchange/quest], High Grade Suede x6 [shop 4,800/drop: L27 Grave Robber Lookout, L27 Ol Mahum Raider +105/craft/exchange/quest], Asofe x6 [shop 12,000/drop: L45 Shackle, L45 Vault Overlord +149/exchange/quest], Crystal: B-Grade x15 [shop 18,000/exchange], Gemstone B x4 [shop 20,000] || Drop: L60 The 3rd Underwater Guardian, L62 Blader of Despair, L62 Doom Archer, L63 Slaughter Bathin, L63 Treasure Chest +9
PIECE	2493	Brigandine Shield	D	armor	lhand	SHIELD	7	P.Def 0 M.Def 0	Craft (lvl 3, 100%): Brigandine Shield Fragment x7 [shop 2,778/drop: L30 Apepi, L37 Wasp Leader +3], Steel x12 [shop 4,000/drop: L11 Balor Orc Lieutenant, L18 Tainted Zombie +147/craft/exchange/quest], Cokes x4 [shop 2,400/drop: L18 Red Eye Barbed Bat, L18 Undine Elder +120/craft/exchange/quest], Leather x4 [shop 1,800/drop: L18 Crystalline Beast, L18 Tracker Skeleton Leader +127/craft/exchange/quest], Crystal: D-Grade x24 [shop 1,300/exchange], Gemstone D x5 [shop 2,000] || Drop: L30 Apepi, L37 Wasp Leader, L40 Karul Bugbear, L40 Leto Lizardman Overlord, L40 Taik Orc
PIECE	2494	Plate Shield	D	armor	lhand	SHIELD	0	P.Def 0 M.Def 0	Craft (lvl 4, 100%): Plate Shield Fragment x8 [shop 3,524/drop: L33 Corsair Captain Kylon, L35 Chertuba of Great Soul +6], Steel x15 [shop 4,000/drop: L11 Balor Orc Lieutenant, L18 Tainted Zombie +147/craft/exchange/quest], Cokes x5 [shop 2,400/drop: L18 Red Eye Barbed Bat, L18 Undine Elder +120/craft/exchange/quest], Leather x5 [shop 1,800/drop: L18 Crystalline Beast, L18 Tracker Skeleton Leader +127/craft/exchange/quest], Crystal: D-Grade x32 [shop 1,300/exchange], Gemstone D x7 [shop 2,000] || Drop: L33 Corsair Captain Kylon, L35 Chertuba of Great Soul, L35 Gargoyle Lord Sirocco, L41 Crokian Lad, L41 Enchanted Monstereye +2
PIECE	2495	Chain Shield	C	armor	lhand	SHIELD	13	P.Def 0 M.Def 0	Craft (lvl 4, 100%): Chain Shield Fragment x8 [shop 4,950/drop: L38 Lizardmen Leader Hellion, L40 Gwindorr +8], Mithril Alloy x3 [shop 26,200/craft/exchange/quest], Synthetic Cokes x1 [shop 13,200/craft/exchange/quest], Crafted Leather x1 [shop 11,400/drop: L36 Cave Ant Larva, L36 Tyrant Kingpin +133/craft/exchange/quest], Crystal: D-Grade x40 [shop 1,300/exchange], Gemstone C x3 [shop 6,000] || Drop: L38 Lizardmen Leader Hellion, L40 Gwindorr, L40 Leto Chief Talkin, L44 Timak Orc Troop Shaman, L45 Dimension Invader Berserker +5
PIECE	2496	Dwarven Chain Shield	C	armor	lhand	SHIELD	0	P.Def 0 M.Def 0	Craft (lvl 5, 100%): Dwarven Chain Shield Fragment x9 [shop 5,600/drop: L47 Gigantic Flyer, L47 Hatar Ratman Thief +9], Mithril Alloy x3 [shop 26,200/craft/exchange/quest], Synthetic Cokes x1 [shop 13,200/craft/exchange/quest], Crafted Leather x1 [shop 11,400/drop: L36 Cave Ant Larva, L36 Tyrant Kingpin +133/craft/exchange/quest], Crystal: C-Grade x12 [shop 6,000/exchange], Gemstone C x4 [shop 6,000] || Drop: L47 Gigantic Flyer, L47 Hatar Ratman Thief, L48 Garden Guard, L48 Horrifying Cannon Golem I, L48 Treasure Chest +3
PIECE	2497	Full Plate Shield	C	armor	lhand	SHIELD	23	P.Def 0 M.Def 0	Craft (lvl 6, 100%): Full Plate Shield Fragment x11 [shop 7,310/drop: L47 Necrosentinel Royal Guard, L49 Mirror of Oblivion +6], Mithril Alloy x9 [shop 26,200/craft/exchange/quest], Synthetic Cokes x3 [shop 13,200/craft/exchange/quest], Crafted Leather x3 [shop 11,400/drop: L36 Cave Ant Larva, L36 Tyrant Kingpin +133/craft/exchange/quest], Crystal: C-Grade x25 [shop 6,000/exchange], Gemstone C x10 [shop 6,000] || Drop: L47 Necrosentinel Royal Guard, L49 Mirror of Oblivion, L53 Harit Lizardman Warrior, L54 Elder Lost Watcher, L54 Sairon +3
PIECE	2498	Shield of Nightmare	A	armor	lhand	SHIELD	46	P.Def 0 M.Def 0	Exchange at mammblack 2b: Sealed Shield of Nightmare x1 [drop: L70 Flame of Splendor Barakiel, L70 Korim +18/craft], Ancient Adena x138,750
PIECE	2499	Elven Long Sword	D	weapon	rhand	SWORD	0	P.Atk 92 M.Atk 54	Exchange at mammblack 1a: Sword of Revolution x1 [drop: L30 Ragraman, L37 Cave Ant +5/craft/exchange], Ancient Adena x480,000 || Exchange at mammblack 1a: Sword of Magic Fog x1 [craft/exchange], Ancient Adena x480,000 || Exchange at mammblack 1b: Ancient Reagent x1 [craft/exchange] || Craft (lvl 4, 100%): Elven Long Sword Blade x8 [shop 46,124/drop: L33 Corsair Captain Kylon, L35 Eye of Beleth +7], Steel Mold x2 [shop 9,000/craft/exchange/quest], Steel x220 [shop 4,000/drop: L11 Balor Orc Lieutenant, L18 Tainted Zombie +147/craft/exchange/quest], Cokes x220 [shop 2,400/drop: L18 Red Eye Barbed Bat, L18 Undine Elder +120/craft/exchange/quest], Crystal: D-Grade x550 [shop 1,300/exchange], Gemstone D x185 [shop 2,000] || Drop: L33 Corsair Captain Kylon, L35 Eye of Beleth, L35 Sejarr's Servitor, L40 Queen Ant, L42 Great White Shark +5
PIECE	2500	Dark Legion's Edge	A	weapon	rhand	SWORD	0	P.Atk 232 M.Atk 114	Exchange at mammblack 1: Dark Legion's Edge - Critical Damage x1 [exchange] || Exchange at mammblack 1: Dark Legion's Edge - Health x1 [exchange] || Exchange at mammblack 1: Dark Legion's Edge - Rsk. Focus x1 [exchange] || Craft (lvl 8, 60%): Recipe: Dark Legion's Edge(60%) x1 [shop 1,080,000/drop: L65 Alpen Kookaburra, L67 Bone Collector +9/exchange], Dark Legion's Edge Blade x14 [shop 145,800/drop: L70 Roaring Skylancer, L71 Eilhalder von Hellmann +24/quest], Craftsman Mold x3 [shop 1,420,000/craft/quest], Mithril Alloy x156 [shop 26,200/craft/exchange/quest], Synthetic Cokes x156 [shop 13,200/craft/exchange/quest], Durable Metal Plate x78 [shop 30,000/drop: L27 Grave Robber Lookout, L27 Kuran Kobold +126/craft/exchange/quest], Enria x78 [shop 24,000/drop: L45 Dimension Invader Berserker, L45 Dimension Invader Magus +211/exchange/quest], Crystal: A-Grade x161 [shop 30,000/exchange], Gemstone A x74 [shop 60,000/exchange] || Craft (lvl 8, 100%): Recipe: Dark Legion's Edge(100%) x1 [shop 1,080,000], Dark Legion's Edge Blade x14 [shop 145,800/drop: L70 Roaring Skylancer, L71 Eilhalder von Hellmann +24/quest], Craftsman Mold x4 [shop 1,420,000/craft/quest], Mithril Alloy x334 [shop 26,200/craft/exchange/quest], Synthetic Cokes x334 [shop 13,200/craft/exchange/quest], Durable Metal Plate x167 [shop 30,000/drop: L27 Grave Robber Lookout, L27 Kuran Kobold +126/craft/exchange/quest], Enria x167 [shop 24,000/drop: L45 Dimension Invader Berserker, L45 Dimension Invader Magus +211/exchange/quest], Crystal: A-Grade x295 [shop 30,000/exchange], Gemstone A x74 [shop 60,000/exchange] || Drop: L70 Roaring Skylancer, L71 Eilhalder von Hellmann, L74 Krokian Padisha Sobekk, L79 Antharas, L79 Ketra Orc Shaman +14
PIECE	2501	Bone Club	NG	weapon	rhand	BLUNT	0	P.Atk 24 M.Atk 17	Drop: L16 Langk Lizardman Scout, L16 Stone Guardian, L17 Akaste Bone Warlord, L19 Pitchstone Golem, L19 Ratman Warrior +3
PIECE	2502	Dwarven War Hammer	C	weapon	rhand	BLUNT	0	P.Atk 122 M.Atk 68	Exchange at mammblack 1: Dwarven War Hammer - Anger x1 [exchange] || Exchange at mammblack 1: Dwarven War Hammer - Health x1 [exchange] || Exchange at mammblack 1: Dwarven War Hammer - Haste x1 [exchange] || Craft (lvl 5, 100%): Dwarven Warhammer Head x9 [shop 59,288/drop: L48 Satyr, L48 Tarlk Bugbear Warrior +2], Mithril Alloy x38 [shop 26,200/craft/exchange/quest], Synthetic Cokes x38 [shop 13,200/craft/exchange/quest], High Grade Suede x19 [shop 4,800/drop: L27 Grave Robber Lookout, L27 Ol Mahum Raider +105/craft/exchange/quest], Metal Hardener x76 [shop 10,000/drop: L15 Obsidian Golem, L16 Dark Terror +107/craft/exchange/quest], Crystal: C-Grade x180 [shop 6,000/exchange], Gemstone C x105 [shop 6,000] || Drop: L48 Satyr, L49 Soldier of Darkness, L49 Vanor Silenos Shaman
PIECE	2503	Yaksa Mace	C	weapon	rhand	BLUNT	0	P.Atk 156 M.Atk 83	Exchange at mammblack 1: Yaksa Mace - Anger x1 [exchange] || Exchange at mammblack 1: Yaksa Mace - Health x1 [exchange] || Exchange at mammblack 1: Yaksa Mace - Rsk. Focus x1 [exchange] || Craft (lvl 6, 100%): Yaksa Mace Head x11 [shop 83,272/drop: L48 Anakazel, L53 Purgatory Invader Shaman +5], Mithril Alloy x80 [shop 26,200/craft/exchange/quest], Synthetic Cokes x80 [shop 13,200/craft/exchange/quest], High Grade Suede x40 [shop 4,800/drop: L27 Grave Robber Lookout, L27 Ol Mahum Raider +105/craft/exchange/quest], Metal Hardener x160 [shop 10,000/drop: L15 Obsidian Golem, L16 Dark Terror +107/craft/exchange/quest], Crystal: C-Grade x410 [shop 6,000/exchange], Gemstone C x248 [shop 6,000] || Drop: L48 Anakazel, L53 Purgatory Invader Shaman, L54 Grave Guard, L54 Marsh Stalker, L54 Thunder Wyrm +2
PIECE	2504	Meteor Shower	A	weapon	rhand	BLUNT	0	P.Atk 213 M.Atk 107	Exchange at mammblack 1: Meteor Shower - Focus x1 [exchange] || Exchange at mammblack 1: Meteor Shower - Critical Bleed x1 [exchange] || Exchange at mammblack 1: Meteor Shower - Rsk. Haste x1 [exchange] || Craft (lvl 7, 60%): Recipe: Meteor Shower(60%) x1 [shop 732,000/drop: L63 Forbidden Path Invader Archer, L63 Forbidden Path Invader Warrior +3/exchange], Meteor Shower Head x13 [shop 118,616/drop: L60 Ancient Weird Drake, L60 Ghost of the Well Lidia +26/quest], Maestro Holder x3 [shop 822,000/craft], Mithril Alloy x60 [shop 26,200/craft/exchange/quest], Synthetic Cokes x60 [shop 13,200/craft/exchange/quest], High Grade Suede x30 [shop 4,800/drop: L27 Grave Robber Lookout, L27 Ol Mahum Raider +105/craft/exchange/quest], Enria x30 [shop 24,000/drop: L45 Dimension Invader Berserker, L45 Dimension Invader Magus +211/exchange/quest], Durable Metal Plate x120 [shop 30,000/drop: L27 Grave Robber Lookout, L27 Kuran Kobold +126/craft/exchange/quest], Crystal: B-Grade x215 [shop 18,000/exchange], Gemstone B x143 [shop 20,000] || Craft (lvl 7, 100%): Recipe: Meteor Shower(100%) x1 [shop 732,000], Meteor Shower Head x13 [shop 118,616/drop: L60 Ancient Weird Drake, L60 Ghost of the Well Lidia +26/quest], Warsmith's Holder x2 [shop 1,768,000/craft/exchange], Mithril Alloy x122 [shop 26,200/craft/exchange/quest], Synthetic Cokes x122 [shop 13,200/craft/exchange/quest], High Grade Suede x61 [shop 4,800/drop: L27 Grave Robber Lookout, L27 Ol Mahum Raider +105/craft/exchange/quest], Enria x61 [shop 24,000/drop: L45 Dimension Invader Berserker, L45 Dimension Invader Magus +211/exchange/quest], Durable Metal Plate x244 [shop 30,000/drop: L27 Grave Robber Lookout, L27 Kuran Kobold +126/craft/exchange/quest], Crystal: B-Grade x415 [shop 18,000/exchange], Gemstone B x143 [shop 20,000] || Drop: L60 Ancient Weird Drake, L60 Ghost of the Well Lidia, L67 Kernon's Faithful Servant Kelone, L68 Heathen Grunt, L69 Alpen Cougar +25
PIECE	2516	Saber*Saber	D	weapon	lrhand	DUAL	0	P.Atk 73 M.Atk 37	Exchange at duals 01: Saber x1 [drop: L20 Discarded Guardian, L25 Vault Guardian +4/craft/exchange], Saber x1 [drop: L20 Discarded Guardian, L25 Vault Guardian +4/craft/exchange], Crystal: D-Grade x145 [shop 1,300/exchange], Adena x94,250
PIECE	2517	Saber*Bastard Sword	D	weapon	lrhand	DUAL	0	P.Atk 83 M.Atk 41	Exchange at mammblack 1a: Saber*Saber x1 [exchange], Ancient Adena x219,600 || Exchange at duals 01: Saber x1 [drop: L20 Discarded Guardian, L25 Vault Guardian +4/craft/exchange], Bastard Sword x1 [drop: L23 Greyclaw Kutus, L30 Bandit Sweeper +4/exchange], Crystal: D-Grade x25 [shop 1,300/exchange], Adena x16,250 || Exchange at mammblack 1b: Saber*Knight's Sword x1 [exchange]
PIECE	2518	Saber*Spinebone Sword	D	weapon	lrhand	DUAL	0	P.Atk 83 M.Atk 41	Exchange at mammblack 1a: Saber*Saber x1 [exchange], Ancient Adena x219,600 || Exchange at duals 01: Saber x1 [drop: L20 Discarded Guardian, L25 Vault Guardian +4/craft/exchange], Spinebone Sword x1 [drop: L23 Greyclaw Kutus, L30 Bandit Sweeper +4/craft/exchange], Crystal: D-Grade x25 [shop 1,300/exchange], Adena x16,250 || Exchange at mammblack 1b: Saber*Knight's Sword x1 [exchange]
PIECE	2519	Saber*Artisan's Sword	D	weapon	lrhand	DUAL	0	P.Atk 83 M.Atk 41	Exchange at mammblack 1a: Saber*Saber x1 [exchange], Ancient Adena x219,600 || Exchange at duals 01: Saber x1 [drop: L20 Discarded Guardian, L25 Vault Guardian +4/craft/exchange], Artisan's Sword x1 [drop: L23 Greyclaw Kutus, L30 Bandit Sweeper +4/exchange], Crystal: D-Grade x25 [shop 1,300/exchange], Adena x16,250 || Exchange at mammblack 1b: Saber*Knight's Sword x1 [exchange]
PIECE	2520	Saber*Knight's Sword	D	weapon	lrhand	DUAL	0	P.Atk 83 M.Atk 41	Exchange at mammblack 1a: Saber*Saber x1 [exchange], Ancient Adena x219,600 || Exchange at duals 01: Saber x1 [drop: L20 Discarded Guardian, L25 Vault Guardian +4/craft/exchange], Knight's Sword x1 [drop: L23 Greyclaw Kutus, L30 Bandit Sweeper +4/exchange], Crystal: D-Grade x25 [shop 1,300/exchange], Adena x16,250 || Exchange at mammblack 1b: Saber*Bastard Sword x1 [exchange]
PIECE	2521	Saber*Crimson Sword	D	weapon	lrhand	DUAL	0	P.Atk 96 M.Atk 47	Exchange at mammblack 1a: Saber*Bastard Sword x1 [exchange], Ancient Adena x408,000 || Exchange at mammblack 1a: Saber*Spinebone Sword x1 [exchange], Ancient Adena x408,000 || Exchange at mammblack 1a: Saber*Artisan's Sword x1 [exchange], Ancient Adena x408,000
PIECE	2522	Saber*Elven Sword	D	weapon	lrhand	DUAL	0	P.Atk 96 M.Atk 47	Exchange at mammblack 1a: Saber*Bastard Sword x1 [exchange], Ancient Adena x408,000 || Exchange at mammblack 1a: Saber*Spinebone Sword x1 [exchange], Ancient Adena x408,000 || Exchange at mammblack 1a: Saber*Artisan's Sword x1 [exchange], Ancient Adena x408,000
PIECE	2523	Saber*Sword of Revolution	C	weapon	lrhand	DUAL	0	P.Atk 118 M.Atk 56	Exchange at mammblack 1a: Bastard Sword*Crimson Sword x1 [exchange], Ancient Adena x360,000 || Exchange at mammblack 1a: Bastard Sword*Elven Sword x1 [exchange], Ancient Adena x360,000 || Exchange at mammblack 1a: Spinebone Sword*Crimson Sword x1 [exchange], Ancient Adena x360,000
PIECE	2524	Saber*Elven Long Sword	C	weapon	lrhand	DUAL	0	P.Atk 130 M.Atk 61	Exchange at mammblack 1a: Bastard Sword*Sword of Revolution x1 [exchange], Ancient Adena x204,000 || Exchange at mammblack 1a: Spinebone Sword*Sword of Revolution x1 [exchange], Ancient Adena x204,000 || Exchange at mammblack 1a: Artisan's Sword*Sword of Revolution x1 [exchange], Ancient Adena x204,000
PIECE	2525	Bastard Sword*Bastard Sword	D	weapon	lrhand	DUAL	0	P.Atk 96 M.Atk 47	Exchange at mammblack 1a: Saber*Bastard Sword x1 [exchange], Ancient Adena x408,000 || Exchange at mammblack 1a: Saber*Spinebone Sword x1 [exchange], Ancient Adena x408,000 || Exchange at mammblack 1a: Saber*Artisan's Sword x1 [exchange], Ancient Adena x408,000
PIECE	2526	Bastard Sword*Spinebone Sword	D	weapon	lrhand	DUAL	0	P.Atk 96 M.Atk 47	Exchange at mammblack 1a: Saber*Bastard Sword x1 [exchange], Ancient Adena x408,000 || Exchange at mammblack 1a: Saber*Spinebone Sword x1 [exchange], Ancient Adena x408,000 || Exchange at mammblack 1a: Saber*Artisan's Sword x1 [exchange], Ancient Adena x408,000
PIECE	2527	Bastard Sword*Artisan's Sword	D	weapon	lrhand	DUAL	0	P.Atk 96 M.Atk 47	Exchange at mammblack 1a: Saber*Bastard Sword x1 [exchange], Ancient Adena x408,000 || Exchange at mammblack 1a: Saber*Spinebone Sword x1 [exchange], Ancient Adena x408,000 || Exchange at mammblack 1a: Saber*Artisan's Sword x1 [exchange], Ancient Adena x408,000
PIECE	2528	Bastard Sword*Knight's Sword	D	weapon	lrhand	DUAL	0	P.Atk 96 M.Atk 47	Exchange at mammblack 1a: Saber*Bastard Sword x1 [exchange], Ancient Adena x408,000 || Exchange at mammblack 1a: Saber*Spinebone Sword x1 [exchange], Ancient Adena x408,000 || Exchange at mammblack 1a: Saber*Artisan's Sword x1 [exchange], Ancient Adena x408,000
PIECE	2529	Bastard Sword*Crimson Sword	D	weapon	lrhand	DUAL	0	P.Atk 107 M.Atk 51	Exchange at mammblack 1a: Saber*Crimson Sword x1 [exchange], Ancient Adena x312,000 || Exchange at mammblack 1a: Saber*Elven Sword x1 [exchange], Ancient Adena x312,000 || Exchange at mammblack 1a: Bastard Sword*Bastard Sword x1 [exchange], Ancient Adena x312,000
PIECE	2530	Bastard Sword*Elven Sword	D	weapon	lrhand	DUAL	0	P.Atk 107 M.Atk 51	Exchange at mammblack 1a: Saber*Crimson Sword x1 [exchange], Ancient Adena x312,000 || Exchange at mammblack 1a: Saber*Elven Sword x1 [exchange], Ancient Adena x312,000 || Exchange at mammblack 1a: Bastard Sword*Bastard Sword x1 [exchange], Ancient Adena x312,000
PIECE	2531	Bastard Sword*Sword of Revolution	C	weapon	lrhand	DUAL	0	P.Atk 124 M.Atk 58	Exchange at mammblack 1a: Saber*Sword of Revolution x1 [exchange], Ancient Adena x192,000 || Exchange at mammblack 1a: Crimson Sword*Crimson Sword x1 [exchange], Ancient Adena x192,000 || Exchange at mammblack 1a: Crimson Sword*Elven Sword x1 [exchange], Ancient Adena x192,000
PIECE	2532	Bastard Sword*Elven Long Sword	C	weapon	lrhand	DUAL	0	P.Atk 136 M.Atk 63	Exchange at mammblack 1a: Saber*Elven Long Sword x1 [exchange], Ancient Adena x216,000 || Exchange at duals 01: Bastard Sword x1 [drop: L23 Greyclaw Kutus, L30 Bandit Sweeper +4/exchange], Elven Long Sword x1 [drop: L33 Corsair Captain Kylon, L35 Eye of Beleth +8/craft/exchange], Crystal: D-Grade x75 [shop 1,300/exchange], Adena x48,750 || Exchange at mammblack 1b: Elven Sword*Sword of Revolution x1 [exchange]
PIECE	2533	Spinebone Sword*Spinebone Sword	D	weapon	lrhand	DUAL	0	P.Atk 96 M.Atk 47	Exchange at mammblack 1a: Saber*Bastard Sword x1 [exchange], Ancient Adena x408,000 || Exchange at mammblack 1a: Saber*Spinebone Sword x1 [exchange], Ancient Adena x408,000 || Exchange at mammblack 1a: Saber*Artisan's Sword x1 [exchange], Ancient Adena x408,000
PIECE	2534	Spinebone Sword*Artisan's Sword	D	weapon	lrhand	DUAL	0	P.Atk 96 M.Atk 47	Exchange at mammblack 1a: Saber*Bastard Sword x1 [exchange], Ancient Adena x408,000 || Exchange at mammblack 1a: Saber*Spinebone Sword x1 [exchange], Ancient Adena x408,000 || Exchange at mammblack 1a: Saber*Artisan's Sword x1 [exchange], Ancient Adena x408,000
PIECE	2535	Spinebone Sword*Knight's Sword	D	weapon	lrhand	DUAL	0	P.Atk 96 M.Atk 47	Exchange at mammblack 1a: Saber*Bastard Sword x1 [exchange], Ancient Adena x408,000 || Exchange at mammblack 1a: Saber*Spinebone Sword x1 [exchange], Ancient Adena x408,000 || Exchange at mammblack 1a: Saber*Artisan's Sword x1 [exchange], Ancient Adena x408,000
PIECE	2536	Spinebone Sword*Crimson Sword	D	weapon	lrhand	DUAL	0	P.Atk 107 M.Atk 51	Exchange at mammblack 1a: Saber*Crimson Sword x1 [exchange], Ancient Adena x312,000 || Exchange at mammblack 1a: Saber*Elven Sword x1 [exchange], Ancient Adena x312,000 || Exchange at mammblack 1a: Bastard Sword*Bastard Sword x1 [exchange], Ancient Adena x312,000
PIECE	2537	Spinebone Sword*Elven Sword	D	weapon	lrhand	DUAL	0	P.Atk 107 M.Atk 51	Exchange at mammblack 1a: Saber*Crimson Sword x1 [exchange], Ancient Adena x312,000 || Exchange at mammblack 1a: Saber*Elven Sword x1 [exchange], Ancient Adena x312,000 || Exchange at mammblack 1a: Bastard Sword*Bastard Sword x1 [exchange], Ancient Adena x312,000
PIECE	2538	Spinebone Sword*Sword of Revolution	C	weapon	lrhand	DUAL	0	P.Atk 124 M.Atk 58	Exchange at mammblack 1a: Saber*Sword of Revolution x1 [exchange], Ancient Adena x192,000 || Exchange at mammblack 1a: Crimson Sword*Crimson Sword x1 [exchange], Ancient Adena x192,000 || Exchange at mammblack 1a: Crimson Sword*Elven Sword x1 [exchange], Ancient Adena x192,000
PIECE	2539	Spinebone Sword*Elven Long Sword	C	weapon	lrhand	DUAL	0	P.Atk 136 M.Atk 63	Exchange at mammblack 1a: Saber*Elven Long Sword x1 [exchange], Ancient Adena x216,000 || Exchange at duals 01: Spinebone Sword x1 [drop: L23 Greyclaw Kutus, L30 Bandit Sweeper +4/craft/exchange], Elven Long Sword x1 [drop: L33 Corsair Captain Kylon, L35 Eye of Beleth +8/craft/exchange], Crystal: D-Grade x75 [shop 1,300/exchange], Adena x48,750 || Exchange at mammblack 1b: Elven Sword*Sword of Revolution x1 [exchange]
PIECE	2540	Artisan's Sword*Artisan's Sword	D	weapon	lrhand	DUAL	0	P.Atk 96 M.Atk 47	Exchange at mammblack 1a: Saber*Bastard Sword x1 [exchange], Ancient Adena x408,000 || Exchange at mammblack 1a: Saber*Spinebone Sword x1 [exchange], Ancient Adena x408,000 || Exchange at mammblack 1a: Saber*Artisan's Sword x1 [exchange], Ancient Adena x408,000
PIECE	2541	Artisan's Sword*Knight's Sword	D	weapon	lrhand	DUAL	0	P.Atk 96 M.Atk 47	Exchange at mammblack 1a: Saber*Bastard Sword x1 [exchange], Ancient Adena x408,000 || Exchange at mammblack 1a: Saber*Spinebone Sword x1 [exchange], Ancient Adena x408,000 || Exchange at mammblack 1a: Saber*Artisan's Sword x1 [exchange], Ancient Adena x408,000
PIECE	2542	Artisan's Sword*Crimson Sword	D	weapon	lrhand	DUAL	0	P.Atk 107 M.Atk 51	Exchange at mammblack 1a: Saber*Crimson Sword x1 [exchange], Ancient Adena x312,000 || Exchange at mammblack 1a: Saber*Elven Sword x1 [exchange], Ancient Adena x312,000 || Exchange at mammblack 1a: Bastard Sword*Bastard Sword x1 [exchange], Ancient Adena x312,000
PIECE	2543	Artisan's Sword*Elven Sword	D	weapon	lrhand	DUAL	0	P.Atk 107 M.Atk 51	Exchange at mammblack 1a: Saber*Crimson Sword x1 [exchange], Ancient Adena x312,000 || Exchange at mammblack 1a: Saber*Elven Sword x1 [exchange], Ancient Adena x312,000 || Exchange at mammblack 1a: Bastard Sword*Bastard Sword x1 [exchange], Ancient Adena x312,000
PIECE	2544	Artisan's Sword*Sword of Revolution	C	weapon	lrhand	DUAL	0	P.Atk 124 M.Atk 58	Exchange at mammblack 1a: Saber*Sword of Revolution x1 [exchange], Ancient Adena x192,000 || Exchange at mammblack 1a: Crimson Sword*Crimson Sword x1 [exchange], Ancient Adena x192,000 || Exchange at mammblack 1a: Crimson Sword*Elven Sword x1 [exchange], Ancient Adena x192,000
PIECE	2545	Artisan's Sword*Elven Long Sword	C	weapon	lrhand	DUAL	0	P.Atk 136 M.Atk 63	Exchange at mammblack 1a: Saber*Elven Long Sword x1 [exchange], Ancient Adena x216,000 || Exchange at duals 01: Artisan's Sword x1 [drop: L23 Greyclaw Kutus, L30 Bandit Sweeper +4/exchange], Elven Long Sword x1 [drop: L33 Corsair Captain Kylon, L35 Eye of Beleth +8/craft/exchange], Crystal: D-Grade x75 [shop 1,300/exchange], Adena x48,750 || Exchange at mammblack 1b: Elven Sword*Sword of Revolution x1 [exchange]
PIECE	2546	Knight's Sword*Knight's Sword	D	weapon	lrhand	DUAL	0	P.Atk 96 M.Atk 47	Exchange at mammblack 1a: Saber*Bastard Sword x1 [exchange], Ancient Adena x408,000 || Exchange at mammblack 1a: Saber*Spinebone Sword x1 [exchange], Ancient Adena x408,000 || Exchange at mammblack 1a: Saber*Artisan's Sword x1 [exchange], Ancient Adena x408,000
PIECE	2547	Knight's Sword*Crimson Sword	D	weapon	lrhand	DUAL	0	P.Atk 107 M.Atk 51	Exchange at mammblack 1a: Saber*Crimson Sword x1 [exchange], Ancient Adena x312,000 || Exchange at mammblack 1a: Saber*Elven Sword x1 [exchange], Ancient Adena x312,000 || Exchange at mammblack 1a: Bastard Sword*Bastard Sword x1 [exchange], Ancient Adena x312,000
PIECE	2548	Knight's Sword*Elven Sword	D	weapon	lrhand	DUAL	0	P.Atk 107 M.Atk 51	Exchange at mammblack 1a: Saber*Crimson Sword x1 [exchange], Ancient Adena x312,000 || Exchange at mammblack 1a: Saber*Elven Sword x1 [exchange], Ancient Adena x312,000 || Exchange at mammblack 1a: Bastard Sword*Bastard Sword x1 [exchange], Ancient Adena x312,000
PIECE	2549	Knight's Sword*Sword of Revolution	C	weapon	lrhand	DUAL	0	P.Atk 124 M.Atk 58	Exchange at mammblack 1a: Saber*Sword of Revolution x1 [exchange], Ancient Adena x192,000 || Exchange at mammblack 1a: Crimson Sword*Crimson Sword x1 [exchange], Ancient Adena x192,000 || Exchange at mammblack 1a: Crimson Sword*Elven Sword x1 [exchange], Ancient Adena x192,000
PIECE	2550	Knight's Sword*Elven Long Sword	C	weapon	lrhand	DUAL	0	P.Atk 136 M.Atk 63	Exchange at mammblack 1a: Saber*Elven Long Sword x1 [exchange], Ancient Adena x216,000 || Exchange at duals 01: Knight's Sword x1 [drop: L23 Greyclaw Kutus, L30 Bandit Sweeper +4/exchange], Elven Long Sword x1 [drop: L33 Corsair Captain Kylon, L35 Eye of Beleth +8/craft/exchange], Crystal: D-Grade x75 [shop 1,300/exchange], Adena x48,750 || Exchange at mammblack 1b: Elven Sword*Sword of Revolution x1 [exchange]
PIECE	2551	Crimson Sword*Crimson Sword	C	weapon	lrhand	DUAL	0	P.Atk 118 M.Atk 56	Exchange at mammblack 1a: Bastard Sword*Crimson Sword x1 [exchange], Ancient Adena x360,000 || Exchange at mammblack 1a: Bastard Sword*Elven Sword x1 [exchange], Ancient Adena x360,000 || Exchange at mammblack 1a: Spinebone Sword*Crimson Sword x1 [exchange], Ancient Adena x360,000
PIECE	2552	Crimson Sword*Elven Sword	C	weapon	lrhand	DUAL	0	P.Atk 118 M.Atk 56	Exchange at mammblack 1a: Bastard Sword*Crimson Sword x1 [exchange], Ancient Adena x360,000 || Exchange at mammblack 1a: Bastard Sword*Elven Sword x1 [exchange], Ancient Adena x360,000 || Exchange at mammblack 1a: Spinebone Sword*Crimson Sword x1 [exchange], Ancient Adena x360,000
PIECE	2553	Crimson Sword*Sword of Revolution	C	weapon	lrhand	DUAL	0	P.Atk 136 M.Atk 63	Exchange at mammblack 1a: Saber*Elven Long Sword x1 [exchange], Ancient Adena x216,000 || Exchange at duals 01: Crimson Sword x1 [drop: L25 Zombie Lord Crowl, L28 Tirak +8/exchange], Sword of Revolution x1 [drop: L30 Ragraman, L37 Cave Ant +5/craft/exchange], Crystal: D-Grade x265 [shop 1,300/exchange], Adena x172,250 || Exchange at mammblack 1b: Elven Sword*Sword of Revolution x1 [exchange]
PIECE	2554	Crimson Sword*Elven Long Sword	C	weapon	lrhand	DUAL	0	P.Atk 148 M.Atk 68	Exchange at mammblack 1a: Bastard Sword*Elven Long Sword x1 [exchange], Ancient Adena x480,000 || Exchange at mammblack 1a: Spinebone Sword*Elven Long Sword x1 [exchange], Ancient Adena x480,000 || Exchange at mammblack 1a: Artisan's Sword*Elven Long Sword x1 [exchange], Ancient Adena x480,000
PIECE	2555	Elven Sword*Elven Sword	C	weapon	lrhand	DUAL	0	P.Atk 118 M.Atk 56	Exchange at mammblack 1a: Bastard Sword*Crimson Sword x1 [exchange], Ancient Adena x360,000 || Exchange at mammblack 1a: Bastard Sword*Elven Sword x1 [exchange], Ancient Adena x360,000 || Exchange at mammblack 1a: Spinebone Sword*Crimson Sword x1 [exchange], Ancient Adena x360,000
PIECE	2556	Elven Sword*Sword of Revolution	C	weapon	lrhand	DUAL	0	P.Atk 136 M.Atk 63	Exchange at mammblack 1a: Saber*Elven Long Sword x1 [exchange], Ancient Adena x216,000 || Exchange at duals 01: Elven Sword x1 [drop: L25 Zombie Lord Crowl, L28 Tirak +7/exchange], Sword of Revolution x1 [drop: L30 Ragraman, L37 Cave Ant +5/craft/exchange], Crystal: D-Grade x265 [shop 1,300/exchange], Adena x172,250 || Exchange at mammblack 1b: Knight's Sword*Elven Long Sword x1 [exchange]
PIECE	2557	Elven Sword*Elven Long Sword	C	weapon	lrhand	DUAL	0	P.Atk 148 M.Atk 68	Exchange at mammblack 1a: Bastard Sword*Elven Long Sword x1 [exchange], Ancient Adena x480,000 || Exchange at mammblack 1a: Spinebone Sword*Elven Long Sword x1 [exchange], Ancient Adena x480,000 || Exchange at mammblack 1a: Artisan's Sword*Elven Long Sword x1 [exchange], Ancient Adena x480,000
PIECE	2558	Sword of Revolution*Sword of Revolution	C	weapon	lrhand	DUAL	0	P.Atk 148 M.Atk 68	Exchange at mammblack 1a: Bastard Sword*Elven Long Sword x1 [exchange], Ancient Adena x480,000 || Exchange at mammblack 1a: Spinebone Sword*Elven Long Sword x1 [exchange], Ancient Adena x480,000 || Exchange at mammblack 1a: Artisan's Sword*Elven Long Sword x1 [exchange], Ancient Adena x480,000
PIECE	2559	Sword of Revolution*Elven Long Sword	C	weapon	lrhand	DUAL	0	P.Atk 155 M.Atk 70	Exchange at mammblack 1a: Crimson Sword*Elven Long Sword x1 [exchange], Ancient Adena x564,000 || Exchange at mammblack 1a: Elven Sword*Elven Long Sword x1 [exchange], Ancient Adena x564,000 || Exchange at mammblack 1a: Sword of Revolution*Sword of Revolution x1 [exchange], Ancient Adena x564,000
PIECE	2560	Elven Long Sword*Elven Long Sword	C	weapon	lrhand	DUAL	0	P.Atk 162 M.Atk 73	Exchange at mammblack 1a: Sword of Revolution*Elven Long Sword x1 [exchange], Ancient Adena x576,000 || Exchange at duals 01: Elven Long Sword x1 [drop: L33 Corsair Captain Kylon, L35 Eye of Beleth +8/craft/exchange], Elven Long Sword x1 [drop: L33 Corsair Captain Kylon, L35 Eye of Beleth +8/craft/exchange], Crystal: D-Grade x535 [shop 1,300/exchange], Adena x347,750
PIECE	2561	Stormbringer*Stormbringer	C	weapon	lrhand	DUAL	0	P.Atk 175 M.Atk 78	Exchange at mammblack 1a: Elven Long Sword*Elven Long Sword x1 [exchange], Ancient Adena x1,152,000 || Exchange at duals 01: Stormbringer x1 [drop: L39 Leader of Cat Gang, L40 Road Scavenger Leader +4/craft/exchange], Stormbringer x1 [drop: L39 Leader of Cat Gang, L40 Road Scavenger Leader +4/craft/exchange], Crystal: D-Grade x495 [shop 1,300/exchange], Adena x321,750
PIECE	2562	Stormbringer*Shamshir	C	weapon	lrhand	DUAL	0	P.Atk 183 M.Atk 81	Exchange at mammblack 1a: Stormbringer*Stormbringer x1 [exchange], Ancient Adena x600,000 || Exchange at duals 01: Stormbringer x1 [drop: L39 Leader of Cat Gang, L40 Road Scavenger Leader +4/craft/exchange], Shamshir x1 [drop: L48 Hatar Ratman Boss, L48 Tarlk Bugbear Warrior +1/craft/exchange], Crystal: D-Grade x285 [shop 1,300/exchange], Adena x185,250 || Exchange at mammblack 1b: Stormbringer*Spirit Sword x1 [exchange]
PIECE	2563	Stormbringer*Katana	C	weapon	lrhand	DUAL	0	P.Atk 183 M.Atk 81	Exchange at mammblack 1a: Stormbringer*Stormbringer x1 [exchange], Ancient Adena x600,000 || Exchange at duals 01: Stormbringer x1 [drop: L39 Leader of Cat Gang, L40 Road Scavenger Leader +4/craft/exchange], Katana x1 [drop: L48 Hatar Ratman Boss, L48 Tarlk Bugbear Warrior +1/craft/exchange], Crystal: D-Grade x285 [shop 1,300/exchange], Adena x185,250 || Exchange at mammblack 1b: Stormbringer*Shamshir x1 [exchange]
PIECE	2564	Stormbringer*Spirit Sword	C	weapon	lrhand	DUAL	0	P.Atk 183 M.Atk 81	Exchange at mammblack 1a: Stormbringer*Stormbringer x1 [exchange], Ancient Adena x600,000 || Exchange at duals 01: Stormbringer x1 [drop: L39 Leader of Cat Gang, L40 Road Scavenger Leader +4/craft/exchange], Spirit Sword x1 [drop: L48 Hatar Ratman Boss, L48 Tarlk Bugbear Warrior +1/craft/exchange], Crystal: D-Grade x285 [shop 1,300/exchange], Adena x185,250 || Exchange at mammblack 1b: Stormbringer*Shamshir x1 [exchange]
PIECE	2565	Stormbringer*Raid Sword	C	weapon	lrhand	DUAL	0	P.Atk 183 M.Atk 81	Exchange at mammblack 1a: Stormbringer*Stormbringer x1 [exchange], Ancient Adena x600,000 || Exchange at duals 01: Stormbringer x1 [drop: L39 Leader of Cat Gang, L40 Road Scavenger Leader +4/craft/exchange], Raid Sword x1 [drop: L48 Hatar Ratman Boss, L48 Tarlk Bugbear Warrior +1/craft/exchange/quest], Crystal: D-Grade x285 [shop 1,300/exchange], Adena x185,250 || Exchange at mammblack 1b: Stormbringer*Shamshir x1 [exchange]
PIECE	2566	Stormbringer*Caliburs	B	weapon	lrhand	DUAL	0	P.Atk 197 M.Atk 86	Exchange at duals 02: Stormbringer x1 [drop: L39 Leader of Cat Gang, L40 Road Scavenger Leader +4/craft/exchange], Caliburs x1 [drop: L44 Rotten Tree Repiro, L45 Iron Giant Totem +9/craft/exchange], Dualsword Craft Stamp x1 [shop 20,000/exchange], Crystal: C-Grade x203 [shop 6,000/exchange], Adena x609,000
PIECE	2567	Stormbringer*Sword of Limit	B	weapon	lrhand	DUAL	0	P.Atk 197 M.Atk 86	Exchange at duals 02: Stormbringer x1 [drop: L39 Leader of Cat Gang, L40 Road Scavenger Leader +4/craft/exchange], Sword of Limit x1 [craft/exchange], Dualsword Craft Stamp x1 [shop 20,000/exchange], Crystal: C-Grade x203 [shop 6,000/exchange], Adena x609,000
PIECE	2568	Stormbringer*Sword of Delusion	B	weapon	lrhand	DUAL	0	P.Atk 197 M.Atk 86	Exchange at duals 02: Stormbringer x1 [drop: L39 Leader of Cat Gang, L40 Road Scavenger Leader +4/craft/exchange], Sword of Delusion x1 [drop: L44 Rotten Tree Repiro, L45 Iron Giant Totem +8/craft/exchange], Dualsword Craft Stamp x1 [shop 20,000/exchange], Crystal: C-Grade x203 [shop 6,000/exchange], Adena x609,000
PIECE	2569	Stormbringer*Sword of Nightmare	B	weapon	lrhand	DUAL	0	P.Atk 197 M.Atk 86	Exchange at duals 02: Stormbringer x1 [drop: L39 Leader of Cat Gang, L40 Road Scavenger Leader +4/craft/exchange], Sword of Nightmare x1 [drop: L44 Rotten Tree Repiro, L45 Iron Giant Totem +7/craft/exchange], Dualsword Craft Stamp x1 [shop 20,000/exchange], Crystal: C-Grade x203 [shop 6,000/exchange], Adena x609,000
PIECE	2570	Stormbringer*Tsurugi	B	weapon	lrhand	DUAL	0	P.Atk 197 M.Atk 86	Exchange at duals 02: Stormbringer x1 [drop: L39 Leader of Cat Gang, L40 Road Scavenger Leader +4/craft/exchange], Tsurugi x1 [drop: L44 Rotten Tree Repiro, L45 Iron Giant Totem +8/craft/exchange], Dualsword Craft Stamp x1 [shop 20,000/exchange], Crystal: C-Grade x203 [shop 6,000/exchange], Adena x609,000
PIECE	2571	Stormbringer*Samurai Long sword	B	weapon	lrhand	DUAL	0	P.Atk 213 M.Atk 91	Exchange at duals 02: Stormbringer x1 [drop: L39 Leader of Cat Gang, L40 Road Scavenger Leader +4/craft/exchange], Samurai Longsword x1 [drop: L48 King Tarlk, L53 Crimson Doll Blader +6/craft/exchange/quest], Dualsword Craft Stamp x1 [shop 20,000/exchange], Crystal: C-Grade x138 [shop 6,000/exchange], Adena x414,000
PIECE	2572	Shamshir*Shamshir	C	weapon	lrhand	DUAL	0	P.Atk 190 M.Atk 83	Exchange at mammblack 1a: Stormbringer*Shamshir x1 [exchange], Ancient Adena x1,020,000 || Exchange at mammblack 1a: Stormbringer*Katana x1 [exchange], Ancient Adena x1,020,000 || Exchange at mammblack 1a: Stormbringer*Spirit Sword x1 [exchange], Ancient Adena x1,020,000
PIECE	2573	Shamshir*Katana	C	weapon	lrhand	DUAL	0	P.Atk 190 M.Atk 83	Exchange at mammblack 1a: Stormbringer*Shamshir x1 [exchange], Ancient Adena x1,020,000 || Exchange at mammblack 1a: Stormbringer*Katana x1 [exchange], Ancient Adena x1,020,000 || Exchange at mammblack 1a: Stormbringer*Spirit Sword x1 [exchange], Ancient Adena x1,020,000
PIECE	2574	Shamshir*Spirit Sword	C	weapon	lrhand	DUAL	0	P.Atk 190 M.Atk 83	Exchange at mammblack 1a: Stormbringer*Shamshir x1 [exchange], Ancient Adena x1,020,000 || Exchange at mammblack 1a: Stormbringer*Katana x1 [exchange], Ancient Adena x1,020,000 || Exchange at mammblack 1a: Stormbringer*Spirit Sword x1 [exchange], Ancient Adena x1,020,000
PIECE	2575	Shamshir*Raid Sword	C	weapon	lrhand	DUAL	0	P.Atk 190 M.Atk 83	Exchange at mammblack 1a: Stormbringer*Shamshir x1 [exchange], Ancient Adena x1,020,000 || Exchange at mammblack 1a: Stormbringer*Katana x1 [exchange], Ancient Adena x1,020,000 || Exchange at mammblack 1a: Stormbringer*Spirit Sword x1 [exchange], Ancient Adena x1,020,000
PIECE	2576	Shamshir*Caliburs	B	weapon	lrhand	DUAL	0	P.Atk 204 M.Atk 89	Exchange at duals 03: Shamshir x1 [drop: L48 Hatar Ratman Boss, L48 Tarlk Bugbear Warrior +1/craft/exchange], Caliburs x1 [drop: L44 Rotten Tree Repiro, L45 Iron Giant Totem +9/craft/exchange], Stone of Purity x353 [shop 6,000/drop: L9 Green Fungus, L10 Vaiss Orc +246/exchange/quest], Adena x1,059,000
PIECE	2577	Shamshir*Sword of Limit	B	weapon	lrhand	DUAL	0	P.Atk 204 M.Atk 89	Exchange at duals 02: Shamshir x1 [drop: L48 Hatar Ratman Boss, L48 Tarlk Bugbear Warrior +1/craft/exchange], Sword of Limit x1 [craft/exchange], Dualsword Craft Stamp x1 [shop 20,000/exchange], Crystal: C-Grade x350 [shop 6,000/exchange], Adena x1,050,000
PIECE	2578	Shamshir*Sword of Delusion	B	weapon	lrhand	DUAL	0	P.Atk 204 M.Atk 89	Exchange at duals 02: Shamshir x1 [drop: L48 Hatar Ratman Boss, L48 Tarlk Bugbear Warrior +1/craft/exchange], Sword of Delusion x1 [drop: L44 Rotten Tree Repiro, L45 Iron Giant Totem +8/craft/exchange], Dualsword Craft Stamp x1 [shop 20,000/exchange], Crystal: C-Grade x350 [shop 6,000/exchange], Adena x1,050,000
PIECE	2579	Shamshir*Sword of Nightmare	B	weapon	lrhand	DUAL	0	P.Atk 204 M.Atk 89	Exchange at duals 03: Shamshir x1 [drop: L48 Hatar Ratman Boss, L48 Tarlk Bugbear Warrior +1/craft/exchange], Sword of Nightmare x1 [drop: L44 Rotten Tree Repiro, L45 Iron Giant Totem +7/craft/exchange], Stone of Purity x353 [shop 6,000/drop: L9 Green Fungus, L10 Vaiss Orc +246/exchange/quest], Adena x1,059,000
PIECE	2580	Shamshir*Tsurugi	B	weapon	lrhand	DUAL	0	P.Atk 204 M.Atk 89	Exchange at duals 03: Shamshir x1 [drop: L48 Hatar Ratman Boss, L48 Tarlk Bugbear Warrior +1/craft/exchange], Tsurugi x1 [drop: L44 Rotten Tree Repiro, L45 Iron Giant Totem +8/craft/exchange], Stone of Purity x353 [shop 6,000/drop: L9 Green Fungus, L10 Vaiss Orc +246/exchange/quest], Adena x1,059,000
PIECE	2581	Shamshir*Samurai Long Sword	B	weapon	lrhand	DUAL	0	P.Atk 220 M.Atk 94	Exchange at duals 03: Shamshir x1 [drop: L48 Hatar Ratman Boss, L48 Tarlk Bugbear Warrior +1/craft/exchange], Samurai Longsword x1 [drop: L48 King Tarlk, L53 Crimson Doll Blader +6/craft/exchange/quest], Stone of Purity x292 [shop 6,000/drop: L9 Green Fungus, L10 Vaiss Orc +246/exchange/quest], Adena x876,000
PIECE	2582	Katana*Katana	C	weapon	lrhand	DUAL	0	P.Atk 190 M.Atk 83	Exchange at mammblack 1a: Stormbringer*Shamshir x1 [exchange], Ancient Adena x1,020,000 || Exchange at mammblack 1a: Stormbringer*Katana x1 [exchange], Ancient Adena x1,020,000 || Exchange at mammblack 1a: Stormbringer*Spirit Sword x1 [exchange], Ancient Adena x1,020,000
PIECE	2583	Katana*Spirit Sword	C	weapon	lrhand	DUAL	0	P.Atk 190 M.Atk 83	Exchange at mammblack 1a: Stormbringer*Shamshir x1 [exchange], Ancient Adena x1,020,000 || Exchange at mammblack 1a: Stormbringer*Katana x1 [exchange], Ancient Adena x1,020,000 || Exchange at mammblack 1a: Stormbringer*Spirit Sword x1 [exchange], Ancient Adena x1,020,000
PIECE	2584	Katana*Raid Sword	C	weapon	lrhand	DUAL	0	P.Atk 190 M.Atk 83	Exchange at mammblack 1a: Stormbringer*Shamshir x1 [exchange], Ancient Adena x1,020,000 || Exchange at mammblack 1a: Stormbringer*Katana x1 [exchange], Ancient Adena x1,020,000 || Exchange at mammblack 1a: Stormbringer*Spirit Sword x1 [exchange], Ancient Adena x1,020,000
PIECE	2585	Katana*Caliburs	B	weapon	lrhand	DUAL	0	P.Atk 204 M.Atk 89	Exchange at duals 03: Katana x1 [drop: L48 Hatar Ratman Boss, L48 Tarlk Bugbear Warrior +1/craft/exchange], Caliburs x1 [drop: L44 Rotten Tree Repiro, L45 Iron Giant Totem +9/craft/exchange], Stone of Purity x353 [shop 6,000/drop: L9 Green Fungus, L10 Vaiss Orc +246/exchange/quest], Adena x1,059,000
PIECE	2586	Katana*Sword of Limit	B	weapon	lrhand	DUAL	0	P.Atk 204 M.Atk 89	Exchange at duals 02: Katana x1 [drop: L48 Hatar Ratman Boss, L48 Tarlk Bugbear Warrior +1/craft/exchange], Sword of Limit x1 [craft/exchange], Dualsword Craft Stamp x1 [shop 20,000/exchange], Crystal: C-Grade x350 [shop 6,000/exchange], Adena x1,050,000
PIECE	2587	Katana*Sword of Delusion	B	weapon	lrhand	DUAL	0	P.Atk 204 M.Atk 89	Exchange at duals 02: Katana x1 [drop: L48 Hatar Ratman Boss, L48 Tarlk Bugbear Warrior +1/craft/exchange], Sword of Delusion x1 [drop: L44 Rotten Tree Repiro, L45 Iron Giant Totem +8/craft/exchange], Dualsword Craft Stamp x1 [shop 20,000/exchange], Crystal: C-Grade x350 [shop 6,000/exchange], Adena x1,050,000
PIECE	2588	Katana*Sword of Nightmare	B	weapon	lrhand	DUAL	0	P.Atk 204 M.Atk 89	Exchange at duals 03: Katana x1 [drop: L48 Hatar Ratman Boss, L48 Tarlk Bugbear Warrior +1/craft/exchange], Sword of Nightmare x1 [drop: L44 Rotten Tree Repiro, L45 Iron Giant Totem +7/craft/exchange], Stone of Purity x353 [shop 6,000/drop: L9 Green Fungus, L10 Vaiss Orc +246/exchange/quest], Adena x1,059,000
PIECE	2589	Katana*Tsurugi	B	weapon	lrhand	DUAL	0	P.Atk 204 M.Atk 89	Exchange at duals 03: Katana x1 [drop: L48 Hatar Ratman Boss, L48 Tarlk Bugbear Warrior +1/craft/exchange], Tsurugi x1 [drop: L44 Rotten Tree Repiro, L45 Iron Giant Totem +8/craft/exchange], Stone of Purity x353 [shop 6,000/drop: L9 Green Fungus, L10 Vaiss Orc +246/exchange/quest], Adena x1,059,000
PIECE	2590	Katana*Samurai Long Sword	B	weapon	lrhand	DUAL	0	P.Atk 220 M.Atk 94	Exchange at duals 03: Katana x1 [drop: L48 Hatar Ratman Boss, L48 Tarlk Bugbear Warrior +1/craft/exchange], Samurai Longsword x1 [drop: L48 King Tarlk, L53 Crimson Doll Blader +6/craft/exchange/quest], Stone of Purity x292 [shop 6,000/drop: L9 Green Fungus, L10 Vaiss Orc +246/exchange/quest], Adena x876,000
PIECE	2591	Spirit Sword*Spirit Sword	C	weapon	lrhand	DUAL	0	P.Atk 190 M.Atk 83	Exchange at mammblack 1a: Stormbringer*Shamshir x1 [exchange], Ancient Adena x1,020,000 || Exchange at mammblack 1a: Stormbringer*Katana x1 [exchange], Ancient Adena x1,020,000 || Exchange at mammblack 1a: Stormbringer*Spirit Sword x1 [exchange], Ancient Adena x1,020,000
PIECE	2592	Spirit Sword*Raid Sword	C	weapon	lrhand	DUAL	0	P.Atk 190 M.Atk 83	Exchange at mammblack 1a: Stormbringer*Shamshir x1 [exchange], Ancient Adena x1,020,000 || Exchange at mammblack 1a: Stormbringer*Katana x1 [exchange], Ancient Adena x1,020,000 || Exchange at mammblack 1a: Stormbringer*Spirit Sword x1 [exchange], Ancient Adena x1,020,000
PIECE	2593	Spirit Sword*Caliburs	B	weapon	lrhand	DUAL	0	P.Atk 204 M.Atk 89	Exchange at duals 03: Spirit Sword x1 [drop: L48 Hatar Ratman Boss, L48 Tarlk Bugbear Warrior +1/craft/exchange], Caliburs x1 [drop: L44 Rotten Tree Repiro, L45 Iron Giant Totem +9/craft/exchange], Stone of Purity x353 [shop 6,000/drop: L9 Green Fungus, L10 Vaiss Orc +246/exchange/quest], Adena x1,059,000
PIECE	2594	Spirit Sword*Sword of Limit	B	weapon	lrhand	DUAL	0	P.Atk 204 M.Atk 89	Exchange at duals 02: Spirit Sword x1 [drop: L48 Hatar Ratman Boss, L48 Tarlk Bugbear Warrior +1/craft/exchange], Sword of Limit x1 [craft/exchange], Dualsword Craft Stamp x1 [shop 20,000/exchange], Crystal: C-Grade x350 [shop 6,000/exchange], Adena x1,050,000
PIECE	2595	Spirit Sword*Sword of Delusion	B	weapon	lrhand	DUAL	0	P.Atk 204 M.Atk 89	Exchange at duals 02: Spirit Sword x1 [drop: L48 Hatar Ratman Boss, L48 Tarlk Bugbear Warrior +1/craft/exchange], Sword of Delusion x1 [drop: L44 Rotten Tree Repiro, L45 Iron Giant Totem +8/craft/exchange], Dualsword Craft Stamp x1 [shop 20,000/exchange], Crystal: C-Grade x350 [shop 6,000/exchange], Adena x1,050,000
PIECE	2596	Spirit Sword*Sword of Nightmare	B	weapon	lrhand	DUAL	0	P.Atk 204 M.Atk 89	Exchange at duals 03: Spirit Sword x1 [drop: L48 Hatar Ratman Boss, L48 Tarlk Bugbear Warrior +1/craft/exchange], Sword of Nightmare x1 [drop: L44 Rotten Tree Repiro, L45 Iron Giant Totem +7/craft/exchange], Stone of Purity x353 [shop 6,000/drop: L9 Green Fungus, L10 Vaiss Orc +246/exchange/quest], Adena x1,059,000
PIECE	2597	Spirit Sword*Tsurugi	B	weapon	lrhand	DUAL	0	P.Atk 204 M.Atk 89	Exchange at duals 03: Spirit Sword x1 [drop: L48 Hatar Ratman Boss, L48 Tarlk Bugbear Warrior +1/craft/exchange], Tsurugi x1 [drop: L44 Rotten Tree Repiro, L45 Iron Giant Totem +8/craft/exchange], Stone of Purity x353 [shop 6,000/drop: L9 Green Fungus, L10 Vaiss Orc +246/exchange/quest], Adena x1,059,000
PIECE	2598	Spirit Sword*Samurai Long Sword	B	weapon	lrhand	DUAL	0	P.Atk 220 M.Atk 94	Exchange at duals 03: Spirit Sword x1 [drop: L48 Hatar Ratman Boss, L48 Tarlk Bugbear Warrior +1/craft/exchange], Samurai Longsword x1 [drop: L48 King Tarlk, L53 Crimson Doll Blader +6/craft/exchange/quest], Stone of Purity x292 [shop 6,000/drop: L9 Green Fungus, L10 Vaiss Orc +246/exchange/quest], Adena x876,000
PIECE	2599	Raid Sword*Raid Sword	C	weapon	lrhand	DUAL	0	P.Atk 190 M.Atk 83	Exchange at mammblack 1a: Stormbringer*Shamshir x1 [exchange], Ancient Adena x1,020,000 || Exchange at mammblack 1a: Stormbringer*Katana x1 [exchange], Ancient Adena x1,020,000 || Exchange at mammblack 1a: Stormbringer*Spirit Sword x1 [exchange], Ancient Adena x1,020,000
PIECE	2600	Raid Sword*Caliburs	B	weapon	lrhand	DUAL	0	P.Atk 204 M.Atk 89	Exchange at duals 03: Raid Sword x1 [drop: L48 Hatar Ratman Boss, L48 Tarlk Bugbear Warrior +1/craft/exchange/quest], Caliburs x1 [drop: L44 Rotten Tree Repiro, L45 Iron Giant Totem +9/craft/exchange], Stone of Purity x353 [shop 6,000/drop: L9 Green Fungus, L10 Vaiss Orc +246/exchange/quest], Adena x1,059,000
PIECE	2601	Raid Sword*Sword of Limit	B	weapon	lrhand	DUAL	0	P.Atk 204 M.Atk 89	Exchange at duals 02: Raid Sword x1 [drop: L48 Hatar Ratman Boss, L48 Tarlk Bugbear Warrior +1/craft/exchange/quest], Sword of Limit x1 [craft/exchange], Dualsword Craft Stamp x1 [shop 20,000/exchange], Crystal: C-Grade x350 [shop 6,000/exchange], Adena x1,050,000
PIECE	2602	Raid Sword*Sword of Delusion	B	weapon	lrhand	DUAL	0	P.Atk 204 M.Atk 89	Exchange at duals 02: Raid Sword x1 [drop: L48 Hatar Ratman Boss, L48 Tarlk Bugbear Warrior +1/craft/exchange/quest], Sword of Delusion x1 [drop: L44 Rotten Tree Repiro, L45 Iron Giant Totem +8/craft/exchange], Dualsword Craft Stamp x1 [shop 20,000/exchange], Crystal: C-Grade x350 [shop 6,000/exchange], Adena x1,050,000
PIECE	2603	Raid Sword*Sword of Nightmare	B	weapon	lrhand	DUAL	0	P.Atk 204 M.Atk 89	Exchange at duals 03: Raid Sword x1 [drop: L48 Hatar Ratman Boss, L48 Tarlk Bugbear Warrior +1/craft/exchange/quest], Sword of Nightmare x1 [drop: L44 Rotten Tree Repiro, L45 Iron Giant Totem +7/craft/exchange], Stone of Purity x353 [shop 6,000/drop: L9 Green Fungus, L10 Vaiss Orc +246/exchange/quest], Adena x1,059,000
PIECE	2604	Raid Sword*Tsurugi	B	weapon	lrhand	DUAL	0	P.Atk 204 M.Atk 89	Exchange at duals 03: Raid Sword x1 [drop: L48 Hatar Ratman Boss, L48 Tarlk Bugbear Warrior +1/craft/exchange/quest], Tsurugi x1 [drop: L44 Rotten Tree Repiro, L45 Iron Giant Totem +8/craft/exchange], Stone of Purity x353 [shop 6,000/drop: L9 Green Fungus, L10 Vaiss Orc +246/exchange/quest], Adena x1,059,000
PIECE	2605	Raid Sword*Samurai Long Sword	B	weapon	lrhand	DUAL	0	P.Atk 220 M.Atk 94	Exchange at duals 03: Raid Sword x1 [drop: L48 Hatar Ratman Boss, L48 Tarlk Bugbear Warrior +1/craft/exchange/quest], Samurai Longsword x1 [drop: L48 King Tarlk, L53 Crimson Doll Blader +6/craft/exchange/quest], Stone of Purity x292 [shop 6,000/drop: L9 Green Fungus, L10 Vaiss Orc +246/exchange/quest], Adena x876,000
PIECE	2606	Caliburs*Caliburs	B	weapon	lrhand	DUAL	0	P.Atk 213 M.Atk 91	Exchange at duals 03: Caliburs x1 [drop: L44 Rotten Tree Repiro, L45 Iron Giant Totem +9/craft/exchange], Caliburs x1 [drop: L44 Rotten Tree Repiro, L45 Iron Giant Totem +9/craft/exchange], Stone of Purity x45 [shop 6,000/drop: L9 Green Fungus, L10 Vaiss Orc +246/exchange/quest], Adena x135,000
PIECE	2607	Caliburs*Sword of Limit	B	weapon	lrhand	DUAL	0	P.Atk 213 M.Atk 91	Exchange at duals 02: Caliburs x1 [drop: L44 Rotten Tree Repiro, L45 Iron Giant Totem +9/craft/exchange], Sword of Limit x1 [craft/exchange], Dualsword Craft Stamp x1 [shop 20,000/exchange], Crystal: C-Grade x42 [shop 6,000/exchange], Adena x126,000
PIECE	2608	Caliburs*Sword of Delusion	B	weapon	lrhand	DUAL	0	P.Atk 213 M.Atk 91	Exchange at duals 02: Caliburs x1 [drop: L44 Rotten Tree Repiro, L45 Iron Giant Totem +9/craft/exchange], Sword of Delusion x1 [drop: L44 Rotten Tree Repiro, L45 Iron Giant Totem +8/craft/exchange], Dualsword Craft Stamp x1 [shop 20,000/exchange], Crystal: C-Grade x42 [shop 6,000/exchange], Adena x126,000
PIECE	2609	Caliburs*Sword of Nightmare	B	weapon	lrhand	DUAL	0	P.Atk 213 M.Atk 91	Exchange at duals 03: Caliburs x1 [drop: L44 Rotten Tree Repiro, L45 Iron Giant Totem +9/craft/exchange], Sword of Nightmare x1 [drop: L44 Rotten Tree Repiro, L45 Iron Giant Totem +7/craft/exchange], Stone of Purity x45 [shop 6,000/drop: L9 Green Fungus, L10 Vaiss Orc +246/exchange/quest], Adena x135,000
PIECE	2610	Caliburs*Tsurugi	B	weapon	lrhand	DUAL	0	P.Atk 213 M.Atk 91	Exchange at duals 03: Caliburs x1 [drop: L44 Rotten Tree Repiro, L45 Iron Giant Totem +9/craft/exchange], Tsurugi x1 [drop: L44 Rotten Tree Repiro, L45 Iron Giant Totem +8/craft/exchange], Stone of Purity x45 [shop 6,000/drop: L9 Green Fungus, L10 Vaiss Orc +246/exchange/quest], Adena x135,000
PIECE	2611	Caliburs*Samurai Long Sword	B	weapon	lrhand	DUAL	0	P.Atk 228 M.Atk 97	Exchange at duals 03: Caliburs x1 [drop: L44 Rotten Tree Repiro, L45 Iron Giant Totem +9/craft/exchange], Samurai Longsword x1 [drop: L48 King Tarlk, L53 Crimson Doll Blader +6/craft/exchange/quest], Stone of Purity x490 [shop 6,000/drop: L9 Green Fungus, L10 Vaiss Orc +246/exchange/quest], Adena x1,470,000
PIECE	2612	Sword of Limit*Sword of Limit	B	weapon	lrhand	DUAL	0	P.Atk 213 M.Atk 91	Exchange at duals 02: Sword of Limit x1 [craft/exchange], Sword of Limit x1 [craft/exchange], Dualsword Craft Stamp x1 [shop 20,000/exchange], Crystal: C-Grade x42 [shop 6,000/exchange], Adena x126,000
PIECE	2613	Sword of Limit*Sword of Delusion	B	weapon	lrhand	DUAL	0	P.Atk 213 M.Atk 91	Exchange at duals 02: Sword of Limit x1 [craft/exchange], Sword of Delusion x1 [drop: L44 Rotten Tree Repiro, L45 Iron Giant Totem +8/craft/exchange], Dualsword Craft Stamp x1 [shop 20,000/exchange], Crystal: C-Grade x42 [shop 6,000/exchange], Adena x126,000
PIECE	2614	Sword of Limit*Sword of Nightmare	B	weapon	lrhand	DUAL	0	P.Atk 213 M.Atk 91	Exchange at duals 02: Sword of Limit x1 [craft/exchange], Sword of Nightmare x1 [drop: L44 Rotten Tree Repiro, L45 Iron Giant Totem +7/craft/exchange], Dualsword Craft Stamp x1 [shop 20,000/exchange], Crystal: C-Grade x42 [shop 6,000/exchange], Adena x126,000
PIECE	2615	Sword of Limit*Tsurugi	B	weapon	lrhand	DUAL	0	P.Atk 213 M.Atk 91	Exchange at duals 02: Sword of Limit x1 [craft/exchange], Tsurugi x1 [drop: L44 Rotten Tree Repiro, L45 Iron Giant Totem +8/craft/exchange], Dualsword Craft Stamp x1 [shop 20,000/exchange], Crystal: C-Grade x42 [shop 6,000/exchange], Adena x126,000
PIECE	2616	Sword of Limit*Samurai Long Sword	B	weapon	lrhand	DUAL	0	P.Atk 228 M.Atk 97	Exchange at duals 02: Sword of Limit x1 [craft/exchange], Samurai Longsword x1 [drop: L48 King Tarlk, L53 Crimson Doll Blader +6/craft/exchange/quest], Dualsword Craft Stamp x1 [shop 20,000/exchange], Crystal: C-Grade x487 [shop 6,000/exchange], Adena x1,461,000
PIECE	2617	Sword of Delusion*Sword of Delusion	B	weapon	lrhand	DUAL	0	P.Atk 213 M.Atk 91	Exchange at duals 02: Sword of Delusion x1 [drop: L44 Rotten Tree Repiro, L45 Iron Giant Totem +8/craft/exchange], Sword of Delusion x1 [drop: L44 Rotten Tree Repiro, L45 Iron Giant Totem +8/craft/exchange], Dualsword Craft Stamp x1 [shop 20,000/exchange], Crystal: C-Grade x42 [shop 6,000/exchange], Adena x126,000
PIECE	2618	Sword of Delusion*Sword of Nightmare	B	weapon	lrhand	DUAL	0	P.Atk 213 M.Atk 91	Exchange at duals 02: Sword of Delusion x1 [drop: L44 Rotten Tree Repiro, L45 Iron Giant Totem +8/craft/exchange], Sword of Nightmare x1 [drop: L44 Rotten Tree Repiro, L45 Iron Giant Totem +7/craft/exchange], Dualsword Craft Stamp x1 [shop 20,000/exchange], Crystal: C-Grade x42 [shop 6,000/exchange], Adena x126,000
PIECE	2619	Sword of Delusion*Tsurugi	B	weapon	lrhand	DUAL	0	P.Atk 213 M.Atk 91	Exchange at duals 02: Sword of Delusion x1 [drop: L44 Rotten Tree Repiro, L45 Iron Giant Totem +8/craft/exchange], Tsurugi x1 [drop: L44 Rotten Tree Repiro, L45 Iron Giant Totem +8/craft/exchange], Dualsword Craft Stamp x1 [shop 20,000/exchange], Crystal: C-Grade x42 [shop 6,000/exchange], Adena x126,000
PIECE	2620	Sword of Delusion*Samurai Long Sword	B	weapon	lrhand	DUAL	0	P.Atk 228 M.Atk 97	Exchange at duals 02: Sword of Delusion x1 [drop: L44 Rotten Tree Repiro, L45 Iron Giant Totem +8/craft/exchange], Samurai Longsword x1 [drop: L48 King Tarlk, L53 Crimson Doll Blader +6/craft/exchange/quest], Dualsword Craft Stamp x1 [shop 20,000/exchange], Crystal: C-Grade x487 [shop 6,000/exchange], Adena x1,461,000
PIECE	2621	Sword of Nightmare*Sword of Nightmare	B	weapon	lrhand	DUAL	0	P.Atk 213 M.Atk 91	Exchange at duals 03: Sword of Nightmare x1 [drop: L44 Rotten Tree Repiro, L45 Iron Giant Totem +7/craft/exchange], Sword of Nightmare x1 [drop: L44 Rotten Tree Repiro, L45 Iron Giant Totem +7/craft/exchange], Stone of Purity x45 [shop 6,000/drop: L9 Green Fungus, L10 Vaiss Orc +246/exchange/quest], Adena x135,000
PIECE	2622	Sword of Nightmare*Tsurugi	B	weapon	lrhand	DUAL	0	P.Atk 213 M.Atk 91	Exchange at duals 03: Sword of Nightmare x1 [drop: L44 Rotten Tree Repiro, L45 Iron Giant Totem +7/craft/exchange], Tsurugi x1 [drop: L44 Rotten Tree Repiro, L45 Iron Giant Totem +8/craft/exchange], Stone of Purity x45 [shop 6,000/drop: L9 Green Fungus, L10 Vaiss Orc +246/exchange/quest], Adena x135,000
PIECE	2623	Sword of Nightmare*Samurai Long Sword	B	weapon	lrhand	DUAL	0	P.Atk 228 M.Atk 97	Exchange at duals 03: Sword of Nightmare x1 [drop: L44 Rotten Tree Repiro, L45 Iron Giant Totem +7/craft/exchange], Samurai Longsword x1 [drop: L48 King Tarlk, L53 Crimson Doll Blader +6/craft/exchange/quest], Stone of Purity x490 [shop 6,000/drop: L9 Green Fungus, L10 Vaiss Orc +246/exchange/quest], Adena x1,470,000
PIECE	2624	Tsurugi*Tsurugi	B	weapon	lrhand	DUAL	0	P.Atk 213 M.Atk 91	Exchange at duals 03: Tsurugi x1 [drop: L44 Rotten Tree Repiro, L45 Iron Giant Totem +8/craft/exchange], Tsurugi x1 [drop: L44 Rotten Tree Repiro, L45 Iron Giant Totem +8/craft/exchange], Stone of Purity x45 [shop 6,000/drop: L9 Green Fungus, L10 Vaiss Orc +246/exchange/quest], Adena x135,000 || Exchange (list 697): Adena x343,060,000
PIECE	2625	Tsurugi*Samurai Long Sword	B	weapon	lrhand	DUAL	0	P.Atk 228 M.Atk 97	Exchange at duals 03: Tsurugi x1 [drop: L44 Rotten Tree Repiro, L45 Iron Giant Totem +8/craft/exchange], Samurai Longsword x1 [drop: L48 King Tarlk, L53 Crimson Doll Blader +6/craft/exchange/quest], Stone of Purity x490 [shop 6,000/drop: L9 Green Fungus, L10 Vaiss Orc +246/exchange/quest], Adena x1,470,000
PIECE	2626	Samurai Long Sword*Samurai Long Sword	B	weapon	lrhand	DUAL	0	P.Atk 236 M.Atk 99	Exchange at duals 03: Samurai Longsword x1 [drop: L48 King Tarlk, L53 Crimson Doll Blader +6/craft/exchange/quest], Samurai Longsword x1 [drop: L48 King Tarlk, L53 Crimson Doll Blader +6/craft/exchange/quest], Stone of Purity x500 [shop 6,000/drop: L9 Green Fungus, L10 Vaiss Orc +246/exchange/quest], Adena x1,500,000 || Exchange (list 697): Adena x343,060,000
PIECE	4233	Knuckle Duster	C	weapon	lrhand	DUALFIST	0	P.Atk 148 M.Atk 68	Exchange at mammblack 1: Knuckle Duster - Rsk. Evasion x1 [exchange] || Exchange at mammblack 1: Knuckle Duster - Rsk. Haste x1 [exchange] || Exchange at mammblack 1: Knuckle Duster - Haste x1 [exchange] || Craft (lvl 5, 100%): Knuckle Duster Edge x9 [shop 56,088/drop: L48 Fiend Archer, L48 Tanor Silenos Shaman +1], Mithril Alloy x54 [shop 26,200/craft/exchange/quest], Synthetic Cokes x54 [shop 13,200/craft/exchange/quest], High Grade Suede x27 [shop 4,800/drop: L27 Grave Robber Lookout, L27 Ol Mahum Raider +105/craft/exchange/quest], Crystal: C-Grade x200 [shop 6,000/exchange], Gemstone C x105 [shop 6,000] || Drop: L48 Tanor Silenos Shaman, L48 Theeder Piker
PIECE	4681	Stormbringer - Critical Anger	C	weapon	rhand	SWORD	0	P.Atk 107 M.Atk 61	Exchange at weapon sa 01: Stormbringer x1 [drop: L39 Leader of Cat Gang, L40 Road Scavenger Leader +4/craft/exchange], Red Soul Crystal - Stage 5 x1 [?], Gemstone C x97 [shop 6,000], Adena x291,000
PIECE	4682	Stormbringer - Focus	C	weapon	rhand	SWORD	0	P.Atk 107 M.Atk 61	Exchange at weapon sa 01: Stormbringer x1 [drop: L39 Leader of Cat Gang, L40 Road Scavenger Leader +4/craft/exchange], Green Soul Crystal - Stage 5 x1 [?], Gemstone C x97 [shop 6,000], Adena x291,000
PIECE	4683	Stormbringer - Light	C	weapon	rhand	SWORD	0	P.Atk 107 M.Atk 61	Exchange at weapon sa 01: Stormbringer x1 [drop: L39 Leader of Cat Gang, L40 Road Scavenger Leader +4/craft/exchange], Blue Soul Crystal - Stage 5 x1 [?], Gemstone C x97 [shop 6,000], Adena x291,000
PIECE	4684	Shamshir - Guidance	C	weapon	rhand	SWORD	0	P.Atk 122 M.Atk 68	Exchange at weapon sa 01: Shamshir x1 [drop: L48 Hatar Ratman Boss, L48 Tarlk Bugbear Warrior +1/craft/exchange], Red Soul Crystal - Stage 6 x1 [?], Gemstone C x238 [shop 6,000], Adena x714,000
PIECE	4685	Shamshir - Back Blow	C	weapon	rhand	SWORD	0	P.Atk 122 M.Atk 68	Exchange at weapon sa 01: Shamshir x1 [drop: L48 Hatar Ratman Boss, L48 Tarlk Bugbear Warrior +1/craft/exchange], Green Soul Crystal - Stage 6 x1 [?], Gemstone C x238 [shop 6,000], Adena x714,000
PIECE	4686	Shamshir - Rsk. Evasion	C	weapon	rhand	SWORD	0	P.Atk 122 M.Atk 68	Exchange at weapon sa 01: Shamshir x1 [drop: L48 Hatar Ratman Boss, L48 Tarlk Bugbear Warrior +1/craft/exchange], Blue Soul Crystal - Stage 6 x1 [?], Gemstone C x238 [shop 6,000], Adena x714,000
PIECE	4687	Katana - Focus	C	weapon	rhand	SWORD	0	P.Atk 122 M.Atk 68	Exchange at weapon sa 01: Katana x1 [drop: L48 Hatar Ratman Boss, L48 Tarlk Bugbear Warrior +1/craft/exchange], Red Soul Crystal - Stage 6 x1 [?], Gemstone C x238 [shop 6,000], Adena x714,000
PIECE	4688	Katana - Critical Damage	C	weapon	rhand	SWORD	0	P.Atk 122 M.Atk 68	Exchange at weapon sa 01: Katana x1 [drop: L48 Hatar Ratman Boss, L48 Tarlk Bugbear Warrior +1/craft/exchange], Green Soul Crystal - Stage 6 x1 [?], Gemstone C x238 [shop 6,000], Adena x714,000
PIECE	4689	Katana - Haste	C	weapon	rhand	SWORD	0	P.Atk 122 M.Atk 68	Exchange at weapon sa 01: Katana x1 [drop: L48 Hatar Ratman Boss, L48 Tarlk Bugbear Warrior +1/craft/exchange], Blue Soul Crystal - Stage 6 x1 [?], Gemstone C x238 [shop 6,000], Adena x714,000
PIECE	4690	Spirit Sword - Critical Damage	C	weapon	rhand	SWORD	0	P.Atk 122 M.Atk 68	Exchange at weapon sa 01: Spirit Sword x1 [drop: L48 Hatar Ratman Boss, L48 Tarlk Bugbear Warrior +1/craft/exchange], Red Soul Crystal - Stage 6 x1 [?], Gemstone C x238 [shop 6,000], Adena x714,000
PIECE	4691	Spirit Sword - Critical Poison	C	weapon	rhand	SWORD	0	P.Atk 122 M.Atk 68	Exchange at weapon sa 01: Spirit Sword x1 [drop: L48 Hatar Ratman Boss, L48 Tarlk Bugbear Warrior +1/craft/exchange], Green Soul Crystal - Stage 6 x1 [?], Gemstone C x238 [shop 6,000], Adena x714,000
PIECE	4692	Spirit Sword - Haste	C	weapon	rhand	SWORD	0	P.Atk 122 M.Atk 68	Exchange at weapon sa 01: Spirit Sword x1 [drop: L48 Hatar Ratman Boss, L48 Tarlk Bugbear Warrior +1/craft/exchange], Blue Soul Crystal - Stage 6 x1 [?], Gemstone C x238 [shop 6,000], Adena x714,000
PIECE	4693	Raid Sword - Focus	C	weapon	rhand	SWORD	0	P.Atk 122 M.Atk 68	Exchange at weapon sa 01: Raid Sword x1 [drop: L48 Hatar Ratman Boss, L48 Tarlk Bugbear Warrior +1/craft/exchange/quest], Red Soul Crystal - Stage 6 x1 [?], Gemstone C x238 [shop 6,000], Adena x714,000
PIECE	4694	Raid Sword - Critical Drain	C	weapon	rhand	SWORD	0	P.Atk 122 M.Atk 68	Exchange at weapon sa 01: Raid Sword x1 [drop: L48 Hatar Ratman Boss, L48 Tarlk Bugbear Warrior +1/craft/exchange/quest], Green Soul Crystal - Stage 6 x1 [?], Gemstone C x238 [shop 6,000], Adena x714,000
PIECE	4695	Raid Sword - Critical Poison	C	weapon	rhand	SWORD	0	P.Atk 122 M.Atk 68	Exchange at weapon sa 01: Raid Sword x1 [drop: L48 Hatar Ratman Boss, L48 Tarlk Bugbear Warrior +1/craft/exchange/quest], Blue Soul Crystal - Stage 6 x1 [?], Gemstone C x238 [shop 6,000], Adena x714,000
PIECE	4696	Caliburs - Guidance	C	weapon	rhand	SWORD	0	P.Atk 139 M.Atk 76	Exchange at weapon sa 01: Caliburs x1 [drop: L44 Rotten Tree Repiro, L45 Iron Giant Totem +9/craft/exchange], Red Soul Crystal - Stage 7 x1 [exchange], Gemstone C x306 [shop 6,000], Adena x918,000
PIECE	4697	Caliburs - Focus	C	weapon	rhand	SWORD	0	P.Atk 139 M.Atk 76	Exchange at weapon sa 01: Caliburs x1 [drop: L44 Rotten Tree Repiro, L45 Iron Giant Totem +9/craft/exchange], Green Soul Crystal - Stage 7 x1 [exchange], Gemstone C x306 [shop 6,000], Adena x918,000
PIECE	4698	Caliburs - Critical Damage	C	weapon	rhand	SWORD	0	P.Atk 139 M.Atk 76	Exchange at weapon sa 01: Caliburs x1 [drop: L44 Rotten Tree Repiro, L45 Iron Giant Totem +9/craft/exchange], Blue Soul Crystal - Stage 7 x1 [exchange], Gemstone C x306 [shop 6,000], Adena x918,000
PIECE	4699	Sword of Delusion - Focus	C	weapon	rhand	SWORD	0	P.Atk 139 M.Atk 76	Exchange at weapon sa 01: Sword of Delusion x1 [drop: L44 Rotten Tree Repiro, L45 Iron Giant Totem +8/craft/exchange], Red Soul Crystal - Stage 7 x1 [exchange], Gemstone C x306 [shop 6,000], Adena x918,000
PIECE	4700	Sword of Delusion - Health	C	weapon	rhand	SWORD	0	P.Atk 139 M.Atk 76	Exchange at weapon sa 01: Sword of Delusion x1 [drop: L44 Rotten Tree Repiro, L45 Iron Giant Totem +8/craft/exchange], Green Soul Crystal - Stage 7 x1 [exchange], Gemstone C x306 [shop 6,000], Adena x918,000
PIECE	4701	Sword of Delusion - Rsk. Haste	C	weapon	rhand	SWORD	0	P.Atk 139 M.Atk 76	Exchange at weapon sa 01: Sword of Delusion x1 [drop: L44 Rotten Tree Repiro, L45 Iron Giant Totem +8/craft/exchange], Blue Soul Crystal - Stage 7 x1 [exchange], Gemstone C x306 [shop 6,000], Adena x918,000
PIECE	4702	Tsurugi - Focus	C	weapon	rhand	SWORD	0	P.Atk 139 M.Atk 76	Exchange at weapon sa 01: Tsurugi x1 [drop: L44 Rotten Tree Repiro, L45 Iron Giant Totem +8/craft/exchange], Red Soul Crystal - Stage 7 x1 [exchange], Gemstone C x306 [shop 6,000], Adena x918,000
PIECE	4703	Tsurugi - Critical Damage	C	weapon	rhand	SWORD	0	P.Atk 139 M.Atk 76	Exchange at weapon sa 01: Tsurugi x1 [drop: L44 Rotten Tree Repiro, L45 Iron Giant Totem +8/craft/exchange], Green Soul Crystal - Stage 7 x1 [exchange], Gemstone C x306 [shop 6,000], Adena x918,000
PIECE	4704	Tsurugi - Haste	C	weapon	rhand	SWORD	0	P.Atk 139 M.Atk 76	Exchange at weapon sa 01: Tsurugi x1 [drop: L44 Rotten Tree Repiro, L45 Iron Giant Totem +8/craft/exchange], Blue Soul Crystal - Stage 7 x1 [exchange], Gemstone C x306 [shop 6,000], Adena x918,000
PIECE	4705	Sword of Nightmare - Health	C	weapon	rhand	SWORD	0	P.Atk 139 M.Atk 76	Exchange at weapon sa 01: Sword of Nightmare x1 [drop: L44 Rotten Tree Repiro, L45 Iron Giant Totem +7/craft/exchange], Red Soul Crystal - Stage 7 x1 [exchange], Gemstone C x306 [shop 6,000], Adena x918,000
PIECE	4706	Sword of Nightmare - Focus	C	weapon	rhand	SWORD	0	P.Atk 139 M.Atk 76	Exchange at weapon sa 01: Sword of Nightmare x1 [drop: L44 Rotten Tree Repiro, L45 Iron Giant Totem +7/craft/exchange], Green Soul Crystal - Stage 7 x1 [exchange], Gemstone C x306 [shop 6,000], Adena x918,000
PIECE	4707	Sword of Nightmare - Light	C	weapon	rhand	SWORD	0	P.Atk 139 M.Atk 76	Exchange at weapon sa 01: Sword of Nightmare x1 [drop: L44 Rotten Tree Repiro, L45 Iron Giant Totem +7/craft/exchange], Blue Soul Crystal - Stage 7 x1 [exchange], Gemstone C x306 [shop 6,000], Adena x918,000
PIECE	4708	Samurai Longsword - Focus	C	weapon	rhand	SWORD	0	P.Atk 156 M.Atk 83	Exchange at weapon sa 01: Samurai Longsword x1 [drop: L48 King Tarlk, L53 Crimson Doll Blader +6/craft/exchange/quest], Red Soul Crystal - Stage 8 x1 [exchange], Gemstone C x555 [shop 6,000], Adena x1,665,000
PIECE	4709	Samurai Longsword - Critical Damage	C	weapon	rhand	SWORD	0	P.Atk 156 M.Atk 83	Exchange at weapon sa 01: Samurai Longsword x1 [drop: L48 King Tarlk, L53 Crimson Doll Blader +6/craft/exchange/quest], Green Soul Crystal - Stage 8 x1 [exchange], Gemstone C x555 [shop 6,000], Adena x1,665,000
PIECE	4710	Samurai Longsword - Haste	C	weapon	rhand	SWORD	0	P.Atk 156 M.Atk 83	Exchange at weapon sa 01: Samurai Longsword x1 [drop: L48 King Tarlk, L53 Crimson Doll Blader +6/craft/exchange/quest], Blue Soul Crystal - Stage 8 x1 [exchange], Gemstone C x555 [shop 6,000], Adena x1,665,000
PIECE	4711	Flamberge - Critical Damage	C	weapon	lrhand	SWORD	0	P.Atk 130 M.Atk 61	Exchange at weapon sa 01: Flamberge x1 [drop: L39 Leader of Cat Gang, L40 Road Scavenger Leader +4/craft/exchange], Red Soul Crystal - Stage 5 x1 [?], Gemstone C x97 [shop 6,000], Adena x291,000
PIECE	4712	Flamberge - Focus	C	weapon	lrhand	SWORD	0	P.Atk 130 M.Atk 61	Exchange at weapon sa 01: Flamberge x1 [drop: L39 Leader of Cat Gang, L40 Road Scavenger Leader +4/craft/exchange], Green Soul Crystal - Stage 5 x1 [?], Gemstone C x97 [shop 6,000], Adena x291,000
PIECE	4713	Flamberge - Light	C	weapon	lrhand	SWORD	0	P.Atk 130 M.Atk 61	Exchange at weapon sa 01: Flamberge x1 [drop: L39 Leader of Cat Gang, L40 Road Scavenger Leader +4/craft/exchange], Blue Soul Crystal - Stage 5 x1 [?], Gemstone C x97 [shop 6,000], Adena x291,000
PIECE	4714	Keshanberk - Guidance	B	weapon	rhand	SWORD	0	P.Atk 175 M.Atk 91	Exchange at weapon sa 01: Keshanberk x1 [drop: L50 Messenger of Fairy Queen Berun, L52 Captain of Red Flag Shaka +19/craft/exchange], Red Soul Crystal - Stage 9 x1 [exchange], Gemstone B x222 [shop 20,000], Adena x2,220,000
PIECE	4715	Keshanberk - Focus	B	weapon	rhand	SWORD	0	P.Atk 175 M.Atk 91	Exchange at weapon sa 01: Keshanberk x1 [drop: L50 Messenger of Fairy Queen Berun, L52 Captain of Red Flag Shaka +19/craft/exchange], Green Soul Crystal - Stage 9 x1 [exchange], Gemstone B x222 [shop 20,000], Adena x2,220,000
PIECE	4716	Keshanberk - Back Blow	B	weapon	rhand	SWORD	0	P.Atk 175 M.Atk 91	Exchange at weapon sa 01: Keshanberk x1 [drop: L50 Messenger of Fairy Queen Berun, L52 Captain of Red Flag Shaka +19/craft/exchange], Blue Soul Crystal - Stage 9 x1 [exchange], Gemstone B x222 [shop 20,000], Adena x2,220,000
PIECE	4717	Sword of Damascus - Focus	B	weapon	rhand	SWORD	0	P.Atk 194 M.Atk 99	Exchange at weapon sa 01: Sword of Damascus x1 [drop: L58 Anakazel, L62 Wisdom of Splendor +13/craft/exchange], Red Soul Crystal - Stage 10 x1 [exchange], Gemstone B x339 [shop 20,000], Adena x3,390,000
PIECE	4718	Sword of Damascus - Critical Damage	B	weapon	rhand	SWORD	0	P.Atk 194 M.Atk 99	Exchange at weapon sa 01: Sword of Damascus x1 [drop: L58 Anakazel, L62 Wisdom of Splendor +13/craft/exchange], Green Soul Crystal - Stage 10 x1 [exchange], Gemstone B x339 [shop 20,000], Adena x3,390,000
PIECE	4719	Sword of Damascus - Haste	B	weapon	rhand	SWORD	0	P.Atk 194 M.Atk 99	Exchange at weapon sa 01: Sword of Damascus x1 [drop: L58 Anakazel, L62 Wisdom of Splendor +13/craft/exchange], Blue Soul Crystal - Stage 10 x1 [exchange], Gemstone B x339 [shop 20,000], Adena x3,390,000
PIECE	4723	Great Sword - Health	B	weapon	lrhand	SWORD	0	P.Atk 213 M.Atk 91	Exchange at weapon sa 01: Great Sword x1 [drop: L50 Messenger of Fairy Queen Berun, L52 Captain of Red Flag Shaka +19/craft/exchange], Red Soul Crystal - Stage 9 x1 [exchange], Gemstone B x222 [shop 20,000], Adena x2,220,000
PIECE	4724	Great Sword - Critical Damage	B	weapon	lrhand	SWORD	0	P.Atk 213 M.Atk 91	Exchange at weapon sa 01: Great Sword x1 [drop: L50 Messenger of Fairy Queen Berun, L52 Captain of Red Flag Shaka +19/craft/exchange], Green Soul Crystal - Stage 9 x1 [exchange], Gemstone B x222 [shop 20,000], Adena x2,220,000
PIECE	4725	Great Sword - Focus	B	weapon	lrhand	SWORD	0	P.Atk 213 M.Atk 91	Exchange at weapon sa 01: Great Sword x1 [drop: L50 Messenger of Fairy Queen Berun, L52 Captain of Red Flag Shaka +19/craft/exchange], Blue Soul Crystal - Stage 9 x1 [exchange], Gemstone B x222 [shop 20,000], Adena x2,220,000
PIECE	4726	Big Hammer - Health	C	weapon	rhand	BLUNT	0	P.Atk 107 M.Atk 61	Exchange at weapon sa 01: Big Hammer x1 [drop: L40 Water Spirit Lian, L40 Wizard of Storm Teruk +3/craft/exchange], Red Soul Crystal - Stage 5 x1 [?], Gemstone C x97 [shop 6,000], Adena x291,000
PIECE	4727	Big Hammer - Rsk. Focus	C	weapon	rhand	BLUNT	0	P.Atk 107 M.Atk 61	Exchange at weapon sa 01: Big Hammer x1 [drop: L40 Water Spirit Lian, L40 Wizard of Storm Teruk +3/craft/exchange], Green Soul Crystal - Stage 5 x1 [?], Gemstone C x97 [shop 6,000], Adena x291,000
PIECE	4728	Big Hammer - Haste	C	weapon	rhand	BLUNT	0	P.Atk 107 M.Atk 61	Exchange at weapon sa 01: Big Hammer x1 [drop: L40 Water Spirit Lian, L40 Wizard of Storm Teruk +3/craft/exchange], Blue Soul Crystal - Stage 5 x1 [?], Gemstone C x97 [shop 6,000], Adena x291,000
PIECE	4729	Battle Axe - Anger	C	weapon	rhand	BLUNT	0	P.Atk 107 M.Atk 61	Exchange at weapon sa 01: Battle Axe x1 [drop: L40 Water Spirit Lian, L40 Wizard of Storm Teruk +3/craft/exchange], Red Soul Crystal - Stage 5 x1 [?], Gemstone C x97 [shop 6,000], Adena x291,000
PIECE	4730	Battle Axe - Rsk. Focus	C	weapon	rhand	BLUNT	0	P.Atk 107 M.Atk 61	Exchange at weapon sa 01: Battle Axe x1 [drop: L40 Water Spirit Lian, L40 Wizard of Storm Teruk +3/craft/exchange], Green Soul Crystal - Stage 5 x1 [?], Gemstone C x97 [shop 6,000], Adena x291,000
PIECE	4731	Battle Axe - Haste	C	weapon	rhand	BLUNT	0	P.Atk 107 M.Atk 61	Exchange at weapon sa 01: Battle Axe x1 [drop: L40 Water Spirit Lian, L40 Wizard of Storm Teruk +3/craft/exchange], Blue Soul Crystal - Stage 5 x1 [?], Gemstone C x97 [shop 6,000], Adena x291,000
PIECE	4732	Silver Axe - Anger	C	weapon	rhand	BLUNT	0	P.Atk 107 M.Atk 61	Exchange at weapon sa 01: Silver Axe x1 [drop: L40 Water Spirit Lian, L40 Wizard of Storm Teruk +3/craft/exchange], Red Soul Crystal - Stage 5 x1 [?], Gemstone C x97 [shop 6,000], Adena x291,000
PIECE	4733	Silver Axe - Rsk. Focus	C	weapon	rhand	BLUNT	0	P.Atk 107 M.Atk 61	Exchange at weapon sa 01: Silver Axe x1 [drop: L40 Water Spirit Lian, L40 Wizard of Storm Teruk +3/craft/exchange], Green Soul Crystal - Stage 5 x1 [?], Gemstone C x97 [shop 6,000], Adena x291,000
PIECE	4734	Silver Axe - Haste	C	weapon	rhand	BLUNT	0	P.Atk 107 M.Atk 61	Exchange at weapon sa 01: Silver Axe x1 [drop: L40 Water Spirit Lian, L40 Wizard of Storm Teruk +3/craft/exchange], Blue Soul Crystal - Stage 5 x1 [?], Gemstone C x97 [shop 6,000], Adena x291,000
PIECE	4735	Skull Graver - Anger	C	weapon	rhand	BLUNT	0	P.Atk 107 M.Atk 61	Exchange at weapon sa 01: Skull Graver x1 [drop: L40 Water Spirit Lian, L40 Wizard of Storm Teruk +3/craft/exchange], Red Soul Crystal - Stage 5 x1 [?], Gemstone C x97 [shop 6,000], Adena x291,000
PIECE	4736	Skull Graver - Health	C	weapon	rhand	BLUNT	0	P.Atk 107 M.Atk 61	Exchange at weapon sa 01: Skull Graver x1 [drop: L40 Water Spirit Lian, L40 Wizard of Storm Teruk +3/craft/exchange], Green Soul Crystal - Stage 5 x1 [?], Gemstone C x97 [shop 6,000], Adena x291,000
PIECE	4737	Skull Graver - Rsk. Focus	C	weapon	rhand	BLUNT	0	P.Atk 107 M.Atk 61	Exchange at weapon sa 01: Skull Graver x1 [drop: L40 Water Spirit Lian, L40 Wizard of Storm Teruk +3/craft/exchange], Blue Soul Crystal - Stage 5 x1 [?], Gemstone C x97 [shop 6,000], Adena x291,000
PIECE	4738	Dwarven War Hammer - Anger	C	weapon	rhand	BLUNT	0	P.Atk 122 M.Atk 68	Exchange at weapon sa 01: Dwarven War Hammer x1 [drop: L48 Satyr, L49 Soldier of Darkness +1/craft/exchange], Red Soul Crystal - Stage 6 x1 [?], Gemstone C x238 [shop 6,000], Adena x714,000
PIECE	4739	Dwarven War Hammer - Health	C	weapon	rhand	BLUNT	0	P.Atk 122 M.Atk 68	Exchange at weapon sa 01: Dwarven War Hammer x1 [drop: L48 Satyr, L49 Soldier of Darkness +1/craft/exchange], Green Soul Crystal - Stage 6 x1 [?], Gemstone C x238 [shop 6,000], Adena x714,000
PIECE	4740	Dwarven War Hammer - Haste	C	weapon	rhand	BLUNT	0	P.Atk 122 M.Atk 68	Exchange at weapon sa 01: Dwarven War Hammer x1 [drop: L48 Satyr, L49 Soldier of Darkness +1/craft/exchange], Blue Soul Crystal - Stage 6 x1 [?], Gemstone C x238 [shop 6,000], Adena x714,000
PIECE	4741	War Axe - Anger	C	weapon	rhand	BLUNT	0	P.Atk 139 M.Atk 76	Exchange at weapon sa 01: War Axe x1 [drop: L44 Dread Avenger Kraven, L45 Archon Suscepter +8/craft/exchange], Red Soul Crystal - Stage 7 x1 [exchange], Gemstone C x306 [shop 6,000], Adena x918,000
PIECE	4742	War Axe - Health	C	weapon	rhand	BLUNT	0	P.Atk 139 M.Atk 76	Exchange at weapon sa 01: War Axe x1 [drop: L44 Dread Avenger Kraven, L45 Archon Suscepter +8/craft/exchange], Green Soul Crystal - Stage 7 x1 [exchange], Gemstone C x306 [shop 6,000], Adena x918,000
PIECE	4743	War Axe - Haste	C	weapon	rhand	BLUNT	0	P.Atk 139 M.Atk 76	Exchange at weapon sa 01: War Axe x1 [drop: L44 Dread Avenger Kraven, L45 Archon Suscepter +8/craft/exchange], Blue Soul Crystal - Stage 7 x1 [exchange], Gemstone C x306 [shop 6,000], Adena x918,000
PIECE	4744	Yaksa Mace - Anger	C	weapon	rhand	BLUNT	0	P.Atk 156 M.Atk 83	Exchange at weapon sa 01: Yaksa Mace x1 [drop: L48 Anakazel, L53 Purgatory Invader Shaman +5/craft/exchange], Red Soul Crystal - Stage 8 x1 [exchange], Gemstone C x555 [shop 6,000], Adena x1,665,000
PIECE	4745	Yaksa Mace - Health	C	weapon	rhand	BLUNT	0	P.Atk 156 M.Atk 83	Exchange at weapon sa 01: Yaksa Mace x1 [drop: L48 Anakazel, L53 Purgatory Invader Shaman +5/craft/exchange], Green Soul Crystal - Stage 8 x1 [exchange], Gemstone C x555 [shop 6,000], Adena x1,665,000
PIECE	4746	Yaksa Mace - Rsk. Focus	C	weapon	rhand	BLUNT	0	P.Atk 156 M.Atk 83	Exchange at weapon sa 01: Yaksa Mace x1 [drop: L48 Anakazel, L53 Purgatory Invader Shaman +5/craft/exchange], Blue Soul Crystal - Stage 8 x1 [exchange], Gemstone C x555 [shop 6,000], Adena x1,665,000
PIECE	4747	Heavy War Axe - Anger	B	weapon	rhand	BLUNT	0	P.Atk 175 M.Atk 91	Exchange at weapon sa 01: Heavy War Axe x1 [drop: L50 Carnage Lord Gato, L52 Grave Robber Kim +12/craft/exchange], Red Soul Crystal - Stage 9 x1 [exchange], Gemstone B x222 [shop 20,000], Adena x2,220,000
PIECE	4748	Heavy War Axe - Health	B	weapon	rhand	BLUNT	0	P.Atk 175 M.Atk 91	Exchange at weapon sa 01: Heavy War Axe x1 [drop: L50 Carnage Lord Gato, L52 Grave Robber Kim +12/craft/exchange], Green Soul Crystal - Stage 9 x1 [exchange], Gemstone B x222 [shop 20,000], Adena x2,220,000
PIECE	4749	Heavy War Axe - Rsk. Focus	B	weapon	rhand	BLUNT	0	P.Atk 175 M.Atk 91	Exchange at weapon sa 01: Heavy War Axe x1 [drop: L50 Carnage Lord Gato, L52 Grave Robber Kim +12/craft/exchange], Blue Soul Crystal - Stage 9 x1 [exchange], Gemstone B x222 [shop 20,000], Adena x2,220,000
PIECE	4750	Deadman's Glory - Anger	B	weapon	rhand	BLUNT	0	P.Atk 194 M.Atk 99	Exchange at weapon sa 01: Deadman's Glory x1 [drop: L59 Soulless Wild Boar, L60 Ice Fairy Sirra +10/craft/exchange], Red Soul Crystal - Stage 10 x1 [exchange], Gemstone B x339 [shop 20,000], Adena x3,390,000
PIECE	4751	Deadman's Glory - Health	B	weapon	rhand	BLUNT	0	P.Atk 194 M.Atk 99	Exchange at weapon sa 01: Deadman's Glory x1 [drop: L59 Soulless Wild Boar, L60 Ice Fairy Sirra +10/craft/exchange], Green Soul Crystal - Stage 10 x1 [exchange], Gemstone B x339 [shop 20,000], Adena x3,390,000
PIECE	4752	Deadman's Glory - Haste	B	weapon	rhand	BLUNT	0	P.Atk 194 M.Atk 99	Exchange at weapon sa 01: Deadman's Glory x1 [drop: L59 Soulless Wild Boar, L60 Ice Fairy Sirra +10/craft/exchange], Blue Soul Crystal - Stage 10 x1 [exchange], Gemstone B x339 [shop 20,000], Adena x3,390,000
PIECE	4753	Art of Battle Axe - Health	B	weapon	rhand	BLUNT	0	P.Atk 194 M.Atk 99	Exchange at weapon sa 01: Art of Battle Axe x1 [drop: L59 Soulless Wild Boar, L60 Ice Fairy Sirra +10/craft/exchange], Red Soul Crystal - Stage 10 x1 [exchange], Gemstone B x339 [shop 20,000], Adena x3,390,000
PIECE	4754	Art of Battle Axe - Rsk. Focus	B	weapon	rhand	BLUNT	0	P.Atk 194 M.Atk 99	Exchange at weapon sa 01: Art of Battle Axe x1 [drop: L59 Soulless Wild Boar, L60 Ice Fairy Sirra +10/craft/exchange], Green Soul Crystal - Stage 10 x1 [exchange], Gemstone B x339 [shop 20,000], Adena x3,390,000
PIECE	4755	Art of Battle Axe - Haste	B	weapon	rhand	BLUNT	0	P.Atk 194 M.Atk 99	Exchange at weapon sa 01: Art of Battle Axe x1 [drop: L59 Soulless Wild Boar, L60 Ice Fairy Sirra +10/craft/exchange], Blue Soul Crystal - Stage 10 x1 [exchange], Gemstone B x339 [shop 20,000], Adena x3,390,000
PIECE	4759	Cursed Dagger - Critical Bleed	C	weapon	rhand	DAGGER	0	P.Atk 94 M.Atk 61	Exchange at weapon sa 01: Cursed Dagger x1 [drop: L38 Lizardmen Leader Hellion, L40 Shaman King Selu +2/craft/exchange], Red Soul Crystal - Stage 5 x1 [?], Gemstone C x97 [shop 6,000], Adena x291,000
PIECE	4760	Cursed Dagger - Critical Poison	C	weapon	rhand	DAGGER	0	P.Atk 94 M.Atk 61	Exchange at weapon sa 01: Cursed Dagger x1 [drop: L38 Lizardmen Leader Hellion, L40 Shaman King Selu +2/craft/exchange], Green Soul Crystal - Stage 5 x1 [?], Gemstone C x97 [shop 6,000], Adena x291,000
PIECE	4761	Cursed Dagger - Rsk. Haste	C	weapon	rhand	DAGGER	0	P.Atk 94 M.Atk 61	Exchange at weapon sa 01: Cursed Dagger x1 [drop: L38 Lizardmen Leader Hellion, L40 Shaman King Selu +2/craft/exchange], Blue Soul Crystal - Stage 5 x1 [?], Gemstone C x97 [shop 6,000], Adena x291,000
PIECE	4762	Dark Elven Dagger - Focus	C	weapon	rhand	DAGGER	0	P.Atk 94 M.Atk 61	Exchange at weapon sa 01: Dark Elven Dagger x1 [drop: L38 Lizardmen Leader Hellion, L40 Shaman King Selu +2/craft/exchange], Red Soul Crystal - Stage 5 x1 [?], Gemstone C x97 [shop 6,000], Adena x291,000
PIECE	4763	Dark Elven Dagger - Back Blow	C	weapon	rhand	DAGGER	0	P.Atk 94 M.Atk 61	Exchange at weapon sa 01: Dark Elven Dagger x1 [drop: L38 Lizardmen Leader Hellion, L40 Shaman King Selu +2/craft/exchange], Green Soul Crystal - Stage 5 x1 [?], Gemstone C x97 [shop 6,000], Adena x291,000
PIECE	4765	Stiletto - Critical Bleed	C	weapon	rhand	DAGGER	0	P.Atk 107 M.Atk 68	Exchange at weapon sa 01: Stiletto x1 [drop: L43 Crazy Mechanic Golem, L47 Death Flyer +4/craft/exchange], Red Soul Crystal - Stage 6 x1 [?], Gemstone C x238 [shop 6,000], Adena x714,000
PIECE	4766	Stiletto - Critical Poison	C	weapon	rhand	DAGGER	0	P.Atk 107 M.Atk 68	Exchange at weapon sa 01: Stiletto x1 [drop: L43 Crazy Mechanic Golem, L47 Death Flyer +4/craft/exchange], Green Soul Crystal - Stage 6 x1 [?], Gemstone C x238 [shop 6,000], Adena x714,000
PIECE	4768	Grace Dagger - Evasion	C	weapon	rhand	DAGGER	0	P.Atk 122 M.Atk 76	Exchange at weapon sa 01: Grace Dagger x1 [drop: L45 Biconne of Blue Sky, L45 Fafurion's Henchman Istary +7/craft/exchange], Red Soul Crystal - Stage 7 x1 [exchange], Gemstone C x306 [shop 6,000], Adena x918,000
PIECE	4769	Grace Dagger - Focus	C	weapon	rhand	DAGGER	0	P.Atk 122 M.Atk 76	Exchange at weapon sa 01: Grace Dagger x1 [drop: L45 Biconne of Blue Sky, L45 Fafurion's Henchman Istary +7/craft/exchange], Green Soul Crystal - Stage 7 x1 [exchange], Gemstone C x306 [shop 6,000], Adena x918,000
PIECE	4770	Grace Dagger - Back Blow	C	weapon	rhand	DAGGER	0	P.Atk 122 M.Atk 76	Exchange at weapon sa 01: Grace Dagger x1 [drop: L45 Biconne of Blue Sky, L45 Fafurion's Henchman Istary +7/craft/exchange], Blue Soul Crystal - Stage 7 x1 [exchange], Gemstone C x306 [shop 6,000], Adena x918,000
PIECE	4771	Dark Screamer - Evasion	C	weapon	rhand	DAGGER	0	P.Atk 122 M.Atk 76	Exchange at weapon sa 01: Dark Screamer x1 [drop: L45 Biconne of Blue Sky, L45 Fafurion's Henchman Istary +7/craft/exchange], Red Soul Crystal - Stage 7 x1 [exchange], Gemstone C x306 [shop 6,000], Adena x918,000
PIECE	4772	Dark Screamer - Focus	C	weapon	rhand	DAGGER	0	P.Atk 122 M.Atk 76	Exchange at weapon sa 01: Dark Screamer x1 [drop: L45 Biconne of Blue Sky, L45 Fafurion's Henchman Istary +7/craft/exchange], Green Soul Crystal - Stage 7 x1 [exchange], Gemstone C x306 [shop 6,000], Adena x918,000
PIECE	4773	Dark Screamer - Critical Bleed	C	weapon	rhand	DAGGER	0	P.Atk 122 M.Atk 76	Exchange at weapon sa 01: Dark Screamer x1 [drop: L45 Biconne of Blue Sky, L45 Fafurion's Henchman Istary +7/craft/exchange], Blue Soul Crystal - Stage 7 x1 [exchange], Gemstone C x306 [shop 6,000], Adena x918,000
PIECE	4774	Crystal Dagger - Critical Bleed	C	weapon	rhand	DAGGER	0	P.Atk 136 M.Atk 83	Exchange at weapon sa 01: Crystal Dagger x1 [drop: L49 Karte, L53 Ol Mahum Transcender +3/craft/exchange], Red Soul Crystal - Stage 8 x1 [exchange], Gemstone C x555 [shop 6,000], Adena x1,665,000
PIECE	4775	Crystal Dagger - Critical Poison	C	weapon	rhand	DAGGER	0	P.Atk 136 M.Atk 83	Exchange at weapon sa 01: Crystal Dagger x1 [drop: L49 Karte, L53 Ol Mahum Transcender +3/craft/exchange], Green Soul Crystal - Stage 8 x1 [exchange], Gemstone C x555 [shop 6,000], Adena x1,665,000
PIECE	4777	Kris - Evasion	B	weapon	rhand	DAGGER	0	P.Atk 153 M.Atk 91	Exchange at weapon sa 01: Kris x1 [drop: L50 Zaken's Chief Mate Tillion, L53 Magus Kenishee +11/craft/exchange], Red Soul Crystal - Stage 9 x1 [exchange], Gemstone B x222 [shop 20,000], Adena x2,220,000
PIECE	4778	Kris - Focus	B	weapon	rhand	DAGGER	0	P.Atk 153 M.Atk 91	Exchange at weapon sa 01: Kris x1 [drop: L50 Zaken's Chief Mate Tillion, L53 Magus Kenishee +11/craft/exchange], Green Soul Crystal - Stage 9 x1 [exchange], Gemstone B x222 [shop 20,000], Adena x2,220,000
PIECE	4779	Kris - Back Blow	B	weapon	rhand	DAGGER	0	P.Atk 153 M.Atk 91	Exchange at weapon sa 01: Kris x1 [drop: L50 Zaken's Chief Mate Tillion, L53 Magus Kenishee +11/craft/exchange], Blue Soul Crystal - Stage 9 x1 [exchange], Gemstone B x222 [shop 20,000], Adena x2,220,000
PIECE	4780	Demon's Dagger - Critical Bleed	B	weapon	rhand	DAGGER	0	P.Atk 170 M.Atk 99	Exchange at weapon sa 01: Demon's Dagger x1 [drop: L60 Guardian of the Statue of Giant Karum, L61 Fairy Queen Timiniel +5/craft/exchange], Red Soul Crystal - Stage 10 x1 [exchange], Gemstone B x339 [shop 20,000], Adena x3,390,000
PIECE	4781	Demon's Dagger - Critical Poison	B	weapon	rhand	DAGGER	0	P.Atk 170 M.Atk 99	Exchange at weapon sa 01: Demon's Dagger x1 [drop: L60 Guardian of the Statue of Giant Karum, L61 Fairy Queen Timiniel +5/craft/exchange], Green Soul Crystal - Stage 10 x1 [exchange], Gemstone B x339 [shop 20,000], Adena x3,390,000
PIECE	4789	Chakram - Critical Drain	C	weapon	lrhand	DUALFIST	0	P.Atk 130 M.Atk 61	Exchange at weapon sa 01: Chakram x1 [drop: L40 Gwindorr, L40 Icarus Sample 1 +5/craft/exchange], Red Soul Crystal - Stage 5 x1 [?], Gemstone C x97 [shop 6,000], Adena x291,000
PIECE	4790	Chakram - Critical Poison	C	weapon	lrhand	DUALFIST	0	P.Atk 130 M.Atk 61	Exchange at weapon sa 01: Chakram x1 [drop: L40 Gwindorr, L40 Icarus Sample 1 +5/craft/exchange], Green Soul Crystal - Stage 5 x1 [?], Gemstone C x97 [shop 6,000], Adena x291,000
PIECE	4791	Chakram - Rsk. Haste	C	weapon	lrhand	DUALFIST	0	P.Atk 130 M.Atk 61	Exchange at weapon sa 01: Chakram x1 [drop: L40 Gwindorr, L40 Icarus Sample 1 +5/craft/exchange], Blue Soul Crystal - Stage 5 x1 [?], Gemstone C x97 [shop 6,000], Adena x291,000
PIECE	4792	Fisted Blade - Rsk. Evasion	C	weapon	lrhand	DUALFIST	0	P.Atk 169 M.Atk 76	Exchange at weapon sa 01: Fisted Blade x1 [drop: L44 Flamestone Golem, L45 Timak Orc Gosmos +5/craft/exchange], Red Soul Crystal - Stage 7 x1 [exchange], Gemstone C x306 [shop 6,000], Adena x918,000
PIECE	4793	Fisted Blade - Rsk. Haste	C	weapon	lrhand	DUALFIST	0	P.Atk 169 M.Atk 76	Exchange at weapon sa 01: Fisted Blade x1 [drop: L44 Flamestone Golem, L45 Timak Orc Gosmos +5/craft/exchange], Green Soul Crystal - Stage 7 x1 [exchange], Gemstone C x306 [shop 6,000], Adena x918,000
PIECE	4794	Fisted Blade - Haste	C	weapon	lrhand	DUALFIST	0	P.Atk 169 M.Atk 76	Exchange at weapon sa 01: Fisted Blade x1 [drop: L44 Flamestone Golem, L45 Timak Orc Gosmos +5/craft/exchange], Blue Soul Crystal - Stage 7 x1 [exchange], Gemstone C x306 [shop 6,000], Adena x918,000
PIECE	4795	Great Pata - Critical Drain	C	weapon	lrhand	DUALFIST	0	P.Atk 190 M.Atk 83	Exchange at weapon sa 01: Great Pata x1 [drop: L48 Orfen's Handmaiden, L53 Oel Mahum +3/craft/exchange], Red Soul Crystal - Stage 8 x1 [exchange], Gemstone C x555 [shop 6,000], Adena x1,665,000
PIECE	4796	Great Pata - Critical Poison	C	weapon	lrhand	DUALFIST	0	P.Atk 190 M.Atk 83	Exchange at weapon sa 01: Great Pata x1 [drop: L48 Orfen's Handmaiden, L53 Oel Mahum +3/craft/exchange], Green Soul Crystal - Stage 8 x1 [exchange], Gemstone C x555 [shop 6,000], Adena x1,665,000
PIECE	4797	Great Pata - Rsk. Haste	C	weapon	lrhand	DUALFIST	0	P.Atk 190 M.Atk 83	Exchange at weapon sa 01: Great Pata x1 [drop: L48 Orfen's Handmaiden, L53 Oel Mahum +3/craft/exchange], Blue Soul Crystal - Stage 8 x1 [exchange], Gemstone C x555 [shop 6,000], Adena x1,665,000
PIECE	4798	Knuckle Duster - Rsk. Evasion	C	weapon	lrhand	DUALFIST	0	P.Atk 148 M.Atk 68	Exchange at weapon sa 01: Knuckle Duster x1 [drop: L48 Tanor Silenos Shaman, L48 Theeder Piker/craft/exchange], Red Soul Crystal - Stage 6 x1 [?], Gemstone C x238 [shop 6,000], Adena x714,000
PIECE	4799	Knuckle Duster - Rsk. Haste	C	weapon	lrhand	DUALFIST	0	P.Atk 148 M.Atk 68	Exchange at weapon sa 01: Knuckle Duster x1 [drop: L48 Tanor Silenos Shaman, L48 Theeder Piker/craft/exchange], Green Soul Crystal - Stage 6 x1 [?], Gemstone C x238 [shop 6,000], Adena x714,000
PIECE	4800	Knuckle Duster - Haste	C	weapon	lrhand	DUALFIST	0	P.Atk 148 M.Atk 68	Exchange at weapon sa 01: Knuckle Duster x1 [drop: L48 Tanor Silenos Shaman, L48 Theeder Piker/craft/exchange], Blue Soul Crystal - Stage 6 x1 [?], Gemstone C x238 [shop 6,000], Adena x714,000
PIECE	4801	Arthro Nail - Critical Poison	B	weapon	lrhand	DUALFIST	0	P.Atk 213 M.Atk 91	Exchange at weapon sa 01: Arthro Nail x1 [drop: L50 Cursed Clara, L52 Fafurion's Envoy Pingolpin +4/craft/exchange], Red Soul Crystal - Stage 9 x1 [exchange], Gemstone B x222 [shop 20,000], Adena x2,220,000
PIECE	4802	Arthro Nail - Rsk. Evasion	B	weapon	lrhand	DUALFIST	0	P.Atk 213 M.Atk 91	Exchange at weapon sa 01: Arthro Nail x1 [drop: L50 Cursed Clara, L52 Fafurion's Envoy Pingolpin +4/craft/exchange], Green Soul Crystal - Stage 9 x1 [exchange], Gemstone B x222 [shop 20,000], Adena x2,220,000
PIECE	4803	Arthro Nail - Rsk. Haste	B	weapon	lrhand	DUALFIST	0	P.Atk 213 M.Atk 91	Exchange at weapon sa 01: Arthro Nail x1 [drop: L50 Cursed Clara, L52 Fafurion's Envoy Pingolpin +4/craft/exchange], Blue Soul Crystal - Stage 9 x1 [exchange], Gemstone B x222 [shop 20,000], Adena x2,220,000
PIECE	4804	Bellion Cestus - Critical Drain	B	weapon	lrhand	DUALFIST	0	P.Atk 236 M.Atk 99	Exchange at weapon sa 01: Bellion Cestus x1 [drop: L56 Refugee Hopeful Leo, L60 The 3rd Underwater Guardian +8/craft/exchange], Red Soul Crystal - Stage 10 x1 [exchange], Gemstone B x339 [shop 20,000], Adena x3,390,000
PIECE	4805	Bellion Cestus - Critical Poison	B	weapon	lrhand	DUALFIST	0	P.Atk 236 M.Atk 99	Exchange at weapon sa 01: Bellion Cestus x1 [drop: L56 Refugee Hopeful Leo, L60 The 3rd Underwater Guardian +8/craft/exchange], Green Soul Crystal - Stage 10 x1 [exchange], Gemstone B x339 [shop 20,000], Adena x3,390,000
PIECE	4806	Bellion Cestus - Rsk. Haste	B	weapon	lrhand	DUALFIST	0	P.Atk 236 M.Atk 99	Exchange at weapon sa 01: Bellion Cestus x1 [drop: L56 Refugee Hopeful Leo, L60 The 3rd Underwater Guardian +8/craft/exchange], Blue Soul Crystal - Stage 10 x1 [exchange], Gemstone B x339 [shop 20,000], Adena x3,390,000
PIECE	4810	Crystallized Ice Bow - Guidance	C	weapon	lrhand	BOW	0	P.Atk 220 M.Atk 61	Exchange at weapon sa 01: Crystallized Ice Bow x1 [drop: L37 Rayito the Looter, L40 Leto Chief Talkin +9/craft/exchange], Red Soul Crystal - Stage 5 x1 [?], Gemstone C x97 [shop 6,000], Adena x291,000
PIECE	4811	Crystallized Ice Bow - Evasion	C	weapon	lrhand	BOW	0	P.Atk 220 M.Atk 61	Exchange at weapon sa 01: Crystallized Ice Bow x1 [drop: L37 Rayito the Looter, L40 Leto Chief Talkin +9/craft/exchange], Green Soul Crystal - Stage 5 x1 [?], Gemstone C x97 [shop 6,000], Adena x291,000
PIECE	4812	Crystallized Ice Bow - Quick Recovery	C	weapon	lrhand	BOW	0	P.Atk 220 M.Atk 61	Exchange at weapon sa 01: Crystallized Ice Bow x1 [drop: L37 Rayito the Looter, L40 Leto Chief Talkin +9/craft/exchange], Blue Soul Crystal - Stage 5 x1 [?], Gemstone C x97 [shop 6,000], Adena x291,000
PIECE	4813	Elemental Bow - Guidance	C	weapon	lrhand	BOW	0	P.Atk 277 M.Atk 75	Exchange at weapon sa 01: Elemental Bow x1 [drop: L42 Retreat Spider Cletu, L47 Cave Servant Archer +3/craft/exchange], Red Soul Crystal - Stage 6 x1 [?], Gemstone C x238 [shop 6,000], Adena x714,000
PIECE	4814	Elemental Bow - Miser	C	weapon	lrhand	BOW	0	P.Atk 277 M.Atk 75	Exchange at weapon sa 01: Elemental Bow x1 [drop: L42 Retreat Spider Cletu, L47 Cave Servant Archer +3/craft/exchange], Green Soul Crystal - Stage 6 x1 [?], Gemstone C x238 [shop 6,000], Adena x714,000
PIECE	4815	Elemental Bow - Quick Recovery	C	weapon	lrhand	BOW	0	P.Atk 277 M.Atk 75	Exchange at weapon sa 01: Elemental Bow x1 [drop: L42 Retreat Spider Cletu, L47 Cave Servant Archer +3/craft/exchange], Blue Soul Crystal - Stage 6 x1 [?], Gemstone C x238 [shop 6,000], Adena x714,000
PIECE	4816	Noble Elven Bow - Evasion	C	weapon	lrhand	BOW	0	P.Atk 252 M.Atk 68	Exchange at weapon sa 01: Noble Elven Bow x1 [drop: L42 Retreat Spider Cletu, L47 Cave Servant Archer +3/craft/exchange], Red Soul Crystal - Stage 6 x1 [?], Gemstone C x238 [shop 6,000], Adena x714,000
PIECE	4817	Noble Elven Bow - Miser	C	weapon	lrhand	BOW	0	P.Atk 252 M.Atk 68	Exchange at weapon sa 01: Noble Elven Bow x1 [drop: L42 Retreat Spider Cletu, L47 Cave Servant Archer +3/craft/exchange], Green Soul Crystal - Stage 6 x1 [?], Gemstone C x238 [shop 6,000], Adena x714,000
PIECE	4818	Noble Elven Bow - Cheap Shot	C	weapon	lrhand	BOW	0	P.Atk 252 M.Atk 68	Exchange at weapon sa 01: Noble Elven Bow x1 [drop: L42 Retreat Spider Cletu, L47 Cave Servant Archer +3/craft/exchange], Blue Soul Crystal - Stage 6 x1 [?], Gemstone C x238 [shop 6,000], Adena x714,000
PIECE	4819	Akat Long Bow - Guidance	C	weapon	lrhand	BOW	0	P.Atk 316 M.Atk 84	Exchange at weapon sa 01: Akat Long Bow x1 [drop: L44 Thief Kelbar, L45 Evil Spirit Cyrion +6/craft/exchange], Red Soul Crystal - Stage 7 x1 [exchange], Gemstone C x306 [shop 6,000], Adena x918,000
PIECE	4820	Akat Long Bow - Evasion	C	weapon	lrhand	BOW	0	P.Atk 316 M.Atk 84	Exchange at weapon sa 01: Akat Long Bow x1 [drop: L44 Thief Kelbar, L45 Evil Spirit Cyrion +6/craft/exchange], Green Soul Crystal - Stage 7 x1 [exchange], Gemstone C x306 [shop 6,000], Adena x918,000
PIECE	4821	Akat Long Bow - Miser	C	weapon	lrhand	BOW	0	P.Atk 316 M.Atk 84	Exchange at weapon sa 01: Akat Long Bow x1 [drop: L44 Thief Kelbar, L45 Evil Spirit Cyrion +6/craft/exchange], Blue Soul Crystal - Stage 7 x1 [exchange], Gemstone C x306 [shop 6,000], Adena x918,000
PIECE	4822	Eminence Bow - Guidance	C	weapon	lrhand	BOW	0	P.Atk 323 M.Atk 83	Exchange at weapon sa 01: Eminence Bow x1 [drop: L49 Katu Van Leader Atui, L53 Purgatory Invader Archer +6/craft/exchange], Red Soul Crystal - Stage 8 x1 [exchange], Gemstone C x555 [shop 6,000], Adena x1,665,000
PIECE	4823	Eminence Bow - Miser	C	weapon	lrhand	BOW	0	P.Atk 323 M.Atk 83	Exchange at weapon sa 01: Eminence Bow x1 [drop: L49 Katu Van Leader Atui, L53 Purgatory Invader Archer +6/craft/exchange], Green Soul Crystal - Stage 8 x1 [exchange], Gemstone C x555 [shop 6,000], Adena x1,665,000
PIECE	4824	Eminence Bow - Cheap Shot	C	weapon	lrhand	BOW	0	P.Atk 323 M.Atk 83	Exchange at weapon sa 01: Eminence Bow x1 [drop: L49 Katu Van Leader Atui, L53 Purgatory Invader Archer +6/craft/exchange], Blue Soul Crystal - Stage 8 x1 [exchange], Gemstone C x555 [shop 6,000], Adena x1,665,000
PIECE	4825	Dark Elven Long Bow - Evasion	B	weapon	lrhand	BOW	0	P.Atk 397 M.Atk 100	Exchange at weapon sa 01: Dark Elven Long Bow x1 [drop: L50 Lilith's Witch Marilion, L53 Atraiban +6/craft/exchange], Red Soul Crystal - Stage 9 x1 [exchange], Gemstone B x222 [shop 20,000], Adena x2,220,000
PIECE	4826	Dark Elven Long Bow - Critical Bleed	B	weapon	lrhand	BOW	0	P.Atk 397 M.Atk 100	Exchange at weapon sa 01: Dark Elven Long Bow x1 [drop: L50 Lilith's Witch Marilion, L53 Atraiban +6/craft/exchange], Green Soul Crystal - Stage 9 x1 [exchange], Gemstone B x222 [shop 20,000], Adena x2,220,000
PIECE	4827	Dark Elven Long Bow - Miser	B	weapon	lrhand	BOW	0	P.Atk 397 M.Atk 100	Exchange at weapon sa 01: Dark Elven Long Bow x1 [drop: L50 Lilith's Witch Marilion, L53 Atraiban +6/craft/exchange], Blue Soul Crystal - Stage 9 x1 [exchange], Gemstone B x222 [shop 20,000], Adena x2,220,000
PIECE	4828	Bow of Peril - Guidance	B	weapon	lrhand	BOW	0	P.Atk 400 M.Atk 99	Exchange at weapon sa 01: Bow of Peril x1 [drop: L50 Carnamakos, L59 Captain of the Ice Queen's Royal Guard +10/craft/exchange], Red Soul Crystal - Stage 10 x1 [exchange], Gemstone B x339 [shop 20,000], Adena x3,390,000
PIECE	4829	Bow of Peril - Quick Recovery	B	weapon	lrhand	BOW	0	P.Atk 400 M.Atk 99	Exchange at weapon sa 01: Bow of Peril x1 [drop: L50 Carnamakos, L59 Captain of the Ice Queen's Royal Guard +10/craft/exchange], Green Soul Crystal - Stage 10 x1 [exchange], Gemstone B x339 [shop 20,000], Adena x3,390,000
PIECE	4830	Bow of Peril - Cheap Shot	B	weapon	lrhand	BOW	0	P.Atk 400 M.Atk 99	Exchange at weapon sa 01: Bow of Peril x1 [drop: L50 Carnamakos, L59 Captain of the Ice Queen's Royal Guard +10/craft/exchange], Blue Soul Crystal - Stage 10 x1 [exchange], Gemstone B x339 [shop 20,000], Adena x3,390,000
PIECE	4834	Scythe - Anger	C	weapon	lrhand	POLE	0	P.Atk 107 M.Atk 61	Exchange at weapon sa 01: Scythe x1 [drop: L38 Premo Prime, L39 Nellis' Vengeful Spirit +8/craft/exchange], Red Soul Crystal - Stage 5 x1 [?], Gemstone C x97 [shop 6,000], Adena x291,000
PIECE	4835	Scythe - Critical Stun	C	weapon	lrhand	POLE	0	P.Atk 107 M.Atk 61	Exchange at weapon sa 01: Scythe x1 [drop: L38 Premo Prime, L39 Nellis' Vengeful Spirit +8/craft/exchange], Green Soul Crystal - Stage 5 x1 [?], Gemstone C x97 [shop 6,000], Adena x291,000
PIECE	4836	Scythe - Light	C	weapon	lrhand	POLE	0	P.Atk 107 M.Atk 61	Exchange at weapon sa 01: Scythe x1 [drop: L38 Premo Prime, L39 Nellis' Vengeful Spirit +8/craft/exchange], Blue Soul Crystal - Stage 5 x1 [?], Gemstone C x97 [shop 6,000], Adena x291,000
PIECE	4837	Orcish Glaive - Anger	C	weapon	lrhand	POLE	0	P.Atk 107 M.Atk 61	Exchange at weapon sa 01: Orcish Glaive x1 [drop: L38 Premo Prime, L39 Nellis' Vengeful Spirit +8/craft/exchange], Red Soul Crystal - Stage 5 x1 [?], Gemstone C x97 [shop 6,000], Adena x291,000
PIECE	4838	Orcish Glaive - Critical Stun	C	weapon	lrhand	POLE	0	P.Atk 107 M.Atk 61	Exchange at weapon sa 01: Orcish Glaive x1 [drop: L38 Premo Prime, L39 Nellis' Vengeful Spirit +8/craft/exchange], Green Soul Crystal - Stage 5 x1 [?], Gemstone C x97 [shop 6,000], Adena x291,000
PIECE	4839	Orcish Glaive - Towering Blow	C	weapon	lrhand	POLE	0	P.Atk 107 M.Atk 61	Exchange at weapon sa 01: Orcish Glaive x1 [drop: L38 Premo Prime, L39 Nellis' Vengeful Spirit +8/craft/exchange], Blue Soul Crystal - Stage 5 x1 [?], Gemstone C x97 [shop 6,000], Adena x291,000
PIECE	4840	Body Slasher - Critical Stun	C	weapon	lrhand	POLE	0	P.Atk 107 M.Atk 61	Exchange at weapon sa 01: Body Slasher x1 [drop: L38 Premo Prime, L39 Nellis' Vengeful Spirit +8/craft/exchange], Red Soul Crystal - Stage 5 x1 [?], Gemstone C x97 [shop 6,000], Adena x291,000
PIECE	4841	Body Slasher - Towering Blow	C	weapon	lrhand	POLE	0	P.Atk 107 M.Atk 61	Exchange at weapon sa 01: Body Slasher x1 [drop: L38 Premo Prime, L39 Nellis' Vengeful Spirit +8/craft/exchange], Green Soul Crystal - Stage 5 x1 [?], Gemstone C x97 [shop 6,000], Adena x291,000
PIECE	4842	Body Slasher - Wide Blow	C	weapon	lrhand	POLE	0	P.Atk 107 M.Atk 61	Exchange at weapon sa 01: Body Slasher x1 [drop: L38 Premo Prime, L39 Nellis' Vengeful Spirit +8/craft/exchange], Blue Soul Crystal - Stage 5 x1 [?], Gemstone C x97 [shop 6,000], Adena x291,000
PIECE	4843	Bec de Corbin - Critical Stun	C	weapon	lrhand	POLE	0	P.Atk 122 M.Atk 68	Exchange at weapon sa 01: Bec de Corbin x1 [drop: L47 Valley Treant, L48 Dark Knight +1/craft/exchange], Red Soul Crystal - Stage 6 x1 [?], Gemstone C x238 [shop 6,000], Adena x714,000
PIECE	4844	Bec de Corbin - Towering Blow	C	weapon	lrhand	POLE	0	P.Atk 122 M.Atk 68	Exchange at weapon sa 01: Bec de Corbin x1 [drop: L47 Valley Treant, L48 Dark Knight +1/craft/exchange], Green Soul Crystal - Stage 6 x1 [?], Gemstone C x238 [shop 6,000], Adena x714,000
PIECE	4845	Bec de Corbin - Light	C	weapon	lrhand	POLE	0	P.Atk 122 M.Atk 68	Exchange at weapon sa 01: Bec de Corbin x1 [drop: L47 Valley Treant, L48 Dark Knight +1/craft/exchange], Blue Soul Crystal - Stage 6 x1 [?], Gemstone C x238 [shop 6,000], Adena x714,000
PIECE	4846	Scorpion - Anger	C	weapon	lrhand	POLE	0	P.Atk 144 M.Atk 78	Exchange at weapon sa 01: Scorpion x1 [drop: L47 Necrosentinel Royal Guard, L50 Core +9/craft/exchange], Red Soul Crystal - Stage 7 x1 [exchange], Gemstone C x225 [shop 6,000], Adena x675,000
PIECE	4847	Scorpion - Critical Stun	C	weapon	lrhand	POLE	0	P.Atk 144 M.Atk 78	Exchange at weapon sa 01: Scorpion x1 [drop: L47 Necrosentinel Royal Guard, L50 Core +9/craft/exchange], Green Soul Crystal - Stage 7 x1 [exchange], Gemstone C x225 [shop 6,000], Adena x675,000
PIECE	4848	Scorpion - Towering Blow	C	weapon	lrhand	POLE	0	P.Atk 144 M.Atk 78	Exchange at weapon sa 01: Scorpion x1 [drop: L47 Necrosentinel Royal Guard, L50 Core +9/craft/exchange], Blue Soul Crystal - Stage 7 x1 [exchange], Gemstone C x225 [shop 6,000], Adena x675,000
PIECE	4849	Widow Maker - Critical Stun	C	weapon	lrhand	POLE	0	P.Atk 144 M.Atk 78	Exchange at weapon sa 01: Widow Maker x1 [drop: L47 Necrosentinel Royal Guard, L50 Orfen +9/craft/exchange], Red Soul Crystal - Stage 7 x1 [exchange], Gemstone C x225 [shop 6,000], Adena x675,000
PIECE	4850	Widow Maker - Towering Blow	C	weapon	lrhand	POLE	0	P.Atk 144 M.Atk 78	Exchange at weapon sa 01: Widow Maker x1 [drop: L47 Necrosentinel Royal Guard, L50 Orfen +9/craft/exchange], Green Soul Crystal - Stage 7 x1 [exchange], Gemstone C x225 [shop 6,000], Adena x675,000
PIECE	4851	Widow Maker - Wide Blow	C	weapon	lrhand	POLE	0	P.Atk 144 M.Atk 78	Exchange at weapon sa 01: Widow Maker x1 [drop: L47 Necrosentinel Royal Guard, L50 Orfen +9/craft/exchange], Blue Soul Crystal - Stage 7 x1 [exchange], Gemstone C x225 [shop 6,000], Adena x675,000
PIECE	4852	Orcish Poleaxe - Critical Stun	C	weapon	lrhand	POLE	0	P.Atk 156 M.Atk 83	Exchange at weapon sa 01: Orcish Poleaxe x1 [drop: L47 Necrosentinel Royal Guard, L53 Farcran +9/craft/exchange], Red Soul Crystal - Stage 8 x1 [exchange], Gemstone C x555 [shop 6,000], Adena x1,665,000
PIECE	4853	Orcish Poleaxe - Towering Blow	C	weapon	lrhand	POLE	0	P.Atk 156 M.Atk 83	Exchange at weapon sa 01: Orcish Poleaxe x1 [drop: L47 Necrosentinel Royal Guard, L53 Farcran +9/craft/exchange], Green Soul Crystal - Stage 8 x1 [exchange], Gemstone C x555 [shop 6,000], Adena x1,665,000
PIECE	4854	Orcish Poleaxe - Wide Blow	C	weapon	lrhand	POLE	0	P.Atk 156 M.Atk 83	Exchange at weapon sa 01: Orcish Poleaxe x1 [drop: L47 Necrosentinel Royal Guard, L53 Farcran +9/craft/exchange], Blue Soul Crystal - Stage 8 x1 [exchange], Gemstone C x555 [shop 6,000], Adena x1,665,000
PIECE	4855	Great Axe - Anger	B	weapon	lrhand	POLE	0	P.Atk 175 M.Atk 91	Exchange at weapon sa 01: Great Axe x1 [drop: L50 Ghost of Peasant Leader, L51 Deadman Ereve +6/craft/exchange], Red Soul Crystal - Stage 9 x1 [exchange], Gemstone B x222 [shop 20,000], Adena x2,220,000
PIECE	4856	Great Axe - Critical Stun	B	weapon	lrhand	POLE	0	P.Atk 175 M.Atk 91	Exchange at weapon sa 01: Great Axe x1 [drop: L50 Ghost of Peasant Leader, L51 Deadman Ereve +6/craft/exchange], Green Soul Crystal - Stage 9 x1 [exchange], Gemstone B x222 [shop 20,000], Adena x2,220,000
PIECE	4857	Great Axe - Light	B	weapon	lrhand	POLE	0	P.Atk 175 M.Atk 91	Exchange at weapon sa 01: Great Axe x1 [drop: L50 Ghost of Peasant Leader, L51 Deadman Ereve +6/craft/exchange], Blue Soul Crystal - Stage 9 x1 [exchange], Gemstone B x222 [shop 20,000], Adena x2,220,000
PIECE	4858	Lance - Anger	B	weapon	lrhand	POLE	0	P.Atk 194 M.Atk 99	Exchange at weapon sa 01: Lance x1 [drop: L57 Timak Seer Ragoth, L60 Lord Ishka +6/craft/exchange], Red Soul Crystal - Stage 10 x1 [exchange], Gemstone B x339 [shop 20,000], Adena x3,390,000
PIECE	4859	Lance - Critical Stun	B	weapon	lrhand	POLE	0	P.Atk 194 M.Atk 99	Exchange at weapon sa 01: Lance x1 [drop: L57 Timak Seer Ragoth, L60 Lord Ishka +6/craft/exchange], Green Soul Crystal - Stage 10 x1 [exchange], Gemstone B x339 [shop 20,000], Adena x3,390,000
PIECE	4860	Lance - Towering Blow	B	weapon	lrhand	POLE	0	P.Atk 194 M.Atk 99	Exchange at weapon sa 01: Lance x1 [drop: L57 Timak Seer Ragoth, L60 Lord Ishka +6/craft/exchange], Blue Soul Crystal - Stage 10 x1 [exchange], Gemstone B x339 [shop 20,000], Adena x3,390,000
PIECE	4864	Heavy Doom Hammer - Magic Regeneration	C	weapon	lrhand	BLUNT	0	P.Atk 103 M.Atk 89	Exchange at weapon sa 01: Heavy Doom Hammer x1 [drop: L40 Water Spirit Lian, L40 Wizard of Storm Teruk +3/craft/exchange/quest], Red Soul Crystal - Stage 5 x1 [?], Gemstone C x97 [shop 6,000], Adena x291,000
PIECE	4865	Heavy Doom Hammer - Mental Shield	C	weapon	lrhand	BLUNT	0	P.Atk 103 M.Atk 89	Exchange at weapon sa 01: Heavy Doom Hammer x1 [drop: L40 Water Spirit Lian, L40 Wizard of Storm Teruk +3/craft/exchange/quest], Green Soul Crystal - Stage 5 x1 [?], Gemstone C x97 [shop 6,000], Adena x291,000
PIECE	4866	Heavy Doom Hammer - Magic Hold	C	weapon	lrhand	BLUNT	0	P.Atk 103 M.Atk 89	Exchange at weapon sa 01: Heavy Doom Hammer x1 [drop: L40 Water Spirit Lian, L40 Wizard of Storm Teruk +3/craft/exchange/quest], Blue Soul Crystal - Stage 5 x1 [?], Gemstone C x97 [shop 6,000], Adena x291,000
PIECE	4867	Crystal Staff - Rsk. Evasion	C	weapon	lrhand	BLUNT	0	P.Atk 103 M.Atk 89	Exchange at weapon sa 01: Crystal Staff x1 [drop: L40 Water Spirit Lian, L40 Wizard of Storm Teruk +3/craft/exchange], Red Soul Crystal - Stage 5 x1 [?], Gemstone C x97 [shop 6,000], Adena x291,000
PIECE	4868	Crystal Staff - Mana Up	C	weapon	lrhand	BLUNT	0	P.Atk 103 M.Atk 89	Exchange at weapon sa 01: Crystal Staff x1 [drop: L40 Water Spirit Lian, L40 Wizard of Storm Teruk +3/craft/exchange], Green Soul Crystal - Stage 5 x1 [?], Gemstone C x97 [shop 6,000], Adena x291,000
PIECE	4869	Crystal Staff - Blessed Body	C	weapon	lrhand	BLUNT	0	P.Atk 103 M.Atk 89	Exchange at weapon sa 01: Crystal Staff x1 [drop: L40 Water Spirit Lian, L40 Wizard of Storm Teruk +3/craft/exchange], Blue Soul Crystal - Stage 5 x1 [?], Gemstone C x97 [shop 6,000], Adena x291,000
PIECE	4870	Heavy Doom Axe - Magic Poison	C	weapon	lrhand	BLUNT	0	P.Atk 103 M.Atk 89	Exchange at weapon sa 01: Heavy Doom Axe x1 [drop: L40 Water Spirit Lian, L40 Wizard of Storm Teruk +3/craft/exchange], Red Soul Crystal - Stage 5 x1 [?], Gemstone C x97 [shop 6,000], Adena x291,000
PIECE	4871	Heavy Doom Axe - Magic Weakness	C	weapon	lrhand	BLUNT	0	P.Atk 103 M.Atk 89	Exchange at weapon sa 01: Heavy Doom Axe x1 [drop: L40 Water Spirit Lian, L40 Wizard of Storm Teruk +3/craft/exchange], Green Soul Crystal - Stage 5 x1 [?], Gemstone C x97 [shop 6,000], Adena x291,000
PIECE	4872	Heavy Doom Axe - Magic Chaos	C	weapon	lrhand	BLUNT	0	P.Atk 103 M.Atk 89	Exchange at weapon sa 01: Heavy Doom Axe x1 [drop: L40 Water Spirit Lian, L40 Wizard of Storm Teruk +3/craft/exchange], Blue Soul Crystal - Stage 5 x1 [?], Gemstone C x97 [shop 6,000], Adena x291,000
PIECE	4873	Cursed Staff - Magic Hold	C	weapon	lrhand	BLUNT	0	P.Atk 119 M.Atk 100	Exchange at weapon sa 01: Cursed Staff x1 [drop: L48 Satyr, L49 Soldier of Darkness +1/craft/exchange], Red Soul Crystal - Stage 6 x1 [?], Gemstone C x238 [shop 6,000], Adena x714,000
PIECE	4874	Cursed Staff - Magic Poison	C	weapon	lrhand	BLUNT	0	P.Atk 119 M.Atk 100	Exchange at weapon sa 01: Cursed Staff x1 [drop: L48 Satyr, L49 Soldier of Darkness +1/craft/exchange], Green Soul Crystal - Stage 6 x1 [?], Gemstone C x238 [shop 6,000], Adena x714,000
PIECE	4875	Cursed Staff - Magic Weakness	C	weapon	lrhand	BLUNT	0	P.Atk 119 M.Atk 100	Exchange at weapon sa 01: Cursed Staff x1 [drop: L48 Satyr, L49 Soldier of Darkness +1/craft/exchange], Blue Soul Crystal - Stage 6 x1 [?], Gemstone C x238 [shop 6,000], Adena x714,000
PIECE	4876	Paradia Staff - Magic Regeneration	C	weapon	lrhand	BLUNT	0	P.Atk 135 M.Atk 111	Exchange at weapon sa 01: Paradia Staff x1 [drop: L44 Dread Avenger Kraven, L45 Archon Suscepter +6/craft/exchange], Red Soul Crystal - Stage 7 x1 [exchange], Gemstone C x306 [shop 6,000], Adena x918,000
PIECE	4877	Paradia Staff - Mental Shield	C	weapon	lrhand	BLUNT	0	P.Atk 135 M.Atk 111	Exchange at weapon sa 01: Paradia Staff x1 [drop: L44 Dread Avenger Kraven, L45 Archon Suscepter +6/craft/exchange], Green Soul Crystal - Stage 7 x1 [exchange], Gemstone C x306 [shop 6,000], Adena x918,000
PIECE	4878	Paradia Staff - Magic Hold	C	weapon	lrhand	BLUNT	0	P.Atk 135 M.Atk 111	Exchange at weapon sa 01: Paradia Staff x1 [drop: L44 Dread Avenger Kraven, L45 Archon Suscepter +6/craft/exchange], Blue Soul Crystal - Stage 7 x1 [exchange], Gemstone C x306 [shop 6,000], Adena x918,000
PIECE	4879	Pa'agrian Hammer - Rsk. Evasion	C	weapon	lrhand	BLUNT	0	P.Atk 135 M.Atk 111	Exchange at weapon sa 01: Pa'agrian Hammer x1 [drop: L44 Dread Avenger Kraven, L45 Archon Suscepter +7/craft/exchange], Red Soul Crystal - Stage 7 x1 [exchange], Gemstone C x306 [shop 6,000], Adena x918,000
PIECE	4880	Pa'agrian Hammer - Magic Poison	C	weapon	lrhand	BLUNT	0	P.Atk 135 M.Atk 111	Exchange at weapon sa 01: Pa'agrian Hammer x1 [drop: L44 Dread Avenger Kraven, L45 Archon Suscepter +7/craft/exchange], Green Soul Crystal - Stage 7 x1 [exchange], Gemstone C x306 [shop 6,000], Adena x918,000
PIECE	4881	Pa'agrian Hammer - Magic Weakness	C	weapon	lrhand	BLUNT	0	P.Atk 135 M.Atk 111	Exchange at weapon sa 01: Pa'agrian Hammer x1 [drop: L44 Dread Avenger Kraven, L45 Archon Suscepter +7/craft/exchange], Blue Soul Crystal - Stage 7 x1 [exchange], Gemstone C x306 [shop 6,000], Adena x918,000
PIECE	4882	Sage's Staff - Magic Hold	C	weapon	lrhand	BLUNT	0	P.Atk 135 M.Atk 111	Exchange at weapon sa 01: Sage's Staff x1 [drop: L44 Dread Avenger Kraven, L45 Archon Suscepter +7/craft/exchange], Red Soul Crystal - Stage 7 x1 [exchange], Gemstone C x306 [shop 6,000], Adena x918,000
PIECE	4883	Sage's Staff - Magic Poison	C	weapon	lrhand	BLUNT	0	P.Atk 135 M.Atk 111	Exchange at weapon sa 01: Sage's Staff x1 [drop: L44 Dread Avenger Kraven, L45 Archon Suscepter +7/craft/exchange], Green Soul Crystal - Stage 7 x1 [exchange], Gemstone C x306 [shop 6,000], Adena x918,000
PIECE	4884	Sage's Staff - Magic Weakness	C	weapon	lrhand	BLUNT	0	P.Atk 135 M.Atk 111	Exchange at weapon sa 01: Sage's Staff x1 [drop: L44 Dread Avenger Kraven, L45 Archon Suscepter +7/craft/exchange], Blue Soul Crystal - Stage 7 x1 [exchange], Gemstone C x306 [shop 6,000], Adena x918,000
PIECE	4885	Pa'agrian Axe - Mana Up	C	weapon	lrhand	BLUNT	0	P.Atk 141 M.Atk 114	Exchange at weapon sa 01: Pa'agrian Axe x1 [drop: L48 Anakazel, L53 Purgatory Invader Shaman +4/craft/exchange], Red Soul Crystal - Stage 7 x1 [exchange], Gemstone C x225 [shop 6,000], Adena x675,000
PIECE	4886	Pa'agrian Axe - Magic Weakness	C	weapon	lrhand	BLUNT	0	P.Atk 141 M.Atk 114	Exchange at weapon sa 01: Pa'agrian Axe x1 [drop: L48 Anakazel, L53 Purgatory Invader Shaman +4/craft/exchange], Green Soul Crystal - Stage 7 x1 [exchange], Gemstone C x225 [shop 6,000], Adena x675,000
PIECE	4887	Pa'agrian Axe - Magic Chaos	C	weapon	lrhand	BLUNT	0	P.Atk 141 M.Atk 114	Exchange at weapon sa 01: Pa'agrian Axe x1 [drop: L48 Anakazel, L53 Purgatory Invader Shaman +4/craft/exchange], Blue Soul Crystal - Stage 7 x1 [exchange], Gemstone C x225 [shop 6,000], Adena x675,000
PIECE	4888	Deadman's Staff - Magic Regeneration	C	weapon	lrhand	BLUNT	0	P.Atk 152 M.Atk 122	Exchange at weapon sa 01: Deadman's Staff x1 [drop: L48 Anakazel, L53 Purgatory Invader Shaman +5/craft/exchange], Red Soul Crystal - Stage 8 x1 [exchange], Gemstone C x555 [shop 6,000], Adena x1,665,000
PIECE	4889	Deadman's Staff - Mental Shield	C	weapon	lrhand	BLUNT	0	P.Atk 152 M.Atk 122	Exchange at weapon sa 01: Deadman's Staff x1 [drop: L48 Anakazel, L53 Purgatory Invader Shaman +5/craft/exchange], Green Soul Crystal - Stage 8 x1 [exchange], Gemstone C x555 [shop 6,000], Adena x1,665,000
PIECE	4890	Deadman's Staff - Magic Hold	C	weapon	lrhand	BLUNT	0	P.Atk 152 M.Atk 122	Exchange at weapon sa 01: Deadman's Staff x1 [drop: L48 Anakazel, L53 Purgatory Invader Shaman +5/craft/exchange], Blue Soul Crystal - Stage 8 x1 [exchange], Gemstone C x555 [shop 6,000], Adena x1,665,000
PIECE	4891	Ghoul's Staff - Rsk. Evasion	C	weapon	lrhand	BLUNT	0	P.Atk 152 M.Atk 122	Exchange at weapon sa 01: Ghoul's Staff x1 [drop: L48 Anakazel, L53 Purgatory Invader Shaman +5/craft/exchange], Red Soul Crystal - Stage 8 x1 [exchange], Gemstone C x555 [shop 6,000], Adena x1,665,000
PIECE	4892	Ghoul's Staff - Mana Up	C	weapon	lrhand	BLUNT	0	P.Atk 152 M.Atk 122	Exchange at weapon sa 01: Ghoul's Staff x1 [drop: L48 Anakazel, L53 Purgatory Invader Shaman +5/craft/exchange], Green Soul Crystal - Stage 8 x1 [exchange], Gemstone C x555 [shop 6,000], Adena x1,665,000
PIECE	4893	Ghoul's Staff - Blessed Body	C	weapon	lrhand	BLUNT	0	P.Atk 152 M.Atk 122	Exchange at weapon sa 01: Ghoul's Staff x1 [drop: L48 Anakazel, L53 Purgatory Invader Shaman +5/craft/exchange], Blue Soul Crystal - Stage 8 x1 [exchange], Gemstone C x555 [shop 6,000], Adena x1,665,000
PIECE	4894	Demon's Staff - Magic Poison	C	weapon	lrhand	BLUNT	0	P.Atk 152 M.Atk 122	Exchange at weapon sa 01: Demon's Staff x1 [drop: L48 Anakazel, L53 Purgatory Invader Shaman +5/craft/exchange], Red Soul Crystal - Stage 8 x1 [exchange], Gemstone C x555 [shop 6,000], Adena x1,665,000
PIECE	4895	Demon's Staff - Magic Weakness	C	weapon	lrhand	BLUNT	0	P.Atk 152 M.Atk 122	Exchange at weapon sa 01: Demon's Staff x1 [drop: L48 Anakazel, L53 Purgatory Invader Shaman +5/craft/exchange], Green Soul Crystal - Stage 8 x1 [exchange], Gemstone C x555 [shop 6,000], Adena x1,665,000
PIECE	4896	Demon's Staff - Magic Chaos	C	weapon	lrhand	BLUNT	0	P.Atk 152 M.Atk 122	Exchange at weapon sa 01: Demon's Staff x1 [drop: L48 Anakazel, L53 Purgatory Invader Shaman +5/craft/exchange], Blue Soul Crystal - Stage 8 x1 [exchange], Gemstone C x555 [shop 6,000], Adena x1,665,000
PIECE	4897	Sprite's Staff - Magic Regeneration	B	weapon	lrhand	BLUNT	0	P.Atk 170 M.Atk 134	Exchange at weapon sa 01: Sprite's Staff x1 [drop: L50 Carnage Lord Gato, L52 Grave Robber Kim +12/craft/exchange], Red Soul Crystal - Stage 9 x1 [exchange], Gemstone B x222 [shop 20,000], Adena x2,220,000
PIECE	4898	Sprite's Staff - Mental Shield	B	weapon	lrhand	BLUNT	0	P.Atk 170 M.Atk 134	Exchange at weapon sa 01: Sprite's Staff x1 [drop: L50 Carnage Lord Gato, L52 Grave Robber Kim +12/craft/exchange], Green Soul Crystal - Stage 9 x1 [exchange], Gemstone B x222 [shop 20,000], Adena x2,220,000
PIECE	4899	Sprite's Staff - Magic Hold	B	weapon	lrhand	BLUNT	0	P.Atk 170 M.Atk 134	Exchange at weapon sa 01: Sprite's Staff x1 [drop: L50 Carnage Lord Gato, L52 Grave Robber Kim +12/craft/exchange], Blue Soul Crystal - Stage 9 x1 [exchange], Gemstone B x222 [shop 20,000], Adena x2,220,000
PIECE	4900	Staff of Evil Spirits - Magic Focus	B	weapon	lrhand	BLUNT	0	P.Atk 189 M.Atk 145	Exchange at weapon sa 01: Staff of Evil Spirits x1 [drop: L59 Soulless Wild Boar, L60 Ice Fairy Sirra +10/craft/exchange], Red Soul Crystal - Stage 10 x1 [exchange], Gemstone B x339 [shop 20,000], Adena x3,390,000
PIECE	4901	Staff of Evil Spirits - Blessed Body	B	weapon	lrhand	BLUNT	0	P.Atk 189 M.Atk 145	Exchange at weapon sa 01: Staff of Evil Spirits x1 [drop: L59 Soulless Wild Boar, L60 Ice Fairy Sirra +10/craft/exchange], Green Soul Crystal - Stage 10 x1 [exchange], Gemstone B x339 [shop 20,000], Adena x3,390,000
PIECE	4902	Staff of Evil Spirits - Magic Poison	B	weapon	lrhand	BLUNT	0	P.Atk 189 M.Atk 145	Exchange at weapon sa 01: Staff of Evil Spirits x1 [drop: L59 Soulless Wild Boar, L60 Ice Fairy Sirra +10/craft/exchange], Blue Soul Crystal - Stage 10 x1 [exchange], Gemstone B x339 [shop 20,000], Adena x3,390,000
PIECE	5233	Keshanberk*Keshanberk	A	weapon	lrhand	DUAL	0	P.Atk 259 M.Atk 107	Exchange at mammblack 2b: Keshanberk x1 [drop: L50 Messenger of Fairy Queen Berun, L52 Captain of Red Flag Shaka +19/craft/exchange], Keshanberk x1 [drop: L50 Messenger of Fairy Queen Berun, L52 Captain of Red Flag Shaka +19/craft/exchange], Dualsword Craft Stamp x1 [shop 20,000/exchange], Ancient Adena x1,757,700
PIECE	5284	Zweihander	NG	weapon	lrhand	SWORD	0	P.Atk 38 M.Atk 21	Exchange at Ariel, Arodin, Creamees, Damion, Garita, Iria, Jackson, Jakal, Kunai, Lector, Minaless, Mion, Nestle, Payne, Reep, Shari, Silvia, Simplon, Sydnia, Unoren, Uska, Varan: Brandish x1 [drop: L12 Akaste Bone Soldier, L12 Balor Orc Fighter Leader +6/craft/exchange], Adena x208,890 || Drop: L22 Dre Vanul Slayer, L22 Langk Lizardman Lieutenant, L24 Underground Kobold
PIECE	5285	Heavy Sword	D	weapon	lrhand	SWORD	0	P.Atk 49 M.Atk 26	Exchange at mammblack 1b: Reinforced Bow x1 [drop: L27 Grave Robber Scout, L27 Turek Orc Archer +3/exchange] || Exchange at mammblack 1b: Branch of Life x1 [drop: L26 Monster Eye Destroyer, L26 Specter +1/exchange] || Exchange at mammblack 1b: Temptation of Abyss x1 [drop: L26 Monster Eye Destroyer, L26 Specter +1/craft/exchange] || Craft (lvl 2, 100%): Heavy Sword Edge x4 [shop 23,824/drop: L20 Discarded Guardian, L25 Vault Guardian +4], Steel Mold x3 [shop 9,000/craft/exchange/quest], Steel x60 [shop 4,000/drop: L11 Balor Orc Lieutenant, L18 Tainted Zombie +147/craft/exchange/quest], Cokes x30 [shop 2,400/drop: L18 Red Eye Barbed Bat, L18 Undine Elder +120/craft/exchange/quest], Crystal: D-Grade x117 [shop 1,300/exchange], Gemstone D x34 [shop 2,000] || Drop: L20 Discarded Guardian, L25 Vault Guardian, L26 Gray Ant, L26 Maille Lizardman Warrior, L28 Delu Lizardman
PIECE	5286	Berserker Blade	C	weapon	lrhand	SWORD	0	P.Atk 190 M.Atk 83	Exchange at mammblack 1: Berserker Blade - Focus x1 [exchange] || Exchange at mammblack 1: Berserker Blade - Critical Damage x1 [exchange] || Exchange at mammblack 1: Berserker Blade - Haste x1 [exchange] || Craft (lvl 6, 100%): Berserker Blade Edge x11 [shop 87,200/drop: L48 King Tarlk, L53 Crimson Doll Blader +7], Artisan's Frame x3 [shop 190,000/craft/exchange/quest], Mithril Alloy x86 [shop 26,200/craft/exchange/quest], Synthetic Cokes x43 [shop 13,200/craft/exchange/quest], Metal Hardener x172 [shop 10,000/drop: L15 Obsidian Golem, L16 Dark Terror +107/craft/exchange/quest], Crystal: C-Grade x375 [shop 6,000/exchange], Gemstone C x248 [shop 6,000] || Drop: L48 King Tarlk, L53 Crimson Doll Blader, L53 Deadly Ginzu Golem V, L53 Purgatory Invader Warrior, L54 Crimson Vale Master +4
PIECE	5287	Sealed Dark Crystal breastplate	A	armor	chest	HEAVY	0	P.Def 171 M.Def 0	Craft (lvl 7, 60%): Recipe: Sealed Dark Crystal Breastplate(60%) x1 [shop 185,200/drop: L64 Hallate's Warrior, L67 Platinum Tribe Soldier], Sealed Dark Crystal Breastplate Pattern x13 [shop 62,030/drop: L65 Enmity Ghost Ramdal, L65 Rahha +26/exchange], Maestro Mold x3 [shop 308,000/craft/quest], Mithril Alloy x42 [shop 26,200/craft/exchange/quest], Asofe x28 [shop 12,000/drop: L45 Shackle, L45 Vault Overlord +149/exchange/quest], Crystal: B-Grade x40 [shop 18,000/exchange], Gemstone B x101 [shop 20,000] || Craft (lvl 7, 100%): Recipe: Sealed Dark Crystal Breastplate(100%) x1 [shop 185,200], Sealed Dark Crystal Breastplate Pattern x13 [shop 62,030/drop: L65 Enmity Ghost Ramdal, L65 Rahha +26/exchange], Arcsmith's Anvil x3 [shop 1,062,400/craft/exchange], Mithril Alloy x36 [shop 26,200/craft/exchange/quest], Asofe x24 [shop 12,000/drop: L45 Shackle, L45 Vault Overlord +149/exchange/quest], Crystal: B-Grade x80 [shop 18,000/exchange], Gemstone B x93 [shop 20,000] || Drop: L65 Enmity Ghost Ramdal, L65 Rahha, L68 Hallate's Follower Mul, L68 Platinum Tribe Archer, L69 Hallate's Guardian +23
PIECE	5288	Sealed Dark Crystal Gaiters	A	armor	legs	HEAVY	0	P.Def 107 M.Def 0	Craft (lvl 7, 60%): Recipe: Sealed Dark Crystal Gaiters(60%) x1 [shop 115,600/drop: L65 Hallate's Knight, L67 Hallate's Commander], Sealed Dark Crystal Gaiters Pattern x13 [shop 40,584/drop: L65 Enmity Ghost Ramdal, L65 Rahha +26/exchange], Maestro Mold x2 [shop 308,000/craft/quest], Mithril Alloy x24 [shop 26,200/craft/exchange/quest], Asofe x16 [shop 12,000/drop: L45 Shackle, L45 Vault Overlord +149/exchange/quest], Crystal: B-Grade x27 [shop 18,000/exchange], Gemstone B x59 [shop 20,000] || Craft (lvl 7, 100%): Recipe: Sealed Dark Crystal Gaiters(100%) x1 [shop 115,600], Sealed Dark Crystal Gaiters Pattern x13 [shop 40,584/drop: L65 Enmity Ghost Ramdal, L65 Rahha +26/exchange], Arcsmith's Anvil x2 [shop 1,062,400/craft/exchange], Mithril Alloy x18 [shop 26,200/craft/exchange/quest], Asofe x12 [shop 12,000/drop: L45 Shackle, L45 Vault Overlord +149/exchange/quest], Crystal: B-Grade x49 [shop 18,000/exchange], Gemstone B x54 [shop 20,000] || Drop: L65 Enmity Ghost Ramdal, L65 Rahha, L68 Hallate's Follower Mul, L68 Platinum Tribe Archer, L69 Hallate's Guardian +23
PIECE	5289	Sealed Dark Crystal Helmet	A	armor	head	?	0	P.Def 69 M.Def 0	Craft (lvl 7, 60%): Recipe: Sealed Dark Crystal Helmet(60%) x1 [shop 69,600/drop: L67 Alpen Buffalo], Sealed Dark Crystal Helmet Design x13 [shop 25,876/drop: L59 Abyss Brukunt, L60 Ancient Weird Drake +24], Maestro Mold x1 [shop 308,000/craft/quest], Crafted Leather x40 [shop 11,400/drop: L36 Cave Ant Larva, L36 Tyrant Kingpin +133/craft/exchange/quest], Asofe x4 [shop 12,000/drop: L45 Shackle, L45 Vault Overlord +149/exchange/quest], Crystal: B-Grade x19 [shop 18,000/exchange], Gemstone B x33 [shop 20,000] || Craft (lvl 7, 100%): Recipe: Sealed Dark Crystal Helmet(100%) x1 [shop 69,600], Sealed Dark Crystal Helmet Design x13 [shop 25,876/drop: L59 Abyss Brukunt, L60 Ancient Weird Drake +24], Leolin's Mold x1 [shop 476,000/craft/exchange], Crafted Leather x90 [shop 11,400/drop: L36 Cave Ant Larva, L36 Tyrant Kingpin +133/craft/exchange/quest], Asofe x9 [shop 12,000/drop: L45 Shackle, L45 Vault Overlord +149/exchange/quest], Crystal: B-Grade x32 [shop 18,000/exchange], Gemstone B x30 [shop 20,000] || Drop: L59 Abyss Brukunt, L60 Ancient Weird Drake, L64 Gorgolos, L68 Death Agent, L68 Hallate's Inspector +21
PIECE	5290	Sealed Dark Crystal Gloves	A	armor	gloves	?	0	P.Def 46 M.Def 0	Exchange at mammblack 2b: Dark Crystal Gloves - Heavy Armor x1 [exchange], Ancient Adena x4,350 || Exchange at mammblack 2b: Dark Crystal Gloves - Light Armor x1 [exchange], Ancient Adena x4,350 || Exchange at mammblack 2b: Dark Crystal Gloves - Robe x1 [exchange], Ancient Adena x4,350 || Craft (lvl 7, 60%): Recipe: Sealed Dark Crystal Gloves(60%) x1 [shop 46,400/drop: L63 Pilgrim of Splendor, L64 Punishment of Splendor +1], Sealed Dark Crystal Gloves Design x13 [shop 17,060/drop: L59 Demon Kurikups, L60 Ghost of the Well Lidia +26], Maestro Anvil Lock x1 [shop 180,800/craft/quest], Crafted Leather x25 [shop 11,400/drop: L36 Cave Ant Larva, L36 Tyrant Kingpin +133/craft/exchange/quest], High Grade Suede x15 [shop 4,800/drop: L27 Grave Robber Lookout, L27 Ol Mahum Raider +105/craft/exchange/quest], Asofe x5 [shop 12,000/drop: L45 Shackle, L45 Vault Overlord +149/exchange/quest], Crystal: B-Grade x10 [shop 18,000/exchange], Gemstone B x21 [shop 20,000] || Craft (lvl 7, 100%): Recipe: Sealed Dark Crystal Gloves(100%) x1 [shop 46,400], Sealed Dark Crystal Gloves Design x13 [shop 17,060/drop: L59 Demon Kurikups, L60 Ghost of the Well Lidia +26], Warsmith's Mold x1 [shop 770,000/craft/exchange], Crafted Leather x20 [shop 11,400/drop: L36 Cave Ant Larva, L36 Tyrant Kingpin +133/craft/exchange/quest], High Grade Suede x12 [shop 4,800/drop: L27 Grave Robber Lookout, L27 Ol Mahum Raider +105/craft/exchange/quest], Asofe x4 [shop 12,000/drop: L45 Shackle, L45 Vault Overlord +149/exchange/quest], Crystal: B-Grade x18 [shop 18,000/exchange], Gemstone B x19 [shop 20,000] || Drop: L59 Demon Kurikups, L60 Ghost of the Well Lidia, L66 Last Titan Utenus, L68 Bloody Lord, L68 Malruk Lord +23
PIECE	5291	Sealed Dark Crystal Boots	A	armor	feet	?	0	P.Def 46 M.Def 0	Exchange at mammblack 2b: Dark Crystal Boots - Heavy Armor x1 [exchange], Ancient Adena x4,350 || Exchange at mammblack 2b: Dark Crystal Boots - Light Armor x1 [exchange], Ancient Adena x4,350 || Exchange at mammblack 2b: Dark Crystal Boots - Robe x1 [exchange], Ancient Adena x4,350 || Craft (lvl 7, 60%): Recipe: Sealed Dark Crystal Boots(60%) x1 [shop 46,400/drop: L65 Alpen Kookaburra, L67 Alpen Buffalo], Sealed Dark Crystal Boots Lining x13 [shop 17,060/drop: L59 Demon Kurikups, L60 Ghost of the Well Lidia +27], Maestro Anvil Lock x1 [shop 180,800/craft/quest], Crafted Leather x25 [shop 11,400/drop: L36 Cave Ant Larva, L36 Tyrant Kingpin +133/craft/exchange/quest], High Grade Suede x15 [shop 4,800/drop: L27 Grave Robber Lookout, L27 Ol Mahum Raider +105/craft/exchange/quest], Asofe x5 [shop 12,000/drop: L45 Shackle, L45 Vault Overlord +149/exchange/quest], Crystal: B-Grade x10 [shop 18,000/exchange], Gemstone B x21 [shop 20,000] || Craft (lvl 7, 100%): Recipe: Sealed Dark Crystal Boots(100%) x1 [shop 46,400], Sealed Dark Crystal Boots Lining x13 [shop 17,060/drop: L59 Demon Kurikups, L60 Ghost of the Well Lidia +27], Warsmith's Mold x1 [shop 770,000/craft/exchange], Crafted Leather x20 [shop 11,400/drop: L36 Cave Ant Larva, L36 Tyrant Kingpin +133/craft/exchange/quest], High Grade Suede x12 [shop 4,800/drop: L27 Grave Robber Lookout, L27 Ol Mahum Raider +105/craft/exchange/quest], Asofe x4 [shop 12,000/drop: L45 Shackle, L45 Vault Overlord +149/exchange/quest], Crystal: B-Grade x18 [shop 18,000/exchange], Gemstone B x19 [shop 20,000] || Drop: L59 Demon Kurikups, L60 Ghost of the Well Lidia, L66 Last Titan Utenus, L68 Bloody Lord, L68 Malruk Lord +23
PIECE	5292	Sealed Dark Crystal Shield	A	armor	lhand	SHIELD	0	P.Def 0 M.Def 0	Craft (lvl 7, 60%): Recipe: Sealed Dark Crystal Shield(60%) x1 [shop 48,800/drop: L67 Alpen Buffalo], Sealed Dark Crystal Shield Fragment x13 [shop 19,046/drop: L59 Abyss Brukunt, L60 Ancient Weird Drake +27], Maestro Anvil Lock x1 [shop 180,800/craft/quest], Mithril Alloy x12 [shop 26,200/craft/exchange/quest], Synthetic Cokes x4 [shop 13,200/craft/exchange/quest], Crafted Leather x4 [shop 11,400/drop: L36 Cave Ant Larva, L36 Tyrant Kingpin +133/craft/exchange/quest], Asofe x4 [shop 12,000/drop: L45 Shackle, L45 Vault Overlord +149/exchange/quest], Crystal: B-Grade x9 [shop 18,000/exchange], Gemstone B x22 [shop 20,000] || Craft (lvl 7, 100%): Recipe: Sealed Dark Crystal Shield(100%) x1 [shop 48,800], Sealed Dark Crystal Shield Fragment x13 [shop 19,046/drop: L59 Abyss Brukunt, L60 Ancient Weird Drake +27], Leolin's Mold x1 [shop 476,000/craft/exchange], Mithril Alloy x18 [shop 26,200/craft/exchange/quest], Synthetic Cokes x6 [shop 13,200/craft/exchange/quest], Crafted Leather x6 [shop 11,400/drop: L36 Cave Ant Larva, L36 Tyrant Kingpin +133/craft/exchange/quest], Asofe x6 [shop 12,000/drop: L45 Shackle, L45 Vault Overlord +149/exchange/quest], Crystal: B-Grade x20 [shop 18,000/exchange], Gemstone B x20 [shop 20,000] || Drop: L59 Abyss Brukunt, L60 Ancient Weird Drake, L64 Gorgolos, L68 Death Agent, L68 Hallate's Inspector +21
PIECE	5293	Sealed Tallum Plate Armor	A	armor	onepiece	HEAVY	0	P.Def 278 M.Def 0	Craft (lvl 7, 60%): Recipe: Sealed Tallum Plate Armor(60%) x1 [shop 270,800/drop: L63 Slaughter Bathin], Sealed Tallum Plate Armor Pattern x13 [shop 87,906/drop: L65 Enmity Ghost Ramdal, L65 Rahha +26/exchange], Maestro Mold x4 [shop 308,000/craft/quest], Mithril Alloy x54 [shop 26,200/craft/exchange/quest], Varnish of Purity x18 [shop 16,200/craft/exchange/quest], Asofe x36 [shop 12,000/drop: L45 Shackle, L45 Vault Overlord +149/exchange/quest], Crystal: B-Grade x63 [shop 18,000/exchange], Gemstone B x156 [shop 20,000] || Craft (lvl 7, 100%): Recipe: Sealed Tallum Plate Armor(100%) x1 [shop 270,800], Sealed Tallum Plate Armor Pattern x13 [shop 87,906/drop: L65 Enmity Ghost Ramdal, L65 Rahha +26/exchange], Arcsmith's Anvil x4 [shop 1,062,400/craft/exchange], Mithril Alloy x54 [shop 26,200/craft/exchange/quest], Varnish of Purity x18 [shop 16,200/craft/exchange/quest], Asofe x36 [shop 12,000/drop: L45 Shackle, L45 Vault Overlord +149/exchange/quest], Crystal: B-Grade x118 [shop 18,000/exchange], Gemstone B x142 [shop 20,000] || Drop: L65 Enmity Ghost Ramdal, L65 Rahha, L68 Hallate's Follower Mul, L68 Platinum Tribe Archer, L69 Hallate's Guardian +23
PIECE	5294	Sealed Tallum Helmet	A	armor	head	?	0	P.Def 69 M.Def 0	Craft (lvl 7, 60%): Recipe: Sealed Tallum Helmet(60%) x1 [shop 69,600/drop: L67 Alpen Buffalo], Sealed Tallum Helm Design x13 [shop 25,876/drop: L59 Abyss Brukunt, L60 Ancient Weird Drake +24], Maestro Mold x1 [shop 308,000/craft/quest], Crafted Leather x40 [shop 11,400/drop: L36 Cave Ant Larva, L36 Tyrant Kingpin +133/craft/exchange/quest], Asofe x4 [shop 12,000/drop: L45 Shackle, L45 Vault Overlord +149/exchange/quest], Crystal: B-Grade x19 [shop 18,000/exchange], Gemstone B x33 [shop 20,000] || Craft (lvl 7, 100%): Recipe: Sealed Tallum Helmet(100%) x1 [shop 69,600], Sealed Tallum Helm Design x13 [shop 25,876/drop: L59 Abyss Brukunt, L60 Ancient Weird Drake +24], Leolin's Mold x1 [shop 476,000/craft/exchange], Crafted Leather x90 [shop 11,400/drop: L36 Cave Ant Larva, L36 Tyrant Kingpin +133/craft/exchange/quest], Asofe x9 [shop 12,000/drop: L45 Shackle, L45 Vault Overlord +149/exchange/quest], Crystal: B-Grade x32 [shop 18,000/exchange], Gemstone B x30 [shop 20,000] || Drop: L59 Abyss Brukunt, L60 Ancient Weird Drake, L64 Gorgolos, L68 Death Agent, L68 Hallate's Inspector +21
PIECE	5295	Sealed Tallum Gloves	A	armor	gloves	?	0	P.Def 46 M.Def 0	Exchange at mammblack 2b: Tallum Gloves - Heavy Armor x1 [exchange], Ancient Adena x4,350 || Exchange at mammblack 2b: Tallum Gloves - Light Armor x1 [exchange], Ancient Adena x4,350 || Exchange at mammblack 2b: Tallum Gloves - Robe x1 [exchange], Ancient Adena x4,350 || Craft (lvl 7, 60%): Recipe: Sealed Tallum Gloves(60%) x1 [shop 46,400/drop: L66 Judge of Light, L67 Wailing of Splendor], Sealed Tallum Gloves Design x13 [shop 17,060/drop: L59 Demon Kurikups, L60 Ghost of the Well Lidia +27], Maestro Anvil Lock x1 [shop 180,800/craft/quest], Crafted Leather x25 [shop 11,400/drop: L36 Cave Ant Larva, L36 Tyrant Kingpin +133/craft/exchange/quest], High Grade Suede x15 [shop 4,800/drop: L27 Grave Robber Lookout, L27 Ol Mahum Raider +105/craft/exchange/quest], Asofe x5 [shop 12,000/drop: L45 Shackle, L45 Vault Overlord +149/exchange/quest], Crystal: B-Grade x10 [shop 18,000/exchange], Gemstone B x21 [shop 20,000] || Craft (lvl 7, 100%): Recipe: Sealed Tallum Gloves(100%) x1 [shop 46,400], Sealed Tallum Gloves Design x13 [shop 17,060/drop: L59 Demon Kurikups, L60 Ghost of the Well Lidia +27], Warsmith's Mold x1 [shop 770,000/craft/exchange], Crafted Leather x20 [shop 11,400/drop: L36 Cave Ant Larva, L36 Tyrant Kingpin +133/craft/exchange/quest], High Grade Suede x12 [shop 4,800/drop: L27 Grave Robber Lookout, L27 Ol Mahum Raider +105/craft/exchange/quest], Asofe x4 [shop 12,000/drop: L45 Shackle, L45 Vault Overlord +149/exchange/quest], Crystal: B-Grade x18 [shop 18,000/exchange], Gemstone B x19 [shop 20,000] || Drop: L59 Demon Kurikups, L60 Ghost of the Well Lidia, L66 Last Titan Utenus, L68 Bloody Lord, L68 Malruk Lord +23
PIECE	5296	Sealed Tallum Boots	A	armor	feet	?	0	P.Def 46 M.Def 0	Exchange at mammblack 2b: Tallum Boots - Heavy Armor x1 [exchange], Ancient Adena x4,350 || Exchange at mammblack 2b: Tallum Boots - Light Armor x1 [exchange], Ancient Adena x4,350 || Exchange at mammblack 2b: Tallum Boots - Robe x1 [exchange], Ancient Adena x4,350 || Craft (lvl 7, 60%): Recipe: Sealed Tallum Boots(60%) x1 [shop 46,400/drop: L65 Alpen Kookaburra], Sealed Tallum Boots Lining x13 [shop 17,060/drop: L59 Demon Kurikups, L60 Ghost of the Well Lidia +27], Maestro Anvil Lock x1 [shop 180,800/craft/quest], Crafted Leather x25 [shop 11,400/drop: L36 Cave Ant Larva, L36 Tyrant Kingpin +133/craft/exchange/quest], High Grade Suede x15 [shop 4,800/drop: L27 Grave Robber Lookout, L27 Ol Mahum Raider +105/craft/exchange/quest], Asofe x5 [shop 12,000/drop: L45 Shackle, L45 Vault Overlord +149/exchange/quest], Crystal: B-Grade x10 [shop 18,000/exchange], Gemstone B x21 [shop 20,000] || Craft (lvl 7, 100%): Recipe: Sealed Tallum Boots(100%) x1 [shop 46,400], Sealed Tallum Boots Lining x13 [shop 17,060/drop: L59 Demon Kurikups, L60 Ghost of the Well Lidia +27], Warsmith's Mold x1 [shop 770,000/craft/exchange], Crafted Leather x20 [shop 11,400/drop: L36 Cave Ant Larva, L36 Tyrant Kingpin +133/craft/exchange/quest], High Grade Suede x12 [shop 4,800/drop: L27 Grave Robber Lookout, L27 Ol Mahum Raider +105/craft/exchange/quest], Asofe x4 [shop 12,000/drop: L45 Shackle, L45 Vault Overlord +149/exchange/quest], Crystal: B-Grade x18 [shop 18,000/exchange], Gemstone B x19 [shop 20,000] || Drop: L59 Demon Kurikups, L60 Ghost of the Well Lidia, L66 Last Titan Utenus, L68 Bloody Lord, L68 Malruk Lord +23
PIECE	5297	Sealed Dark Crystal Leather Armor	A	armor	chest	LIGHT	0	P.Def 128 M.Def 0	Craft (lvl 7, 60%): Recipe: Sealed Dark Crystal Leather Armor(60%) x1 [shop 138,800/drop: L64 Plando], Sealed Dark Crystal Leather Armor Pattern x13 [shop 47,568/drop: L58 Eva's Guardian Millenu, L65 Gargoyle Lord Tiphon +48/exchange], Maestro Anvil Lock x1 [shop 180,800/craft/quest], Crafted Leather x100 [shop 11,400/drop: L36 Cave Ant Larva, L36 Tyrant Kingpin +133/craft/exchange/quest], Metallic Fiber x60 [shop 1,400/drop: L36 Ant Warrior Captain, L38 Warrior of the Plains +170/craft/exchange/quest], Asofe x20 [shop 12,000/drop: L45 Shackle, L45 Vault Overlord +149/exchange/quest], Crystal: B-Grade x37 [shop 18,000/exchange], Gemstone B x73 [shop 20,000] || Craft (lvl 7, 100%): Recipe: Sealed Dark Crystal Leather Armor(100%) x1 [shop 138,800], Sealed Dark Crystal Leather Armor Pattern x13 [shop 47,568/drop: L58 Eva's Guardian Millenu, L65 Gargoyle Lord Tiphon +48/exchange], Leolin's Mold x1 [shop 476,000/craft/exchange], Crafted Leather x180 [shop 11,400/drop: L36 Cave Ant Larva, L36 Tyrant Kingpin +133/craft/exchange/quest], Metallic Fiber x108 [shop 1,400/drop: L36 Ant Warrior Captain, L38 Warrior of the Plains +170/craft/exchange/quest], Asofe x36 [shop 12,000/drop: L45 Shackle, L45 Vault Overlord +149/exchange/quest], Crystal: B-Grade x70 [shop 18,000/exchange], Gemstone B x67 [shop 20,000] || Drop: L58 Eva's Guardian Millenu, L65 Gargoyle Lord Tiphon, L67 Kernon's Faithful Servant Kelone, L68 Pytan Knight, L69 Marsh Predator +21
PIECE	5298	Sealed Dark Crystal Leggings	A	armor	legs	LIGHT	0	P.Def 80 M.Def 0	Craft (lvl 7, 60%): Recipe: Sealed Dark Crystal Leggings(60%) x1 [shop 86,800/drop: L65 Cave Howler], Sealed Dark Crystal Leggings Design x13 [shop 30,306/drop: L58 Eva's Guardian Millenu, L65 Gargoyle Lord Tiphon +36], Maestro Anvil Lock x1 [shop 180,800/craft/quest], Crafted Leather x60 [shop 11,400/drop: L36 Cave Ant Larva, L36 Tyrant Kingpin +133/craft/exchange/quest], Metallic Fiber x36 [shop 1,400/drop: L36 Ant Warrior Captain, L38 Warrior of the Plains +170/craft/exchange/quest], Asofe x12 [shop 12,000/drop: L45 Shackle, L45 Vault Overlord +149/exchange/quest], Crystal: B-Grade x22 [shop 18,000/exchange], Gemstone B x43 [shop 20,000] || Craft (lvl 7, 100%): Recipe: Sealed Dark Crystal Leggings(100%) x1 [shop 86,800], Sealed Dark Crystal Leggings Design x13 [shop 30,306/drop: L58 Eva's Guardian Millenu, L65 Gargoyle Lord Tiphon +36], Leolin's Mold x1 [shop 476,000/craft/exchange], Crafted Leather x100 [shop 11,400/drop: L36 Cave Ant Larva, L36 Tyrant Kingpin +133/craft/exchange/quest], Metallic Fiber x60 [shop 1,400/drop: L36 Ant Warrior Captain, L38 Warrior of the Plains +170/craft/exchange/quest], Asofe x20 [shop 12,000/drop: L45 Shackle, L45 Vault Overlord +149/exchange/quest], Crystal: B-Grade x44 [shop 18,000/exchange], Gemstone B x39 [shop 20,000] || Drop: L58 Eva's Guardian Millenu, L65 Gargoyle Lord Tiphon, L67 Kernon's Faithful Servant Kelone, L68 Pytan Knight, L69 Marsh Predator +21
PIECE	5301	Sealed Tallum Leather Armor	A	armor	onepiece	LIGHT	0	P.Def 209 M.Def 0	Craft (lvl 7, 60%): Recipe: Sealed Tallum Leather Armor(60%) x1 [shop 203,200], Sealed Tallum Leather Armor Pattern x13 [shop 67,600/drop: L58 Eva's Guardian Millenu, L65 Gargoyle Lord Tiphon +40/exchange], Maestro Anvil Lock x1 [shop 180,800/craft/quest], Crafted Leather x132 [shop 11,400/drop: L36 Cave Ant Larva, L36 Tyrant Kingpin +133/craft/exchange/quest], Metallic Fiber x66 [shop 1,400/drop: L36 Ant Warrior Captain, L38 Warrior of the Plains +170/craft/exchange/quest], Compound Braid x33 [shop 6,000/drop: L27 Gigant Overseer, L27 Grave Robber Scout +145/craft/exchange/quest], Asofe x33 [shop 12,000/drop: L45 Shackle, L45 Vault Overlord +149/exchange/quest], Crystal: B-Grade x56 [shop 18,000/exchange], Gemstone B x112 [shop 20,000] || Craft (lvl 7, 100%): Recipe: Sealed Tallum Leather Armor(100%) x1 [shop 203,200], Sealed Tallum Leather Armor Pattern x13 [shop 67,600/drop: L58 Eva's Guardian Millenu, L65 Gargoyle Lord Tiphon +40/exchange], Arcsmith's Anvil x1 [shop 1,062,400/craft/exchange], Crafted Leather x260 [shop 11,400/drop: L36 Cave Ant Larva, L36 Tyrant Kingpin +133/craft/exchange/quest], Metallic Fiber x130 [shop 1,400/drop: L36 Ant Warrior Captain, L38 Warrior of the Plains +170/craft/exchange/quest], Compound Braid x65 [shop 6,000/drop: L27 Gigant Overseer, L27 Grave Robber Scout +145/craft/exchange/quest], Asofe x65 [shop 12,000/drop: L45 Shackle, L45 Vault Overlord +149/exchange/quest], Crystal: B-Grade x99 [shop 18,000/exchange], Gemstone B x103 [shop 20,000] || Drop: L58 Eva's Guardian Millenu, L65 Gargoyle Lord Tiphon, L67 Kernon's Faithful Servant Kelone, L68 Pytan Knight, L69 Marsh Predator +21
PIECE	5304	Sealed Tallum Tunic	A	armor	chest	MAGIC	0	P.Def 86 M.Def 0	Craft (lvl 7, 60%): Recipe: Sealed Tallum Tunic(60%) x1 [shop 138,800/drop: L63 Corrupted Knight, L63 Resurrected Knight +1], Sealed Tallum Tunic Texture x13 [shop 47,568/drop: L65 Fierce Tiger King Angel, L65 Shilen's Priest Hisilrome +28], Maestro Anvil Lock x1 [shop 180,800/craft/quest], Crafted Leather x100 [shop 11,400/drop: L36 Cave Ant Larva, L36 Tyrant Kingpin +133/craft/exchange/quest], Metallic Fiber x60 [shop 1,400/drop: L36 Ant Warrior Captain, L38 Warrior of the Plains +170/craft/exchange/quest], Asofe x20 [shop 12,000/drop: L45 Shackle, L45 Vault Overlord +149/exchange/quest], Crystal: B-Grade x37 [shop 18,000/exchange], Gemstone B x73 [shop 20,000] || Craft (lvl 7, 100%): Recipe: Sealed Tallum Tunic(100%) x1 [shop 138,800], Sealed Tallum Tunic Texture x13 [shop 47,568/drop: L65 Fierce Tiger King Angel, L65 Shilen's Priest Hisilrome +28], Leolin's Mold x1 [shop 476,000/craft/exchange], Crafted Leather x180 [shop 11,400/drop: L36 Cave Ant Larva, L36 Tyrant Kingpin +133/craft/exchange/quest], Metallic Fiber x108 [shop 1,400/drop: L36 Ant Warrior Captain, L38 Warrior of the Plains +170/craft/exchange/quest], Asofe x36 [shop 12,000/drop: L45 Shackle, L45 Vault Overlord +149/exchange/quest], Crystal: B-Grade x70 [shop 18,000/exchange], Gemstone B x67 [shop 20,000] || Drop: L65 Fierce Tiger King Angel, L65 Shilen's Priest Hisilrome, L68 Purgatory Gargoyle, L69 Alpen Cougar, L69 Limal Karinness +15
PIECE	5305	Sealed Tallum Stockings	A	armor	legs	MAGIC	0	P.Def 53 M.Def 0	Craft (lvl 7, 60%): Recipe: Sealed Tallum Stockings(60%) x1 [shop 86,800/drop: L64 Corrupted Guard, L65 Slaughter Executioner], Sealed Tallum Stockings Fabric x13 [shop 30,306/drop: L65 Fierce Tiger King Angel, L65 Shilen's Priest Hisilrome +21], Maestro Anvil Lock x1 [shop 180,800/craft/quest], Crafted Leather x60 [shop 11,400/drop: L36 Cave Ant Larva, L36 Tyrant Kingpin +133/craft/exchange/quest], Metallic Fiber x36 [shop 1,400/drop: L36 Ant Warrior Captain, L38 Warrior of the Plains +170/craft/exchange/quest], Asofe x12 [shop 12,000/drop: L45 Shackle, L45 Vault Overlord +149/exchange/quest], Crystal: B-Grade x22 [shop 18,000/exchange], Gemstone B x43 [shop 20,000] || Craft (lvl 7, 100%): Recipe: Sealed Tallum Stockings(100%) x1 [shop 86,800], Sealed Tallum Stockings Fabric x13 [shop 30,306/drop: L65 Fierce Tiger King Angel, L65 Shilen's Priest Hisilrome +21], Leolin's Mold x1 [shop 476,000/craft/exchange], Crafted Leather x40 [shop 11,400/drop: L36 Cave Ant Larva, L36 Tyrant Kingpin +133/craft/exchange/quest], Metallic Fiber x24 [shop 1,400/drop: L36 Ant Warrior Captain, L38 Warrior of the Plains +170/craft/exchange/quest], Asofe x8 [shop 12,000/drop: L45 Shackle, L45 Vault Overlord +149/exchange/quest], Crystal: B-Grade x21 [shop 18,000/exchange], Gemstone B x39 [shop 20,000] || Drop: L65 Fierce Tiger King Angel, L65 Shilen's Priest Hisilrome, L68 Purgatory Gargoyle, L69 Alpen Cougar, L69 Limal Karinness +15
PIECE	5308	Sealed Dark Crystal Robe	A	armor	onepiece	MAGIC	0	P.Def 139 M.Def 0	Craft (lvl 7, 60%): Recipe: Sealed Dark Crystal Robe(60%) x1 [shop 203,200/drop: L65 Alliance of Splendor, L65 Trampled Man], Sealed Dark Crystal Robe Fabric x13 [shop 67,600/drop: L65 Fierce Tiger King Angel, L65 Shilen's Priest Hisilrome +24], Maestro Anvil Lock x1 [shop 180,800/craft/quest], Crafted Leather x140 [shop 11,400/drop: L36 Cave Ant Larva, L36 Tyrant Kingpin +133/craft/exchange/quest], Metallic Fiber x70 [shop 1,400/drop: L36 Ant Warrior Captain, L38 Warrior of the Plains +170/craft/exchange/quest], Compound Braid x35 [shop 6,000/drop: L27 Gigant Overseer, L27 Grave Robber Scout +145/craft/exchange/quest], Asofe x35 [shop 12,000/drop: L45 Shackle, L45 Vault Overlord +149/exchange/quest], Crystal: B-Grade x49 [shop 18,000/exchange], Gemstone B x112 [shop 20,000] || Craft (lvl 7, 100%): Recipe: Sealed Dark Crystal Robe(100%) x1 [shop 203,200], Sealed Dark Crystal Robe Fabric x13 [shop 67,600/drop: L65 Fierce Tiger King Angel, L65 Shilen's Priest Hisilrome +24], Arcsmith's Anvil x1 [shop 1,062,400/craft/exchange], Crafted Leather x210 [shop 11,400/drop: L36 Cave Ant Larva, L36 Tyrant Kingpin +133/craft/exchange/quest], Metallic Fiber x126 [shop 1,400/drop: L36 Ant Warrior Captain, L38 Warrior of the Plains +170/craft/exchange/quest], Compound Braid x42 [shop 6,000/drop: L27 Gigant Overseer, L27 Grave Robber Scout +145/craft/exchange/quest], Asofe x42 [shop 12,000/drop: L45 Shackle, L45 Vault Overlord +149/exchange/quest], Crystal: B-Grade x173 [shop 18,000/exchange], Gemstone B x103 [shop 20,000] || Drop: L65 Fierce Tiger King Angel, L65 Shilen's Priest Hisilrome, L68 Purgatory Gargoyle, L69 Alpen Cougar, L69 Limal Karinness +15
PIECE	5311	Sealed Armor of Nightmare	A	armor	onepiece	HEAVY	0	P.Def 293 M.Def 0	Craft (lvl 8, 60%): Recipe: Sealed Armor of Nightmare(60%) x1 [shop 412,000/drop: L69 Platinum Tribe Warrior, L72 Bound Warrior], Sealed Armor of Nightmare Pattern x14 [shop 117,456/drop: L68 Anakazel, L70 Fafurion's Herald Lokness +20/exchange], Maestro Mold x4 [shop 308,000/craft/quest], Mithril Alloy x99 [shop 26,200/craft/exchange/quest], Varnish of Purity x33 [shop 16,200/craft/exchange/quest], Asofe x66 [shop 12,000/drop: L45 Shackle, L45 Vault Overlord +149/exchange/quest], Crystal: A-Grade x61 [shop 30,000/exchange], Gemstone A x23 [shop 60,000/exchange] || Craft (lvl 8, 100%): Recipe: Sealed Armor of Nightmare(100%) x1 [shop 412,000], Sealed Armor of Nightmare Pattern x14 [shop 117,456/drop: L68 Anakazel, L70 Fafurion's Herald Lokness +20/exchange], Arcsmith's Anvil x4 [shop 1,062,400/craft/exchange], Mithril Alloy x141 [shop 26,200/craft/exchange/quest], Varnish of Purity x47 [shop 16,200/craft/exchange/quest], Asofe x94 [shop 12,000/drop: L45 Shackle, L45 Vault Overlord +149/exchange/quest], Crystal: A-Grade x104 [shop 30,000/exchange], Gemstone A x23 [shop 60,000/exchange] || Drop: L68 Anakazel, L70 Fafurion's Herald Lokness, L71 Eilhalder von Hellmann, L74 Antharas Priest Cloe, L79 Antharas +14
PIECE	5312	Sealed Helm of Nightmare	A	armor	head	?	0	P.Def 73 M.Def 0	Craft (lvl 8, 60%): Recipe: Sealed Helm of Nightmare(60%) x1 [shop 105,600/drop: L69 Alpen Cougar], Sealed Helm of Nightmare Design x14 [shop 33,456/drop: L70 Flame of Splendor Barakiel, L70 Korim +22], Maestro Mold x1 [shop 308,000/craft/quest], Crafted Leather x80 [shop 11,400/drop: L36 Cave Ant Larva, L36 Tyrant Kingpin +133/craft/exchange/quest], Asofe x8 [shop 12,000/drop: L45 Shackle, L45 Vault Overlord +149/exchange/quest], Crystal: A-Grade x15 [shop 30,000/exchange], Gemstone A x5 [shop 60,000/exchange] || Craft (lvl 8, 100%): Recipe: Sealed Helm of Nightmare(100%) x1 [shop 105,600], Sealed Helm of Nightmare Design x14 [shop 33,456/drop: L70 Flame of Splendor Barakiel, L70 Korim +22], Leolin's Mold x1 [shop 476,000/craft/exchange], Crafted Leather x160 [shop 11,400/drop: L36 Cave Ant Larva, L36 Tyrant Kingpin +133/craft/exchange/quest], Asofe x16 [shop 12,000/drop: L45 Shackle, L45 Vault Overlord +149/exchange/quest], Crystal: A-Grade x27 [shop 30,000/exchange], Gemstone A x5 [shop 60,000/exchange] || Drop: L70 Flame of Splendor Barakiel, L70 Korim, L72 Doom Blade Tanatos, L79 Antharas, L80 Ashuras of Destruction +15
PIECE	5313	Sealed Gauntlets of Nightmare	A	armor	gloves	?	0	P.Def 49 M.Def 0	Exchange at mammblack 2b: Gauntlets of Nightmare - Heavy Armor x1 [exchange], Ancient Adena x6,600 || Exchange at mammblack 2b: Gauntlets of Nightmare - Light Armor x1 [exchange], Ancient Adena x6,600 || Exchange at mammblack 2b: Gauntlets of Nightmare - Robe x1 [exchange], Ancient Adena x6,600 || Craft (lvl 8, 60%): Recipe: Sealed Gauntlets of Nightmare(60%) x1 [shop 70,400/drop: L72 Gaze of Nightmare], Sealed Gauntlets of Nightmare Design x14 [shop 23,684/drop: L70 Anakim's Nemesis Zakaron, L70 Shilen's Messenger Cabrio +24], Maestro Anvil Lock x1 [shop 180,800/craft/quest], Crafted Leather x40 [shop 11,400/drop: L36 Cave Ant Larva, L36 Tyrant Kingpin +133/craft/exchange/quest], High Grade Suede x24 [shop 4,800/drop: L27 Grave Robber Lookout, L27 Ol Mahum Raider +105/craft/exchange/quest], Asofe x8 [shop 12,000/drop: L45 Shackle, L45 Vault Overlord +149/exchange/quest], Crystal: A-Grade x11 [shop 30,000/exchange], Gemstone A x3 [shop 60,000/exchange] || Craft (lvl 8, 100%): Recipe: Sealed Gauntlets of Nightmare(100%) x1 [shop 70,400], Sealed Gauntlets of Nightmare Design x14 [shop 23,684/drop: L70 Anakim's Nemesis Zakaron, L70 Shilen's Messenger Cabrio +24], Warsmith's Mold x1 [shop 770,000/craft/exchange], Crafted Leather x50 [shop 11,400/drop: L36 Cave Ant Larva, L36 Tyrant Kingpin +133/craft/exchange/quest], High Grade Suede x130 [shop 4,800/drop: L27 Grave Robber Lookout, L27 Ol Mahum Raider +105/craft/exchange/quest], Asofe x10 [shop 12,000/drop: L45 Shackle, L45 Vault Overlord +149/exchange/quest], Crystal: A-Grade x20 [shop 30,000/exchange], Gemstone A x3 [shop 60,000/exchange] || Drop: L70 Anakim's Nemesis Zakaron, L70 Shilen's Messenger Cabrio, L72 Vanor Chief Kandra, L79 Antharas, L79 Giant's Shadow +14
PIECE	5314	Sealed Boots of Nightmare	A	armor	feet	?	0	P.Def 49 M.Def 0	Exchange at mammblack 2b: Boots of Nightmare - Heavy Armor x1 [exchange], Ancient Adena x6,600 || Exchange at mammblack 2b: Boots of Nightmare - Light Armor x1 [exchange], Ancient Adena x6,600 || Exchange at mammblack 2b: Boots of Nightmare - Robe x1 [exchange], Ancient Adena x6,600 || Craft (lvl 8, 60%): Recipe: Sealed Boots of Nightmare(60%) x1 [shop 70,400/drop: L71 Eye of Restrainer, L72 Sly Hound Dog], Sealed Boots of Nightmare Lining x14 [shop 23,684/drop: L70 Anakim's Nemesis Zakaron, L70 Shilen's Messenger Cabrio +22], Maestro Anvil Lock x1 [shop 180,800/craft/quest], Crafted Leather x40 [shop 11,400/drop: L36 Cave Ant Larva, L36 Tyrant Kingpin +133/craft/exchange/quest], High Grade Suede x24 [shop 4,800/drop: L27 Grave Robber Lookout, L27 Ol Mahum Raider +105/craft/exchange/quest], Asofe x8 [shop 12,000/drop: L45 Shackle, L45 Vault Overlord +149/exchange/quest], Crystal: A-Grade x11 [shop 30,000/exchange], Gemstone A x3 [shop 60,000/exchange] || Craft (lvl 8, 100%): Recipe: Sealed Boots of Nightmare(100%) x1 [shop 70,400], Sealed Boots of Nightmare Lining x14 [shop 23,684/drop: L70 Anakim's Nemesis Zakaron, L70 Shilen's Messenger Cabrio +22], Warsmith's Mold x1 [shop 770,000/craft/exchange], Crafted Leather x50 [shop 11,400/drop: L36 Cave Ant Larva, L36 Tyrant Kingpin +133/craft/exchange/quest], High Grade Suede x130 [shop 4,800/drop: L27 Grave Robber Lookout, L27 Ol Mahum Raider +105/craft/exchange/quest], Asofe x10 [shop 12,000/drop: L45 Shackle, L45 Vault Overlord +149/exchange/quest], Crystal: A-Grade x20 [shop 30,000/exchange], Gemstone A x3 [shop 60,000/exchange] || Drop: L70 Anakim's Nemesis Zakaron, L70 Shilen's Messenger Cabrio, L72 Vanor Chief Kandra, L79 Antharas, L79 Giant's Shadow +15
PIECE	5315	Sealed Shield of Nightmare	A	armor	lhand	SHIELD	0	P.Def 0 M.Def 0	Craft (lvl 8, 60%): Recipe: Sealed Shield of Nightmare(60%) x1 [shop 74,000/drop: L69 Alpen Cougar], Sealed Shield of Nightmare Fragment x14 [shop 26,342/drop: L70 Flame of Splendor Barakiel, L70 Korim +23], Maestro Anvil Lock x1 [shop 180,800/craft/quest], Mithril Alloy x21 [shop 26,200/craft/exchange/quest], Synthetic Cokes x7 [shop 13,200/craft/exchange/quest], Crafted Leather x7 [shop 11,400/drop: L36 Cave Ant Larva, L36 Tyrant Kingpin +133/craft/exchange/quest], Asofe x7 [shop 12,000/drop: L45 Shackle, L45 Vault Overlord +149/exchange/quest], Crystal: A-Grade x12 [shop 30,000/exchange], Gemstone A x3 [shop 60,000/exchange] || Craft (lvl 8, 100%): Recipe: Sealed Shield of Nightmare(100%) x1 [shop 74,000], Sealed Shield of Nightmare Fragment x14 [shop 26,342/drop: L70 Flame of Splendor Barakiel, L70 Korim +23], Leolin's Mold x1 [shop 476,000/craft/exchange], Mithril Alloy x33 [shop 26,200/craft/exchange/quest], Synthetic Cokes x11 [shop 13,200/craft/exchange/quest], Crafted Leather x11 [shop 11,400/drop: L36 Cave Ant Larva, L36 Tyrant Kingpin +133/craft/exchange/quest], Asofe x11 [shop 12,000/drop: L45 Shackle, L45 Vault Overlord +149/exchange/quest], Crystal: A-Grade x26 [shop 30,000/exchange], Gemstone A x3 [shop 60,000/exchange] || Drop: L70 Flame of Splendor Barakiel, L70 Korim, L72 Doom Blade Tanatos, L79 Antharas, L80 Ashuras of Destruction +15
PIECE	5316	Sealed Majestic Plate Armor	A	armor	onepiece	HEAVY	0	P.Def 293 M.Def 0	Craft (lvl 8, 60%): Recipe: Sealed Majestic Plate Armor(60%) x1 [shop 412,000/drop: L69 Hallate's Guardian, L74 Platinum Guardian Prefect], Sealed Majestic Plate Armor Pattern x14 [shop 117,456/drop: L68 Anakazel, L70 Fafurion's Herald Lokness +22/exchange], Maestro Mold x4 [shop 308,000/craft/quest], Mithril Alloy x99 [shop 26,200/craft/exchange/quest], Varnish of Purity x33 [shop 16,200/craft/exchange/quest], Asofe x66 [shop 12,000/drop: L45 Shackle, L45 Vault Overlord +149/exchange/quest], Crystal: A-Grade x61 [shop 30,000/exchange], Gemstone A x23 [shop 60,000/exchange] || Craft (lvl 8, 100%): Recipe: Sealed Majestic Plate Armor(100%) x1 [shop 412,000], Sealed Majestic Plate Armor Pattern x14 [shop 117,456/drop: L68 Anakazel, L70 Fafurion's Herald Lokness +22/exchange], Arcsmith's Anvil x4 [shop 1,062,400/craft/exchange], Mithril Alloy x141 [shop 26,200/craft/exchange/quest], Varnish of Purity x47 [shop 16,200/craft/exchange/quest], Asofe x94 [shop 12,000/drop: L45 Shackle, L45 Vault Overlord +149/exchange/quest], Crystal: A-Grade x104 [shop 30,000/exchange], Gemstone A x23 [shop 60,000/exchange] || Drop: L68 Anakazel, L70 Fafurion's Herald Lokness, L71 Eilhalder von Hellmann, L74 Antharas Priest Cloe, L79 Antharas +15
PIECE	5317	Sealed Majestic Circlet	A	armor	head	?	0	P.Def 73 M.Def 0	Craft (lvl 8, 60%): Recipe: Sealed Majestic Circlet(60%) x1 [shop 105,600/drop: L69 Alpen Cougar], Sealed Majestic Circlet Design x14 [shop 33,456/drop: L70 Flame of Splendor Barakiel, L70 Korim +20], Maestro Mold x1 [shop 308,000/craft/quest], Crafted Leather x80 [shop 11,400/drop: L36 Cave Ant Larva, L36 Tyrant Kingpin +133/craft/exchange/quest], Asofe x8 [shop 12,000/drop: L45 Shackle, L45 Vault Overlord +149/exchange/quest], Crystal: A-Grade x15 [shop 30,000/exchange], Gemstone A x5 [shop 60,000/exchange] || Craft (lvl 8, 100%): Recipe: Sealed Majestic Circlet(100%) x1 [shop 105,600], Sealed Majestic Circlet Design x14 [shop 33,456/drop: L70 Flame of Splendor Barakiel, L70 Korim +20], Leolin's Mold x1 [shop 476,000/craft/exchange], Crafted Leather x160 [shop 11,400/drop: L36 Cave Ant Larva, L36 Tyrant Kingpin +133/craft/exchange/quest], Asofe x16 [shop 12,000/drop: L45 Shackle, L45 Vault Overlord +149/exchange/quest], Crystal: A-Grade x27 [shop 30,000/exchange], Gemstone A x5 [shop 60,000/exchange] || Drop: L70 Flame of Splendor Barakiel, L70 Korim, L72 Doom Blade Tanatos, L79 Antharas, L80 Ashuras of Destruction +16
PIECE	5318	Sealed Majestic Gauntlets	A	armor	gloves	?	0	P.Def 49 M.Def 0	Exchange at mammblack 2b: Majestic Gauntlets - Heavy Armor x1 [exchange], Ancient Adena x6,600 || Exchange at mammblack 2b: Majestic Gauntlets - Light Armor x1 [exchange], Ancient Adena x6,600 || Exchange at mammblack 2b: Majestic Gauntlets - Robe x1 [exchange], Ancient Adena x6,600 || Craft (lvl 8, 60%): Recipe: Sealed Majestic Gauntlets(60%) x1 [shop 70,400/drop: L73 Homunculus], Sealed Majestic Gauntlets Design x14 [shop 23,684/drop: L70 Anakim's Nemesis Zakaron, L70 Shilen's Messenger Cabrio +24], Maestro Anvil Lock x1 [shop 180,800/craft/quest], Crafted Leather x40 [shop 11,400/drop: L36 Cave Ant Larva, L36 Tyrant Kingpin +133/craft/exchange/quest], High Grade Suede x24 [shop 4,800/drop: L27 Grave Robber Lookout, L27 Ol Mahum Raider +105/craft/exchange/quest], Asofe x8 [shop 12,000/drop: L45 Shackle, L45 Vault Overlord +149/exchange/quest], Crystal: A-Grade x11 [shop 30,000/exchange], Gemstone A x3 [shop 60,000/exchange] || Craft (lvl 8, 100%): Recipe: Sealed Majestic Gauntlets(100%) x1 [shop 70,400], Sealed Majestic Gauntlets Design x14 [shop 23,684/drop: L70 Anakim's Nemesis Zakaron, L70 Shilen's Messenger Cabrio +24], Warsmith's Mold x1 [shop 770,000/craft/exchange], Crafted Leather x50 [shop 11,400/drop: L36 Cave Ant Larva, L36 Tyrant Kingpin +133/craft/exchange/quest], High Grade Suede x130 [shop 4,800/drop: L27 Grave Robber Lookout, L27 Ol Mahum Raider +105/craft/exchange/quest], Asofe x10 [shop 12,000/drop: L45 Shackle, L45 Vault Overlord +149/exchange/quest], Crystal: A-Grade x20 [shop 30,000/exchange], Gemstone A x3 [shop 60,000/exchange] || Drop: L70 Anakim's Nemesis Zakaron, L70 Shilen's Messenger Cabrio, L72 Vanor Chief Kandra, L79 Antharas, L79 Giant's Shadow +16
PIECE	5319	Sealed Majestic Boots	A	armor	feet	?	0	P.Def 49 M.Def 0	Exchange at mammblack 2b: Majestic Boots - Heavy Armor x1 [exchange], Ancient Adena x6,600 || Exchange at mammblack 2b: Majestic Boots - Light Armor x1 [exchange], Ancient Adena x6,600 || Exchange at mammblack 2b: Majestic Boots - Robe x1 [exchange], Ancient Adena x6,600 || Craft (lvl 8, 60%): Recipe: Sealed Majestic Boots(60%) x1 [shop 70,400/drop: L72 Buffalo Slave, L73 Eye of Watchman], Sealed Majestic Boots Lining x14 [shop 23,684/drop: L70 Anakim's Nemesis Zakaron, L70 Shilen's Messenger Cabrio +23], Maestro Anvil Lock x1 [shop 180,800/craft/quest], Crafted Leather x40 [shop 11,400/drop: L36 Cave Ant Larva, L36 Tyrant Kingpin +133/craft/exchange/quest], High Grade Suede x24 [shop 4,800/drop: L27 Grave Robber Lookout, L27 Ol Mahum Raider +105/craft/exchange/quest], Asofe x8 [shop 12,000/drop: L45 Shackle, L45 Vault Overlord +149/exchange/quest], Crystal: A-Grade x11 [shop 30,000/exchange], Gemstone A x3 [shop 60,000/exchange] || Craft (lvl 8, 100%): Recipe: Sealed Majestic Boots(100%) x1 [shop 70,400], Sealed Majestic Boots Lining x14 [shop 23,684/drop: L70 Anakim's Nemesis Zakaron, L70 Shilen's Messenger Cabrio +23], Warsmith's Mold x1 [shop 770,000/craft/exchange], Crafted Leather x50 [shop 11,400/drop: L36 Cave Ant Larva, L36 Tyrant Kingpin +133/craft/exchange/quest], High Grade Suede x130 [shop 4,800/drop: L27 Grave Robber Lookout, L27 Ol Mahum Raider +105/craft/exchange/quest], Asofe x10 [shop 12,000/drop: L45 Shackle, L45 Vault Overlord +149/exchange/quest], Crystal: A-Grade x20 [shop 30,000/exchange], Gemstone A x3 [shop 60,000/exchange] || Drop: L70 Anakim's Nemesis Zakaron, L70 Shilen's Messenger Cabrio, L72 Vanor Chief Kandra, L79 Antharas, L79 Giant's Shadow +15
PIECE	5320	Sealed Leather Armor of Nightmare	A	armor	onepiece	LIGHT	0	P.Def 220 M.Def 0	Craft (lvl 8, 60%): Recipe: Sealed Leather Armor of Nightmare(60%) x1 [shop 309,200/drop: L68 Pytan Knight], Sealed Leather Armor of Nightmare Fabric x14 [shop 89,142/drop: L70 Meanas Anor, L70 Roaring Skylancer +38/exchange], Maestro Anvil Lock x1 [shop 180,800/craft/quest], Crafted Leather x220 [shop 11,400/drop: L36 Cave Ant Larva, L36 Tyrant Kingpin +133/craft/exchange/quest], Metallic Fiber x110 [shop 1,400/drop: L36 Ant Warrior Captain, L38 Warrior of the Plains +170/craft/exchange/quest], Compound Braid x55 [shop 6,000/drop: L27 Gigant Overseer, L27 Grave Robber Scout +145/craft/exchange/quest], Asofe x55 [shop 12,000/drop: L45 Shackle, L45 Vault Overlord +149/exchange/quest], Crystal: A-Grade x44 [shop 30,000/exchange], Gemstone A x17 [shop 60,000/exchange] || Craft (lvl 8, 100%): Recipe: Sealed Leather Armor of Nightmare(100%) x1 [shop 309,200], Sealed Leather Armor of Nightmare Fabric x14 [shop 89,142/drop: L70 Meanas Anor, L70 Roaring Skylancer +38/exchange], Arcsmith's Anvil x1 [shop 1,062,400/craft/exchange], Crafted Leather x400 [shop 11,400/drop: L36 Cave Ant Larva, L36 Tyrant Kingpin +133/craft/exchange/quest], Metallic Fiber x200 [shop 1,400/drop: L36 Ant Warrior Captain, L38 Warrior of the Plains +170/craft/exchange/quest], Compound Braid x100 [shop 6,000/drop: L27 Gigant Overseer, L27 Grave Robber Scout +145/craft/exchange/quest], Asofe x100 [shop 12,000/drop: L45 Shackle, L45 Vault Overlord +149/exchange/quest], Crystal: A-Grade x87 [shop 30,000/exchange], Gemstone A x17 [shop 60,000/exchange] || Drop: L70 Meanas Anor, L70 Roaring Skylancer, L73 Death Lord Hallate, L79 Antharas, L80 Arimanes +13
PIECE	5323	Sealed Majestic Leather Armor	A	armor	onepiece	LIGHT	0	P.Def 220 M.Def 0	Craft (lvl 8, 60%): Recipe: Sealed Majestic Leather Armor(60%) x1 [shop 309,200/drop: L69 Pytan], Sealed Majestic Leather Armor Fabric x14 [shop 89,142/drop: L70 Meanas Anor, L70 Roaring Skylancer +31/exchange], Maestro Anvil Lock x1 [shop 180,800/craft/quest], Crafted Leather x220 [shop 11,400/drop: L36 Cave Ant Larva, L36 Tyrant Kingpin +133/craft/exchange/quest], Metallic Fiber x110 [shop 1,400/drop: L36 Ant Warrior Captain, L38 Warrior of the Plains +170/craft/exchange/quest], Compound Braid x55 [shop 6,000/drop: L27 Gigant Overseer, L27 Grave Robber Scout +145/craft/exchange/quest], Asofe x55 [shop 12,000/drop: L45 Shackle, L45 Vault Overlord +149/exchange/quest], Crystal: A-Grade x44 [shop 30,000/exchange], Gemstone A x17 [shop 60,000/exchange] || Craft (lvl 8, 100%): Recipe: Sealed Majestic Leather Armor(100%) x1 [shop 309,200], Sealed Majestic Leather Armor Fabric x14 [shop 89,142/drop: L70 Meanas Anor, L70 Roaring Skylancer +31/exchange], Arcsmith's Anvil x1 [shop 1,062,400/craft/exchange], Crafted Leather x400 [shop 11,400/drop: L36 Cave Ant Larva, L36 Tyrant Kingpin +133/craft/exchange/quest], Metallic Fiber x200 [shop 1,400/drop: L36 Ant Warrior Captain, L38 Warrior of the Plains +170/craft/exchange/quest], Compound Braid x100 [shop 6,000/drop: L27 Gigant Overseer, L27 Grave Robber Scout +145/craft/exchange/quest], Asofe x100 [shop 12,000/drop: L45 Shackle, L45 Vault Overlord +149/exchange/quest], Crystal: A-Grade x87 [shop 30,000/exchange], Gemstone A x17 [shop 60,000/exchange] || Drop: L70 Meanas Anor, L70 Roaring Skylancer, L73 Death Lord Hallate, L79 Antharas, L80 Arimanes +13
PIECE	5326	Sealed Robe of Nightmare	A	armor	onepiece	MAGIC	0	P.Def 147 M.Def 0	Craft (lvl 8, 60%): Recipe: Sealed Nightmare Robe(60%) x1 [shop 309,200/drop: L68 Requiem Lord], Sealed Nightmare Robe Fabric x14 [shop 88,828/drop: L69 Bloody Priest Rudelto, L70 Palibati Queen Themis +31], Maestro Anvil Lock x1 [shop 180,800/craft/quest], Crafted Leather x204 [shop 11,400/drop: L36 Cave Ant Larva, L36 Tyrant Kingpin +133/craft/exchange/quest], Metallic Fiber x102 [shop 1,400/drop: L36 Ant Warrior Captain, L38 Warrior of the Plains +170/craft/exchange/quest], Compound Braid x51 [shop 6,000/drop: L27 Gigant Overseer, L27 Grave Robber Scout +145/craft/exchange/quest], Asofe x51 [shop 12,000/drop: L45 Shackle, L45 Vault Overlord +149/exchange/quest], Crystal: A-Grade x53 [shop 30,000/exchange], Gemstone A x17 [shop 60,000/exchange] || Craft (lvl 8, 100%): Recipe: Sealed Nightmare Robe(100%) x1 [shop 309,200], Sealed Nightmare Robe Fabric x14 [shop 88,828/drop: L69 Bloody Priest Rudelto, L70 Palibati Queen Themis +31], Arcsmith's Anvil x1 [shop 1,062,400/craft/exchange], Crafted Leather x400 [shop 11,400/drop: L36 Cave Ant Larva, L36 Tyrant Kingpin +133/craft/exchange/quest], Metallic Fiber x200 [shop 1,400/drop: L36 Ant Warrior Captain, L38 Warrior of the Plains +170/craft/exchange/quest], Compound Braid x100 [shop 6,000/drop: L27 Gigant Overseer, L27 Grave Robber Scout +145/craft/exchange/quest], Asofe x100 [shop 12,000/drop: L45 Shackle, L45 Vault Overlord +149/exchange/quest], Crystal: A-Grade x87 [shop 30,000/exchange], Gemstone A x17 [shop 60,000/exchange] || Drop: L69 Bloody Priest Rudelto, L70 Palibati Queen Themis, L71 Immortal Savior Mardil, L74 Krokian Padisha Sobekk, L79 Antharas +17
PIECE	5329	Sealed Majestic Robe	A	armor	onepiece	MAGIC	0	P.Def 147 M.Def 0	Craft (lvl 8, 60%): Recipe: Sealed Majestic Robe(60%) x1 [shop 309,200/drop: L69 Bone Sweeper], Sealed Majestic Robe Fabric x14 [shop 88,828/drop: L69 Bloody Priest Rudelto, L70 Palibati Queen Themis +28], Maestro Anvil Lock x1 [shop 180,800/craft/quest], Crafted Leather x204 [shop 11,400/drop: L36 Cave Ant Larva, L36 Tyrant Kingpin +133/craft/exchange/quest], Metallic Fiber x102 [shop 1,400/drop: L36 Ant Warrior Captain, L38 Warrior of the Plains +170/craft/exchange/quest], Compound Braid x51 [shop 6,000/drop: L27 Gigant Overseer, L27 Grave Robber Scout +145/craft/exchange/quest], Asofe x51 [shop 12,000/drop: L45 Shackle, L45 Vault Overlord +149/exchange/quest], Crystal: A-Grade x53 [shop 30,000/exchange], Gemstone A x17 [shop 60,000/exchange] || Craft (lvl 8, 100%): Recipe: Sealed Majestic Robe(100%) x1 [shop 309,200], Sealed Majestic Robe Fabric x14 [shop 88,828/drop: L69 Bloody Priest Rudelto, L70 Palibati Queen Themis +28], Arcsmith's Anvil x1 [shop 1,062,400/craft/exchange], Crafted Leather x400 [shop 11,400/drop: L36 Cave Ant Larva, L36 Tyrant Kingpin +133/craft/exchange/quest], Metallic Fiber x200 [shop 1,400/drop: L36 Ant Warrior Captain, L38 Warrior of the Plains +170/craft/exchange/quest], Compound Braid x100 [shop 6,000/drop: L27 Gigant Overseer, L27 Grave Robber Scout +145/craft/exchange/quest], Asofe x100 [shop 12,000/drop: L45 Shackle, L45 Vault Overlord +149/exchange/quest], Crystal: A-Grade x87 [shop 30,000/exchange], Gemstone A x17 [shop 60,000/exchange] || Drop: L69 Bloody Priest Rudelto, L70 Palibati Queen Themis, L71 Immortal Savior Mardil, L74 Krokian Padisha Sobekk, L79 Antharas +18
PIECE	5590	Squeaking Shoes	NG	armor	feet	?	0	P.Def 0 M.Def 0	Exchange at dawn priest 2a, dawn priest 2c, dusk priest 2a, dusk priest 2c: Ancient Adena x420,000
PIECE	5596	Dasparion's Staff - Mana Up	A	weapon	lrhand	BLUNT	0	P.Atk 207 M.Atk 157	Exchange at mammblack 2b: Dasparion's Staff x1 [drop: L60 Ancient Weird Drake, L60 Ghost of the Well Lidia +28/craft/exchange], Red Soul Crystal - Stage 11 x1 [exchange], Gemstone A x147 [shop 60,000/exchange]
PIECE	5597	Dasparion's Staff - Conversion	A	weapon	lrhand	BLUNT	0	P.Atk 207 M.Atk 157	Exchange at mammblack 2b: Dasparion's Staff x1 [drop: L60 Ancient Weird Drake, L60 Ghost of the Well Lidia +28/craft/exchange], Green Soul Crystal - Stage 11 x1 [exchange], Gemstone A x147 [shop 60,000/exchange]
PIECE	5598	Dasparion's Staff - Acumen	A	weapon	lrhand	BLUNT	0	P.Atk 207 M.Atk 157	Exchange at mammblack 2b: Dasparion's Staff x1 [drop: L60 Ancient Weird Drake, L60 Ghost of the Well Lidia +28/craft/exchange], Blue Soul Crystal - Stage 11 x1 [exchange], Gemstone A x147 [shop 60,000/exchange]
PIECE	5599	Meteor Shower - Focus	A	weapon	rhand	BLUNT	0	P.Atk 213 M.Atk 107	Exchange at mammblack 2b: Meteor Shower x1 [drop: L60 Ancient Weird Drake, L60 Ghost of the Well Lidia +28/craft/exchange], Red Soul Crystal - Stage 11 x1 [exchange], Gemstone A x157 [shop 60,000/exchange]
PIECE	5600	Meteor Shower - Critical Bleed	A	weapon	rhand	BLUNT	0	P.Atk 213 M.Atk 107	Exchange at mammblack 2b: Meteor Shower x1 [drop: L60 Ancient Weird Drake, L60 Ghost of the Well Lidia +28/craft/exchange], Green Soul Crystal - Stage 11 x1 [exchange], Gemstone A x157 [shop 60,000/exchange]
PIECE	5601	Meteor Shower - Rsk. Haste	A	weapon	rhand	BLUNT	0	P.Atk 213 M.Atk 107	Exchange at mammblack 2b: Meteor Shower x1 [drop: L60 Ancient Weird Drake, L60 Ghost of the Well Lidia +28/craft/exchange], Blue Soul Crystal - Stage 11 x1 [exchange], Gemstone A x157 [shop 60,000/exchange]
PIECE	5602	Elysian - Health	A	weapon	rhand	BLUNT	0	P.Atk 232 M.Atk 114	Exchange at mammblack 2b: Elysian x1 [drop: L70 Fafurion's Herald Lokness, L71 Immortal Savior Mardil +16/craft/exchange], Red Soul Crystal - Stage 12 x1 [exchange], Gemstone A x140 [shop 60,000/exchange]
PIECE	5603	Elysian - Anger	A	weapon	rhand	BLUNT	0	P.Atk 232 M.Atk 114	Exchange at mammblack 2b: Elysian x1 [drop: L70 Fafurion's Herald Lokness, L71 Immortal Savior Mardil +16/craft/exchange], Green Soul Crystal - Stage 12 x1 [exchange], Gemstone A x140 [shop 60,000/exchange]
PIECE	5604	Elysian - Critical Drain	A	weapon	rhand	BLUNT	0	P.Atk 232 M.Atk 114	Exchange at mammblack 2b: Elysian x1 [drop: L70 Fafurion's Herald Lokness, L71 Immortal Savior Mardil +16/craft/exchange], Blue Soul Crystal - Stage 12 x1 [exchange], Gemstone A x157 [shop 60,000/exchange]
PIECE	5605	Branch of the Mother Tree - Conversion	A	weapon	lrhand	BLUNT	0	P.Atk 226 M.Atk 167	Exchange at mammblack 2b: Branch of the Mother Tree x1 [drop: L70 Fafurion's Herald Lokness, L71 Immortal Savior Mardil +16/craft/exchange], Red Soul Crystal - Stage 12 x1 [exchange], Gemstone A x140 [shop 60,000/exchange]
PIECE	5606	Branch of the Mother Tree - Magic Damage	A	weapon	lrhand	BLUNT	0	P.Atk 226 M.Atk 167	Exchange at mammblack 2b: Branch of the Mother Tree x1 [drop: L70 Fafurion's Herald Lokness, L71 Immortal Savior Mardil +16/craft/exchange], Green Soul Crystal - Stage 12 x1 [exchange], Gemstone A x140 [shop 60,000/exchange]
PIECE	5607	Branch of the Mother Tree - Acumen	A	weapon	lrhand	BLUNT	0	P.Atk 226 M.Atk 167	Exchange at mammblack 2b: Branch of the Mother Tree x1 [drop: L70 Fafurion's Herald Lokness, L71 Immortal Savior Mardil +16/craft/exchange], Blue Soul Crystal - Stage 12 x1 [exchange], Gemstone A x140 [shop 60,000/exchange]
PIECE	5608	Carnage Bow - Light	A	weapon	lrhand	BOW	0	P.Atk 440 M.Atk 107	Exchange at mammblack 2b: Carnage Bow x1 [drop: L58 Eva's Guardian Millenu, L65 Enmity Ghost Ramdal +24/craft/exchange], Red Soul Crystal - Stage 11 x1 [exchange], Gemstone A x147 [shop 60,000/exchange]
PIECE	5609	Carnage Bow - Critical Bleed	A	weapon	lrhand	BOW	0	P.Atk 440 M.Atk 107	Exchange at mammblack 2b: Carnage Bow x1 [drop: L58 Eva's Guardian Millenu, L65 Enmity Ghost Ramdal +24/craft/exchange], Green Soul Crystal - Stage 11 x1 [exchange], Gemstone A x147 [shop 60,000/exchange]
PIECE	5610	Carnage Bow - Mana Up	A	weapon	lrhand	BOW	0	P.Atk 440 M.Atk 107	Exchange at mammblack 2b: Carnage Bow x1 [drop: L58 Eva's Guardian Millenu, L65 Enmity Ghost Ramdal +24/craft/exchange], Blue Soul Crystal - Stage 11 x1 [exchange], Gemstone A x147 [shop 60,000/exchange]
PIECE	5611	Soul Bow - Cheap Shot	A	weapon	lrhand	BOW	0	P.Atk 528 M.Atk 125	Exchange at mammblack 2b: Soul Bow x1 [drop: L69 Bloody Priest Rudelto, L70 Beast Lord Behemoth +18/craft/exchange], Red Soul Crystal - Stage 12 x1 [exchange], Gemstone A x140 [shop 60,000/exchange]
PIECE	5612	Soul Bow - Quick Recovery	A	weapon	lrhand	BOW	0	P.Atk 528 M.Atk 125	Exchange at mammblack 2b: Soul Bow x1 [drop: L69 Bloody Priest Rudelto, L70 Beast Lord Behemoth +18/craft/exchange], Green Soul Crystal - Stage 12 x1 [exchange], Gemstone A x157 [shop 60,000/exchange]
PIECE	5613	Soul Bow - Critical Poison	A	weapon	lrhand	BOW	0	P.Atk 528 M.Atk 125	Exchange at mammblack 2b: Soul Bow x1 [drop: L69 Bloody Priest Rudelto, L70 Beast Lord Behemoth +18/craft/exchange], Blue Soul Crystal - Stage 12 x1 [exchange], Gemstone A x157 [shop 60,000/exchange]
PIECE	5614	Bloody Orchid - Focus	A	weapon	rhand	DAGGER	0	P.Atk 186 M.Atk 107	Exchange at mammblack 2b: Bloody Orchid x1 [drop: L65 Rahha, L65 Shilen's Priest Hisilrome +29/craft/exchange], Red Soul Crystal - Stage 11 x1 [exchange], Gemstone A x157 [shop 60,000/exchange]
PIECE	5615	Bloody Orchid - Back Blow	A	weapon	rhand	DAGGER	0	P.Atk 186 M.Atk 107	Exchange at mammblack 2b: Bloody Orchid x1 [drop: L65 Rahha, L65 Shilen's Priest Hisilrome +29/craft/exchange], Green Soul Crystal - Stage 11 x1 [exchange], Gemstone A x157 [shop 60,000/exchange]
PIECE	5616	Bloody Orchid - Critical Bleed	A	weapon	rhand	DAGGER	0	P.Atk 186 M.Atk 107	Exchange at mammblack 2b: Bloody Orchid x1 [drop: L65 Rahha, L65 Shilen's Priest Hisilrome +29/craft/exchange], Blue Soul Crystal - Stage 11 x1 [exchange], Gemstone A x147 [shop 60,000/exchange]
PIECE	5617	Soul Separator - Guidance	A	weapon	rhand	DAGGER	0	P.Atk 203 M.Atk 114	Exchange at mammblack 2b: Soul Separator x1 [drop: L69 Spirit of Andras, the Betrayer, L70 Anakim's Nemesis Zakaron +17/craft/exchange], Red Soul Crystal - Stage 12 x1 [exchange], Gemstone A x157 [shop 60,000/exchange]
PIECE	5618	Soul Separator - Critical Damage	A	weapon	rhand	DAGGER	0	P.Atk 203 M.Atk 114	Exchange at mammblack 2b: Soul Separator x1 [drop: L69 Spirit of Andras, the Betrayer, L70 Anakim's Nemesis Zakaron +17/craft/exchange], Green Soul Crystal - Stage 12 x1 [exchange], Gemstone A x157 [shop 60,000/exchange]
PIECE	5619	Soul Separator - Rsk. Haste	A	weapon	rhand	DAGGER	0	P.Atk 203 M.Atk 114	Exchange at mammblack 2b: Soul Separator x1 [drop: L69 Spirit of Andras, the Betrayer, L70 Anakim's Nemesis Zakaron +17/craft/exchange], Blue Soul Crystal - Stage 12 x1 [exchange], Gemstone A x157 [shop 60,000/exchange]
PIECE	5620	Blood Tornado - Haste	A	weapon	lrhand	DUALFIST	0	P.Atk 259 M.Atk 107	Exchange at mammblack 2b: Blood Tornado x1 [drop: L64 Gorgolos, L65 Gargoyle Lord Tiphon +27/craft/exchange], Red Soul Crystal - Stage 11 x1 [exchange], Gemstone A x157 [shop 60,000/exchange]
PIECE	5621	Blood Tornado - Focus	A	weapon	lrhand	DUALFIST	0	P.Atk 259 M.Atk 107	Exchange at mammblack 2b: Blood Tornado x1 [drop: L64 Gorgolos, L65 Gargoyle Lord Tiphon +27/craft/exchange], Green Soul Crystal - Stage 11 x1 [exchange], Gemstone A x157 [shop 60,000/exchange]
PIECE	5622	Blood Tornado - Anger	A	weapon	lrhand	DUALFIST	0	P.Atk 259 M.Atk 107	Exchange at mammblack 2b: Blood Tornado x1 [drop: L64 Gorgolos, L65 Gargoyle Lord Tiphon +27/craft/exchange], Blue Soul Crystal - Stage 11 x1 [exchange], Gemstone A x147 [shop 60,000/exchange]
PIECE	5623	Dragon Grinder - Rsk. Evasion	A	weapon	lrhand	DUALFIST	0	P.Atk 282 M.Atk 114	Exchange at mammblack 2b: Dragon Grinder x1 [drop: L68 Anakazel, L70 Palibati Queen Themis +14/craft/exchange], Red Soul Crystal - Stage 12 x1 [exchange], Gemstone A x157 [shop 60,000/exchange]
PIECE	5624	Dragon Grinder - Guidance	A	weapon	lrhand	DUALFIST	0	P.Atk 282 M.Atk 114	Exchange at mammblack 2b: Dragon Grinder x1 [drop: L68 Anakazel, L70 Palibati Queen Themis +14/craft/exchange], Green Soul Crystal - Stage 12 x1 [exchange], Gemstone A x140 [shop 60,000/exchange]
PIECE	5625	Dragon Grinder - Health	A	weapon	lrhand	DUALFIST	0	P.Atk 282 M.Atk 114	Exchange at mammblack 2b: Dragon Grinder x1 [drop: L68 Anakazel, L70 Palibati Queen Themis +14/craft/exchange], Blue Soul Crystal - Stage 12 x1 [exchange], Gemstone A x140 [shop 60,000/exchange]
PIECE	5626	Halberd - Haste	A	weapon	lrhand	POLE	0	P.Atk 213 M.Atk 107	Exchange at mammblack 2b: Halberd x1 [drop: L65 Hekaton Prime, L66 Last Titan Utenus +12/craft/exchange], Red Soul Crystal - Stage 11 x1 [exchange], Gemstone A x157 [shop 60,000/exchange]
PIECE	5627	Halberd - Critical Stun	A	weapon	lrhand	POLE	0	P.Atk 213 M.Atk 107	Exchange at mammblack 2b: Halberd x1 [drop: L65 Hekaton Prime, L66 Last Titan Utenus +12/craft/exchange], Green Soul Crystal - Stage 11 x1 [exchange], Gemstone A x157 [shop 60,000/exchange]
PIECE	5628	Halberd - Wide Blow	A	weapon	lrhand	POLE	0	P.Atk 213 M.Atk 107	Exchange at mammblack 2b: Halberd x1 [drop: L65 Hekaton Prime, L66 Last Titan Utenus +12/craft/exchange], Blue Soul Crystal - Stage 11 x1 [exchange], Gemstone A x147 [shop 60,000/exchange]
PIECE	5632	Tallum Glaive - Guidance	A	weapon	lrhand	POLE	0	P.Atk 232 M.Atk 114	Exchange at mammblack 2b: Tallum Glaive x1 [drop: L70 Korim, L70 Meanas Anor +17/craft/exchange], Red Soul Crystal - Stage 12 x1 [exchange], Gemstone A x157 [shop 60,000/exchange]
PIECE	5633	Tallum Glaive - Health	A	weapon	lrhand	POLE	0	P.Atk 232 M.Atk 114	Exchange at mammblack 2b: Tallum Glaive x1 [drop: L70 Korim, L70 Meanas Anor +17/craft/exchange], Green Soul Crystal - Stage 12 x1 [exchange], Gemstone A x140 [shop 60,000/exchange]
PIECE	5634	Tallum Glaive - Wide Blow	A	weapon	lrhand	POLE	0	P.Atk 232 M.Atk 114	Exchange at mammblack 2b: Tallum Glaive x1 [drop: L70 Korim, L70 Meanas Anor +17/craft/exchange], Blue Soul Crystal - Stage 12 x1 [exchange], Gemstone A x140 [shop 60,000/exchange]
PIECE	5635	Tallum Blade - Critical Poison	A	weapon	rhand	SWORD	0	P.Atk 213 M.Atk 107	Exchange at mammblack 2b: Tallum Blade x1 [drop: L59 Abyss Brukunt, L59 Demon Kurikups +23/craft/exchange], Red Soul Crystal - Stage 11 x1 [exchange], Gemstone A x147 [shop 60,000/exchange]
PIECE	5636	Tallum Blade - Haste	A	weapon	rhand	SWORD	0	P.Atk 213 M.Atk 107	Exchange at mammblack 2b: Tallum Blade x1 [drop: L59 Abyss Brukunt, L59 Demon Kurikups +23/craft/exchange], Green Soul Crystal - Stage 11 x1 [exchange], Gemstone A x157 [shop 60,000/exchange]
PIECE	5637	Tallum Blade - Anger	A	weapon	rhand	SWORD	0	P.Atk 213 M.Atk 107	Exchange at mammblack 2b: Tallum Blade x1 [drop: L59 Abyss Brukunt, L59 Demon Kurikups +23/craft/exchange], Blue Soul Crystal - Stage 11 x1 [exchange], Gemstone A x147 [shop 60,000/exchange]
PIECE	5638	Elemental Sword - M. Atk.	A	weapon	rhand	SWORD	0	P.Atk 170 M.Atk 143	Exchange at mammblack 2b: Elemental Sword x1 [drop: L59 Abyss Brukunt, L59 Demon Kurikups +23/craft/exchange], Red Soul Crystal - Stage 11 x1 [exchange], Gemstone A x147 [shop 60,000/exchange]
PIECE	5639	Elemental Sword - Magic Paralyze	A	weapon	rhand	SWORD	0	P.Atk 170 M.Atk 143	Exchange at mammblack 2b: Elemental Sword x1 [drop: L59 Abyss Brukunt, L59 Demon Kurikups +23/craft/exchange], Green Soul Crystal - Stage 11 x1 [exchange], Gemstone A x147 [shop 60,000/exchange]
PIECE	5640	Elemental Sword - Empower	A	weapon	rhand	SWORD	0	P.Atk 170 M.Atk 143	Exchange at mammblack 2b: Elemental Sword x1 [drop: L59 Abyss Brukunt, L59 Demon Kurikups +23/craft/exchange], Blue Soul Crystal - Stage 11 x1 [exchange], Gemstone A x147 [shop 60,000/exchange]
PIECE	5641	Sword of Miracles - M. Atk.	A	weapon	rhand	SWORD	0	P.Atk 186 M.Atk 152	Exchange at mammblack 2b: Sword of Miracles x1 [drop: L70 Roaring Skylancer, L71 Eilhalder von Hellmann +18/craft/exchange], Red Soul Crystal - Stage 12 x1 [exchange], Gemstone A x140 [shop 60,000/exchange]
PIECE	5642	Sword of Miracles - Magic Silence	A	weapon	rhand	SWORD	0	P.Atk 186 M.Atk 152	Exchange at mammblack 2b: Sword of Miracles x1 [drop: L70 Roaring Skylancer, L71 Eilhalder von Hellmann +18/craft/exchange], Green Soul Crystal - Stage 12 x1 [exchange], Gemstone A x140 [shop 60,000/exchange]
PIECE	5643	Sword of Miracles - Acumen	A	weapon	rhand	SWORD	0	P.Atk 186 M.Atk 152	Exchange at mammblack 2b: Sword of Miracles x1 [drop: L70 Roaring Skylancer, L71 Eilhalder von Hellmann +18/craft/exchange], Blue Soul Crystal - Stage 12 x1 [exchange], Gemstone A x140 [shop 60,000/exchange]
PIECE	5644	Dragon Slayer - Health	A	weapon	lrhand	SWORD	0	P.Atk 282 M.Atk 114	Exchange at mammblack 2b: Dragon Slayer x1 [drop: L70 Roaring Skylancer, L71 Eilhalder von Hellmann +17/craft/exchange], Red Soul Crystal - Stage 12 x1 [exchange], Gemstone A x140 [shop 60,000/exchange]
PIECE	5645	Dragon Slayer - Critical Bleed	A	weapon	lrhand	SWORD	0	P.Atk 282 M.Atk 114	Exchange at mammblack 2b: Dragon Slayer x1 [drop: L70 Roaring Skylancer, L71 Eilhalder von Hellmann +17/craft/exchange], Green Soul Crystal - Stage 12 x1 [exchange], Gemstone A x147 [shop 60,000/exchange]
PIECE	5646	Dragon Slayer - Critical Drain	A	weapon	lrhand	SWORD	0	P.Atk 282 M.Atk 114	Exchange at mammblack 2b: Dragon Slayer x1 [drop: L70 Roaring Skylancer, L71 Eilhalder von Hellmann +17/craft/exchange], Blue Soul Crystal - Stage 12 x1 [exchange], Gemstone A x157 [shop 60,000/exchange]
PIECE	5647	Dark Legion's Edge - Critical Damage	A	weapon	rhand	SWORD	0	P.Atk 232 M.Atk 114	Exchange at mammblack 2b: Dark Legion's Edge x1 [drop: L70 Roaring Skylancer, L71 Eilhalder von Hellmann +17/craft/exchange], Red Soul Crystal - Stage 12 x1 [exchange], Gemstone A x157 [shop 60,000/exchange]
PIECE	5648	Dark Legion's Edge - Health	A	weapon	rhand	SWORD	0	P.Atk 232 M.Atk 114	Exchange at mammblack 2b: Dark Legion's Edge x1 [drop: L70 Roaring Skylancer, L71 Eilhalder von Hellmann +17/craft/exchange], Green Soul Crystal - Stage 12 x1 [exchange], Gemstone A x140 [shop 60,000/exchange]
PIECE	5649	Dark Legion's Edge - Rsk. Focus	A	weapon	rhand	SWORD	0	P.Atk 232 M.Atk 114	Exchange at mammblack 2b: Dark Legion's Edge x1 [drop: L70 Roaring Skylancer, L71 Eilhalder von Hellmann +17/craft/exchange], Blue Soul Crystal - Stage 12 x1 [exchange], Gemstone A x157 [shop 60,000/exchange]
PIECE	5705	Keshanberk*Damascus	A	weapon	lrhand	DUAL	0	P.Atk 275 M.Atk 112	Exchange at mammblack 2b: Keshanberk x1 [drop: L50 Messenger of Fairy Queen Berun, L52 Captain of Red Flag Shaka +19/craft/exchange], Sword of Damascus x1 [drop: L58 Anakazel, L62 Wisdom of Splendor +13/craft/exchange], Dualsword Craft Stamp x1 [shop 20,000/exchange], Ancient Adena x3,590,100
PIECE	5706	Damascus*Damascus	A	weapon	lrhand	DUAL	0	P.Atk 282 M.Atk 114	Exchange at mammblack 2b: Sword of Damascus x1 [drop: L58 Anakazel, L62 Wisdom of Splendor +13/craft/exchange], Sword of Damascus x1 [drop: L58 Anakazel, L62 Wisdom of Splendor +13/craft/exchange], Dualsword Craft Stamp x1 [shop 20,000/exchange], Ancient Adena x2,079,000
PIECE	5710	Zubei's Gauntlets - Heavy Armor	B	armor	gloves	?	25	P.Def 41 M.Def 0	Exchange at Byron, Duning, Feynn, Helton, Hilda, Kluto, Morning, Pinter, Poitan, Pushkin, Rupio, Siger, Vincenz, Wilbert: Sealed Zubei's Gauntlets x1 [drop: L50 Lilith's Witch Marilion, L52 Fafurion's Envoy Pingolpin +9/craft/exchange] || Exchange (list 697): Adena x35,000,000
PIECE	5711	Zubei's Gauntlets - Light Armor	B	armor	gloves	?	27	P.Def 41 M.Def 0	Exchange at Byron, Duning, Feynn, Helton, Hilda, Kluto, Morning, Pinter, Poitan, Pushkin, Rupio, Siger, Vincenz, Wilbert: Sealed Zubei's Gauntlets x1 [drop: L50 Lilith's Witch Marilion, L52 Fafurion's Envoy Pingolpin +9/craft/exchange] || Exchange (list 697): Adena x286,712,000
PIECE	5712	Zubei's Gauntlets - Robe	B	armor	gloves	?	29	P.Def 41 M.Def 0	Exchange at Byron, Duning, Feynn, Helton, Hilda, Kluto, Morning, Pinter, Poitan, Pushkin, Rupio, Siger, Vincenz, Wilbert: Sealed Zubei's Gauntlets x1 [drop: L50 Lilith's Witch Marilion, L52 Fafurion's Envoy Pingolpin +9/craft/exchange] || Exchange (list 697): Adena x15,192,000
PIECE	5714	Avadon Gloves - Heavy Armor	B	armor	gloves	?	26	P.Def 41 M.Def 0	Exchange at Byron, Duning, Feynn, Helton, Hilda, Kluto, Morning, Pinter, Poitan, Pushkin, Rupio, Siger, Vincenz, Wilbert: Sealed Avadon Gloves x1 [drop: L50 Lilith's Witch Marilion, L52 Fafurion's Envoy Pingolpin +9/craft/exchange] || Exchange (list 697): Adena x23,334,000
PIECE	5715	Avadon Gloves - Light Armor	B	armor	gloves	?	28	P.Def 41 M.Def 0	Exchange at Byron, Duning, Feynn, Helton, Hilda, Kluto, Morning, Pinter, Poitan, Pushkin, Rupio, Siger, Vincenz, Wilbert: Sealed Avadon Gloves x1 [drop: L50 Lilith's Witch Marilion, L52 Fafurion's Envoy Pingolpin +9/craft/exchange] || Exchange (list 697): Adena x286,712,000
PIECE	5716	Avadon Gloves - Robe	B	armor	gloves	?	30	P.Def 41 M.Def 0	Exchange at Byron, Duning, Feynn, Helton, Hilda, Kluto, Morning, Pinter, Poitan, Pushkin, Rupio, Siger, Vincenz, Wilbert: Sealed Avadon Gloves x1 [drop: L50 Lilith's Witch Marilion, L52 Fafurion's Envoy Pingolpin +9/craft/exchange] || Exchange (list 697): Adena x24,500,000
PIECE	5718	Blue Wolf Gloves - Heavy Armor	B	armor	gloves	?	32	P.Def 44 M.Def 0	Exchange at Byron, Duning, Feynn, Helton, Hilda, Kluto, Morning, Pinter, Poitan, Pushkin, Rupio, Siger, Vincenz, Wilbert: Sealed Blue Wolf Gloves x1 [drop: L60 The 3rd Underwater Guardian, L62 Blader of Despair +12/craft/exchange] || Exchange (list 697): Adena x23,334,000
PIECE	5719	Blue Wolf Gloves - Light Armor	B	armor	gloves	?	34	P.Def 44 M.Def 0	Exchange at Byron, Duning, Feynn, Helton, Hilda, Kluto, Morning, Pinter, Poitan, Pushkin, Rupio, Siger, Vincenz, Wilbert: Sealed Blue Wolf Gloves x1 [drop: L60 The 3rd Underwater Guardian, L62 Blader of Despair +12/craft/exchange]
PIECE	5720	Blue Wolf Gloves - Robe	B	armor	gloves	?	36	P.Def 44 M.Def 0	Exchange at Byron, Duning, Feynn, Helton, Hilda, Kluto, Morning, Pinter, Poitan, Pushkin, Rupio, Siger, Vincenz, Wilbert: Sealed Blue Wolf Gloves x1 [drop: L60 The 3rd Underwater Guardian, L62 Blader of Despair +12/craft/exchange] || Exchange (list 697): Adena x24,500,000
PIECE	5722	Doom Gloves - Heavy Armor	B	armor	gloves	?	33	P.Def 44 M.Def 0	Exchange at Byron, Duning, Feynn, Helton, Hilda, Kluto, Morning, Pinter, Poitan, Pushkin, Rupio, Siger, Vincenz, Wilbert: Sealed Doom Gloves x1 [drop: L60 The 3rd Underwater Guardian, L62 Blader of Despair +12/craft/exchange] || Exchange (list 697): Adena x286,712,000
PIECE	5723	Doom Gloves - Light Armor	B	armor	gloves	?	35	P.Def 44 M.Def 0	Exchange at Byron, Duning, Feynn, Helton, Hilda, Kluto, Morning, Pinter, Poitan, Pushkin, Rupio, Siger, Vincenz, Wilbert: Sealed Doom Gloves x1 [drop: L60 The 3rd Underwater Guardian, L62 Blader of Despair +12/craft/exchange] || Exchange (list 697): Adena x343,060,000
PIECE	5724	Doom Gloves - Robe	B	armor	gloves	?	37	P.Def 44 M.Def 0	Exchange at Byron, Duning, Feynn, Helton, Hilda, Kluto, Morning, Pinter, Poitan, Pushkin, Rupio, Siger, Vincenz, Wilbert: Sealed Doom Gloves x1 [drop: L60 The 3rd Underwater Guardian, L62 Blader of Despair +12/craft/exchange] || Exchange (list 697): Adena x286,712,000
PIECE	5726	Zubei's Boots - Heavy Armor	B	armor	feet	?	25	P.Def 41 M.Def 0	Exchange at Byron, Duning, Feynn, Helton, Hilda, Kluto, Morning, Pinter, Poitan, Pushkin, Rupio, Siger, Vincenz, Wilbert: Sealed Zubei's Boots x1 [drop: L50 Lilith's Witch Marilion, L52 Fafurion's Envoy Pingolpin +9/craft/exchange] || Exchange (list 697): Adena x93,336,000
PIECE	5727	Zubei's Boots - Light Armor	B	armor	feet	?	27	P.Def 41 M.Def 0	Exchange at Byron, Duning, Feynn, Helton, Hilda, Kluto, Morning, Pinter, Poitan, Pushkin, Rupio, Siger, Vincenz, Wilbert: Sealed Zubei's Boots x1 [drop: L50 Lilith's Witch Marilion, L52 Fafurion's Envoy Pingolpin +9/craft/exchange] || Exchange (list 697): Adena x286,712,000
PIECE	5728	Zubei's Boots - Robe	B	armor	feet	?	29	P.Def 41 M.Def 0	Exchange at Byron, Duning, Feynn, Helton, Hilda, Kluto, Morning, Pinter, Poitan, Pushkin, Rupio, Siger, Vincenz, Wilbert: Sealed Zubei's Boots x1 [drop: L50 Lilith's Witch Marilion, L52 Fafurion's Envoy Pingolpin +9/craft/exchange] || Exchange (list 697): Adena x286,712,000
PIECE	5730	Avadon Boots - Heavy Armor	B	armor	feet	?	26	P.Def 41 M.Def 0	Exchange at Byron, Duning, Feynn, Helton, Hilda, Kluto, Morning, Pinter, Poitan, Pushkin, Rupio, Siger, Vincenz, Wilbert: Sealed Avadon Boots x1 [drop: L50 Lilith's Witch Marilion, L52 Fafurion's Envoy Pingolpin +9/craft/exchange] || Exchange (list 697): Adena x23,334,000
PIECE	5731	Avadon Boots - Light Armor	B	armor	feet	?	28	P.Def 41 M.Def 0	Exchange at Byron, Duning, Feynn, Helton, Hilda, Kluto, Morning, Pinter, Poitan, Pushkin, Rupio, Siger, Vincenz, Wilbert: Sealed Avadon Boots x1 [drop: L50 Lilith's Witch Marilion, L52 Fafurion's Envoy Pingolpin +9/craft/exchange] || Exchange (list 697): Adena x286,712,000
PIECE	5732	Avadon Boots - Robe	B	armor	feet	?	30	P.Def 41 M.Def 0	Exchange at Byron, Duning, Feynn, Helton, Hilda, Kluto, Morning, Pinter, Poitan, Pushkin, Rupio, Siger, Vincenz, Wilbert: Sealed Avadon Boots x1 [drop: L50 Lilith's Witch Marilion, L52 Fafurion's Envoy Pingolpin +9/craft/exchange] || Exchange (list 697): Adena x22,788,000
PIECE	5734	Blue Wolf Boots - Heavy Armor	B	armor	feet	?	32	P.Def 44 M.Def 0	Exchange at Byron, Duning, Feynn, Helton, Hilda, Kluto, Morning, Pinter, Poitan, Pushkin, Rupio, Siger, Vincenz, Wilbert: Sealed Blue Wolf Boots x1 [drop: L60 The 3rd Underwater Guardian, L62 Blader of Despair +12/craft/exchange] || Exchange (list 697): Adena x43,752,000
PIECE	5735	Blue Wolf Boots - Light Armor	B	armor	feet	?	34	P.Def 44 M.Def 0	Exchange at Byron, Duning, Feynn, Helton, Hilda, Kluto, Morning, Pinter, Poitan, Pushkin, Rupio, Siger, Vincenz, Wilbert: Sealed Blue Wolf Boots x1 [drop: L60 The 3rd Underwater Guardian, L62 Blader of Despair +12/craft/exchange] || Exchange (list 697): Adena x286,712,000
PIECE	5736	Blue Wolf Boots - Robe	B	armor	feet	?	36	P.Def 44 M.Def 0	Exchange at Byron, Duning, Feynn, Helton, Hilda, Kluto, Morning, Pinter, Poitan, Pushkin, Rupio, Siger, Vincenz, Wilbert: Sealed Blue Wolf Boots x1 [drop: L60 The 3rd Underwater Guardian, L62 Blader of Despair +12/craft/exchange] || Exchange (list 697): Adena x22,788,000
PIECE	5738	Doom Boots - Heavy Armor	B	armor	feet	?	33	P.Def 44 M.Def 0	Exchange at Byron, Duning, Feynn, Helton, Hilda, Kluto, Morning, Pinter, Poitan, Pushkin, Rupio, Siger, Vincenz, Wilbert: Sealed Doom Boots x1 [drop: L60 The 3rd Underwater Guardian, L62 Blader of Despair +12/craft/exchange] || Exchange (list 697): Adena x286,712,000
PIECE	5739	Doom Boots - Light Armor	B	armor	feet	?	35	P.Def 44 M.Def 0	Exchange at Byron, Duning, Feynn, Helton, Hilda, Kluto, Morning, Pinter, Poitan, Pushkin, Rupio, Siger, Vincenz, Wilbert: Sealed Doom Boots x1 [drop: L60 The 3rd Underwater Guardian, L62 Blader of Despair +12/craft/exchange] || Exchange (list 697): Adena x24,500,000
PIECE	5740	Doom Boots - Robe	B	armor	feet	?	37	P.Def 44 M.Def 0	Exchange at Byron, Duning, Feynn, Helton, Hilda, Kluto, Morning, Pinter, Poitan, Pushkin, Rupio, Siger, Vincenz, Wilbert: Sealed Doom Boots x1 [drop: L60 The 3rd Underwater Guardian, L62 Blader of Despair +12/craft/exchange] || Exchange (list 697): Adena x343,060,000
PIECE	5765	Dark Crystal Gloves - Heavy Armor	A	armor	gloves	?	39	P.Def 46 M.Def 0	Exchange at mammblack 2b: Sealed Dark Crystal Gloves x1 [drop: L59 Demon Kurikups, L60 Ghost of the Well Lidia +26/craft/exchange], Ancient Adena x87,000
PIECE	5766	Dark Crystal Gloves - Light Armor	A	armor	gloves	?	41	P.Def 46 M.Def 0	Exchange at mammblack 2b: Sealed Dark Crystal Gloves x1 [drop: L59 Demon Kurikups, L60 Ghost of the Well Lidia +26/craft/exchange], Ancient Adena x87,000
PIECE	5767	Dark Crystal Gloves - Robe	A	armor	gloves	?	44	P.Def 46 M.Def 0	Exchange at mammblack 2b: Sealed Dark Crystal Gloves x1 [drop: L59 Demon Kurikups, L60 Ghost of the Well Lidia +26/craft/exchange], Ancient Adena x87,000
PIECE	5768	Tallum Gloves - Heavy Armor	A	armor	gloves	?	40	P.Def 46 M.Def 0	Exchange at mammblack 2b: Sealed Tallum Gloves x1 [drop: L59 Demon Kurikups, L60 Ghost of the Well Lidia +26/craft/exchange], Ancient Adena x87,000
PIECE	5769	Tallum Gloves - Light Armor	A	armor	gloves	?	42	P.Def 46 M.Def 0	Exchange at mammblack 2b: Sealed Tallum Gloves x1 [drop: L59 Demon Kurikups, L60 Ghost of the Well Lidia +26/craft/exchange], Ancient Adena x87,000
PIECE	5770	Tallum Gloves - Robe	A	armor	gloves	?	43	P.Def 46 M.Def 0	Exchange at mammblack 2b: Sealed Tallum Gloves x1 [drop: L59 Demon Kurikups, L60 Ghost of the Well Lidia +26/craft/exchange], Ancient Adena x87,000
PIECE	5771	Gauntlets of Nightmare - Heavy Armor	A	armor	gloves	?	46	P.Def 49 M.Def 0	Exchange at mammblack 2b: Sealed Gauntlets of Nightmare x1 [drop: L70 Anakim's Nemesis Zakaron, L70 Shilen's Messenger Cabrio +17/craft/exchange], Ancient Adena x132,000
PIECE	5772	Gauntlets of Nightmare - Light Armor	A	armor	gloves	?	48	P.Def 49 M.Def 0	Exchange at mammblack 2b: Sealed Gauntlets of Nightmare x1 [drop: L70 Anakim's Nemesis Zakaron, L70 Shilen's Messenger Cabrio +17/craft/exchange], Ancient Adena x132,000
PIECE	5773	Gauntlets of Nightmare - Robe	A	armor	gloves	?	50	P.Def 49 M.Def 0	Exchange at mammblack 2b: Sealed Gauntlets of Nightmare x1 [drop: L70 Anakim's Nemesis Zakaron, L70 Shilen's Messenger Cabrio +17/craft/exchange], Ancient Adena x132,000
PIECE	5774	Majestic Gauntlets - Heavy Armor	A	armor	gloves	?	47	P.Def 49 M.Def 0	Exchange at mammblack 2b: Sealed Majestic Gauntlets x1 [drop: L70 Anakim's Nemesis Zakaron, L70 Shilen's Messenger Cabrio +19/craft/exchange], Ancient Adena x132,000
PIECE	5775	Majestic Gauntlets - Light Armor	A	armor	gloves	?	49	P.Def 49 M.Def 0	Exchange at mammblack 2b: Sealed Majestic Gauntlets x1 [drop: L70 Anakim's Nemesis Zakaron, L70 Shilen's Messenger Cabrio +19/craft/exchange], Ancient Adena x132,000
PIECE	5776	Majestic Gauntlets - Robe	A	armor	gloves	?	51	P.Def 49 M.Def 0	Exchange at mammblack 2b: Sealed Majestic Gauntlets x1 [drop: L70 Anakim's Nemesis Zakaron, L70 Shilen's Messenger Cabrio +19/craft/exchange], Ancient Adena x132,000
PIECE	5777	Dark Crystal Boots - Heavy Armor	A	armor	feet	?	39	P.Def 46 M.Def 0	Exchange at mammblack 2b: Sealed Dark Crystal Boots x1 [drop: L59 Demon Kurikups, L60 Ghost of the Well Lidia +26/craft/exchange], Ancient Adena x87,000
PIECE	5778	Dark Crystal Boots - Light Armor	A	armor	feet	?	41	P.Def 46 M.Def 0	Exchange at mammblack 2b: Sealed Dark Crystal Boots x1 [drop: L59 Demon Kurikups, L60 Ghost of the Well Lidia +26/craft/exchange], Ancient Adena x87,000
PIECE	5779	Dark Crystal Boots - Robe	A	armor	feet	?	44	P.Def 46 M.Def 0	Exchange at mammblack 2b: Sealed Dark Crystal Boots x1 [drop: L59 Demon Kurikups, L60 Ghost of the Well Lidia +26/craft/exchange], Ancient Adena x87,000
PIECE	5780	Tallum Boots - Heavy Armor	A	armor	feet	?	40	P.Def 46 M.Def 0	Exchange at mammblack 2b: Sealed Tallum Boots x1 [drop: L59 Demon Kurikups, L60 Ghost of the Well Lidia +26/craft/exchange], Ancient Adena x87,000
PIECE	5781	Tallum Boots - Light Armor	A	armor	feet	?	42	P.Def 46 M.Def 0	Exchange at mammblack 2b: Sealed Tallum Boots x1 [drop: L59 Demon Kurikups, L60 Ghost of the Well Lidia +26/craft/exchange], Ancient Adena x87,000
PIECE	5782	Tallum Boots - Robe	A	armor	feet	?	43	P.Def 46 M.Def 0	Exchange at mammblack 2b: Sealed Tallum Boots x1 [drop: L59 Demon Kurikups, L60 Ghost of the Well Lidia +26/craft/exchange], Ancient Adena x87,000
PIECE	5783	Boots of Nightmare - Heavy Armor	A	armor	feet	?	46	P.Def 49 M.Def 0	Exchange at mammblack 2b: Sealed Boots of Nightmare x1 [drop: L70 Anakim's Nemesis Zakaron, L70 Shilen's Messenger Cabrio +18/craft/exchange], Ancient Adena x132,000
PIECE	5784	Boots of Nightmare - Light Armor	A	armor	feet	?	48	P.Def 49 M.Def 0	Exchange at mammblack 2b: Sealed Boots of Nightmare x1 [drop: L70 Anakim's Nemesis Zakaron, L70 Shilen's Messenger Cabrio +18/craft/exchange], Ancient Adena x132,000
PIECE	5785	Boots of Nightmare - Robe	A	armor	feet	?	50	P.Def 49 M.Def 0	Exchange at mammblack 2b: Sealed Boots of Nightmare x1 [drop: L70 Anakim's Nemesis Zakaron, L70 Shilen's Messenger Cabrio +18/craft/exchange], Ancient Adena x132,000
PIECE	5786	Majestic Boots - Heavy Armor	A	armor	feet	?	47	P.Def 49 M.Def 0	Exchange at mammblack 2b: Sealed Majestic Boots x1 [drop: L70 Anakim's Nemesis Zakaron, L70 Shilen's Messenger Cabrio +18/craft/exchange], Ancient Adena x132,000
PIECE	5787	Majestic Boots - Light Armor	A	armor	feet	?	49	P.Def 49 M.Def 0	Exchange at mammblack 2b: Sealed Majestic Boots x1 [drop: L70 Anakim's Nemesis Zakaron, L70 Shilen's Messenger Cabrio +18/craft/exchange], Ancient Adena x132,000
PIECE	5788	Majestic Boots - Robe	A	armor	feet	?	51	P.Def 49 M.Def 0	Exchange at mammblack 2b: Sealed Majestic Boots x1 [drop: L70 Anakim's Nemesis Zakaron, L70 Shilen's Messenger Cabrio +18/craft/exchange], Ancient Adena x132,000
PIECE	5808	Party Mask	NG	armor	hair	?	0	P.Def 0 M.Def 0	Exchange at dawn priest 2a, dawn priest 2c, dusk priest 2a, dusk priest 2c: Ancient Adena x600,000 || Craft (lvl 4, 100%): Recipe: Party Mask (100%) x1 [shop 200,000], Party Mask Fabric x20 [shop 10,000], Fish Gem x300 [shop 1,000], Shiny Fish Gem x150 [shop 2,000]
PIECE	6307	Sword of Limit - Guidance	C	weapon	rhand	SWORD	0	P.Atk 139 M.Atk 76	Exchange at weapon sa 01: Sword of Limit x1 [craft/exchange], Red Soul Crystal - Stage 7 x1 [exchange], Gemstone C x306 [shop 6,000], Adena x918,000
PIECE	6308	Sword of Limit - Critical Drain	C	weapon	rhand	SWORD	0	P.Atk 139 M.Atk 76	Exchange at weapon sa 01: Sword of Limit x1 [craft/exchange], Green Soul Crystal - Stage 7 x1 [exchange], Gemstone C x306 [shop 6,000], Adena x918,000
PIECE	6309	Sword of Limit - Health	C	weapon	rhand	SWORD	0	P.Atk 139 M.Atk 76	Exchange at weapon sa 01: Sword of Limit x1 [craft/exchange], Blue Soul Crystal - Stage 7 x1 [exchange], Gemstone C x306 [shop 6,000], Adena x918,000
PIECE	6310	Sword of Whispering Death - Empower	C	weapon	rhand	SWORD	0	P.Atk 111 M.Atk 101	Exchange at weapon sa 01: Sword of Whispering Death x1 [drop: L44 Rotten Tree Repiro, L45 Iron Giant Totem +7/craft/exchange], Red Soul Crystal - Stage 7 x1 [exchange], Gemstone C x306 [shop 6,000], Adena x918,000
PIECE	6311	Sword of Whispering Death - M. Atk.	C	weapon	rhand	SWORD	0	P.Atk 111 M.Atk 101	Exchange at weapon sa 01: Sword of Whispering Death x1 [drop: L44 Rotten Tree Repiro, L45 Iron Giant Totem +7/craft/exchange], Green Soul Crystal - Stage 7 x1 [exchange], Gemstone C x306 [shop 6,000], Adena x918,000
PIECE	6312	Sword of Whispering Death - Magic Silence	C	weapon	rhand	SWORD	0	P.Atk 111 M.Atk 101	Exchange at weapon sa 01: Sword of Whispering Death x1 [drop: L44 Rotten Tree Repiro, L45 Iron Giant Totem +7/craft/exchange], Blue Soul Crystal - Stage 7 x1 [exchange], Gemstone C x306 [shop 6,000], Adena x918,000
PIECE	6313	Homunkulus's Sword - Acumen	C	weapon	rhand	SWORD	0	P.Atk 111 M.Atk 101	Exchange at weapon sa 01: Homunkulus's Sword x1 [drop: L44 Rotten Tree Repiro, L45 Iron Giant Totem +7/craft/exchange], Red Soul Crystal - Stage 7 x1 [exchange], Gemstone C x306 [shop 6,000], Adena x918,000
PIECE	6314	Homunkulus's Sword - Conversion	C	weapon	rhand	SWORD	0	P.Atk 111 M.Atk 101	Exchange at weapon sa 01: Homunkulus's Sword x1 [drop: L44 Rotten Tree Repiro, L45 Iron Giant Totem +7/craft/exchange], Green Soul Crystal - Stage 7 x1 [exchange], Gemstone C x306 [shop 6,000], Adena x918,000
PIECE	6315	Homunkulus's Sword - Magic Paralyze	C	weapon	rhand	SWORD	0	P.Atk 111 M.Atk 101	Exchange at weapon sa 01: Homunkulus's Sword x1 [drop: L44 Rotten Tree Repiro, L45 Iron Giant Totem +7/craft/exchange], Blue Soul Crystal - Stage 7 x1 [exchange], Gemstone C x306 [shop 6,000], Adena x918,000
PIECE	6323	Sealed Phoenix Necklace	A	jewel	Necklace	-	0	M.Def 76 MP 0	Craft (lvl 7, 70%): Recipe: Sealed Phoenix Necklace(70%) x1 [shop 69,600/drop: L64 Alpen Bandersnatch, L64 Corrupted Guard +2], Sealed Phoenix Necklace Beads x13 [shop 18,708/drop: L62 Roaring Lord Kastor, L65 Hekaton Prime +17], Maestro Mold x1 [shop 308,000/craft/quest], Metallic Fiber x55 [shop 1,400/drop: L36 Ant Warrior Captain, L38 Warrior of the Plains +170/craft/exchange/quest], Varnish of Purity x33 [shop 16,200/craft/exchange/quest], Thons x11 [shop 12,000/drop: L45 Dimension Invader Elite Soldier, L45 Fline +128/exchange/quest], Crystal: B-Grade x23 [shop 18,000/exchange], Gemstone B x12 [shop 20,000] || Craft (lvl 7, 100%): Recipe: Sealed Phoenix Necklace(100%) x1 [shop 69,600], Sealed Phoenix Necklace Beads x13 [shop 18,708/drop: L62 Roaring Lord Kastor, L65 Hekaton Prime +17], Warsmith's Mold x1 [shop 770,000/craft/exchange], Metallic Fiber x60 [shop 1,400/drop: L36 Ant Warrior Captain, L38 Warrior of the Plains +170/craft/exchange/quest], Varnish of Purity x36 [shop 16,200/craft/exchange/quest], Thons x12 [shop 12,000/drop: L45 Dimension Invader Elite Soldier, L45 Fline +128/exchange/quest], Crystal: B-Grade x37 [shop 18,000/exchange], Gemstone B x12 [shop 20,000] || Drop: L62 Roaring Lord Kastor, L65 Hekaton Prime, L66 Demon's Agent Falston, L68 Hames Orc Scout, L69 Valac's Guardian Spirit +15
PIECE	6324	Sealed Phoenix Earring	A	jewel	Earring	-	0	M.Def 57 MP 0	Craft (lvl 7, 70%): Recipe: Sealed Phoenix Earring(70%) x1 [shop 52,400/drop: L64 Corrupted Guard, L64 Raider of Pastureland +1], Sealed Phoenix Earring Gemstone x13 [shop 14,462/drop: L62 Roaring Lord Kastor, L65 Hekaton Prime +17], Maestro Mold x1 [shop 308,000/craft/quest], Metallic Fiber x35 [shop 1,400/drop: L36 Ant Warrior Captain, L38 Warrior of the Plains +170/craft/exchange/quest], Varnish of Purity x21 [shop 16,200/craft/exchange/quest], Thons x7 [shop 12,000/drop: L45 Dimension Invader Elite Soldier, L45 Fline +128/exchange/quest], Crystal: B-Grade x18 [shop 18,000/exchange], Gemstone B x29 [shop 20,000] || Craft (lvl 7, 100%): Recipe: Sealed Phoenix Earring(100%) x1 [shop 52,400], Sealed Phoenix Earring Gemstone x13 [shop 14,462/drop: L62 Roaring Lord Kastor, L65 Hekaton Prime +17], Warsmith's Mold x1 [shop 770,000/craft/exchange], Metallic Fiber x35 [shop 1,400/drop: L36 Ant Warrior Captain, L38 Warrior of the Plains +170/craft/exchange/quest], Varnish of Purity x21 [shop 16,200/craft/exchange/quest], Thons x7 [shop 12,000/drop: L45 Dimension Invader Elite Soldier, L45 Fline +128/exchange/quest], Crystal: B-Grade x27 [shop 18,000/exchange], Gemstone B x29 [shop 20,000] || Drop: L62 Roaring Lord Kastor, L65 Hekaton Prime, L66 Demon's Agent Falston, L68 Hames Orc Scout, L69 Valac's Guardian Spirit +15
PIECE	6325	Sealed Phoenix Ring	A	jewel	Ring	-	0	M.Def 38 MP 0	Craft (lvl 7, 70%): Recipe: Sealed Phoenix Ring(70%) x1 [shop 34,840/drop: L64 Victory of Splendor, L67 Kookaburra +1], Sealed Phoenix Ring Gemstone x13 [shop 10,456/drop: L62 Roaring Lord Kastor, L65 Hekaton Prime +18], Blacksmith's Frame x1 [shop 128,000/craft/exchange/quest], Metallic Fiber x30 [shop 1,400/drop: L36 Ant Warrior Captain, L38 Warrior of the Plains +170/craft/exchange/quest], Varnish of Purity x18 [shop 16,200/craft/exchange/quest], Thons x6 [shop 12,000/drop: L45 Dimension Invader Elite Soldier, L45 Fline +128/exchange/quest], Crystal: B-Grade x11 [shop 18,000/exchange], Gemstone B x18 [shop 20,000] || Craft (lvl 7, 100%): Recipe: Sealed Phoenix Ring(100%) x1 [shop 34,840], Sealed Phoenix Ring Gemstone x13 [shop 10,456/drop: L62 Roaring Lord Kastor, L65 Hekaton Prime +18], Maestro Mold x1 [shop 308,000/craft/quest], Metallic Fiber x40 [shop 1,400/drop: L36 Ant Warrior Captain, L38 Warrior of the Plains +170/craft/exchange/quest], Varnish of Purity x24 [shop 16,200/craft/exchange/quest], Thons x8 [shop 12,000/drop: L45 Dimension Invader Elite Soldier, L45 Fline +128/exchange/quest], Crystal: B-Grade x17 [shop 18,000/exchange], Gemstone B x18 [shop 20,000] || Drop: L62 Roaring Lord Kastor, L65 Hekaton Prime, L66 Demon's Agent Falston, L68 Hames Orc Scout, L69 Valac's Guardian Spirit +15
PIECE	6326	Sealed Majestic Necklace	A	jewel	Necklace	-	0	M.Def 80 MP 0	Exchange (list 3122804): Event - Medal x6,240 [?] || Craft (lvl 8, 70%): Recipe: Sealed Majestic Necklace(70%) x1 [shop 104,000/drop: L66 Signet of Splendor, L67 Alpen Buffalo +10], Sealed Majestic Necklace Beads x14 [shop 27,286/drop: L69 Spirit of Andras, the Betrayer, L70 Beast Lord Behemoth +24], Maestro Mold x1 [shop 308,000/craft/quest], Metallic Fiber x100 [shop 1,400/drop: L36 Ant Warrior Captain, L38 Warrior of the Plains +170/craft/exchange/quest], Varnish of Purity x60 [shop 16,200/craft/exchange/quest], Thons x20 [shop 12,000/drop: L45 Dimension Invader Elite Soldier, L45 Fline +128/exchange/quest], Crystal: A-Grade x17 [shop 30,000/exchange], Gemstone A x6 [shop 60,000/exchange] || Craft (lvl 8, 100%): Recipe: Sealed Majestic Necklace(100%) x1 [shop 104,000], Sealed Majestic Necklace Beads x14 [shop 27,286/drop: L69 Spirit of Andras, the Betrayer, L70 Beast Lord Behemoth +24], Warsmith's Mold x1 [shop 770,000/craft/exchange], Metallic Fiber x120 [shop 1,400/drop: L36 Ant Warrior Captain, L38 Warrior of the Plains +170/craft/exchange/quest], Varnish of Purity x72 [shop 16,200/craft/exchange/quest], Thons x24 [shop 12,000/drop: L45 Dimension Invader Elite Soldier, L45 Fline +128/exchange/quest], Crystal: A-Grade x34 [shop 30,000/exchange], Gemstone A x6 [shop 60,000/exchange] || Drop: L69 Spirit of Andras, the Betrayer, L70 Beast Lord Behemoth, L72 Water Dragon Seer Sheshark, L74 Icicle Emperor Bumbalump, L79 Antharas +16
PIECE	6327	Sealed Majestic Earring	A	jewel	Earring	-	0	M.Def 60 MP 0	Exchange (list 3122804): Event - Medal x4,680 [?] || Craft (lvl 8, 70%): Recipe: Sealed Majestic Earring(70%) x1 [shop 78,000/drop: L65 Forbidden Path Invader Elite Soldier, L66 Crown of Splendor +11], Sealed Majestic Earring Gemstone x14 [shop 17,658/drop: L69 Spirit of Andras, the Betrayer, L70 Beast Lord Behemoth +25], Maestro Mold x1 [shop 308,000/craft/quest], Metallic Fiber x65 [shop 1,400/drop: L36 Ant Warrior Captain, L38 Warrior of the Plains +170/craft/exchange/quest], Varnish of Purity x39 [shop 16,200/craft/exchange/quest], Thons x13 [shop 12,000/drop: L45 Dimension Invader Elite Soldier, L45 Fline +128/exchange/quest], Crystal: A-Grade x15 [shop 30,000/exchange], Gemstone A x5 [shop 60,000/exchange] || Craft (lvl 8, 100%): Recipe: Sealed Majestic Earring(100%) x1 [shop 78,000], Sealed Majestic Earring Gemstone x14 [shop 17,658/drop: L69 Spirit of Andras, the Betrayer, L70 Beast Lord Behemoth +25], Warsmith's Mold x1 [shop 770,000/craft/exchange], Metallic Fiber x80 [shop 1,400/drop: L36 Ant Warrior Captain, L38 Warrior of the Plains +170/craft/exchange/quest], Varnish of Purity x48 [shop 16,200/craft/exchange/quest], Thons x16 [shop 12,000/drop: L45 Dimension Invader Elite Soldier, L45 Fline +128/exchange/quest], Crystal: A-Grade x24 [shop 30,000/exchange], Gemstone A x5 [shop 60,000/exchange] || Drop: L69 Spirit of Andras, the Betrayer, L70 Beast Lord Behemoth, L72 Water Dragon Seer Sheshark, L74 Icicle Emperor Bumbalump, L79 Antharas +19
PIECE	6328	Sealed Majestic Ring	A	jewel	Ring	-	0	M.Def 40 MP 0	Exchange (list 3122804): Event - Medal x3,120 [?] || Craft (lvl 8, 70%): Recipe: Sealed Majestic Ring(70%) x1 [shop 52,000/drop: L65 Forbidden Path Invader Elite Soldier, L66 Judge of Fire +9], Sealed Majestic Ring Gemstone x14 [shop 12,286/drop: L69 Spirit of Andras, the Betrayer, L70 Beast Lord Behemoth +26], Blacksmith's Frame x1 [shop 128,000/craft/exchange/quest], Metallic Fiber x45 [shop 1,400/drop: L36 Ant Warrior Captain, L38 Warrior of the Plains +170/craft/exchange/quest], Varnish of Purity x27 [shop 16,200/craft/exchange/quest], Thons x9 [shop 12,000/drop: L45 Dimension Invader Elite Soldier, L45 Fline +128/exchange/quest], Crystal: A-Grade x12 [shop 30,000/exchange], Gemstone A x3 [shop 60,000/exchange] || Craft (lvl 8, 100%): Recipe: Sealed Majestic Ring(100%) x1 [shop 52,000], Sealed Majestic Ring Gemstone x14 [shop 12,286/drop: L69 Spirit of Andras, the Betrayer, L70 Beast Lord Behemoth +26], Maestro Mold x1 [shop 308,000/craft/quest], Metallic Fiber x70 [shop 1,400/drop: L36 Ant Warrior Captain, L38 Warrior of the Plains +170/craft/exchange/quest], Varnish of Purity x42 [shop 16,200/craft/exchange/quest], Thons x14 [shop 12,000/drop: L45 Dimension Invader Elite Soldier, L45 Fline +128/exchange/quest], Crystal: A-Grade x15 [shop 30,000/exchange], Gemstone A x3 [shop 60,000/exchange] || Drop: L69 Spirit of Andras, the Betrayer, L70 Beast Lord Behemoth, L72 Water Dragon Seer Sheshark, L74 Icicle Emperor Bumbalump, L79 Antharas +18
PIECE	6347	Berserker Blade - Focus	C	weapon	lrhand	SWORD	0	P.Atk 190 M.Atk 83	Exchange at weapon sa 01: Berserker Blade x1 [drop: L48 King Tarlk, L53 Crimson Doll Blader +7/craft/exchange], Red Soul Crystal - Stage 8 x1 [exchange], Gemstone C x555 [shop 6,000], Adena x1,665,000
PIECE	6348	Berserker Blade - Critical Damage	C	weapon	lrhand	SWORD	0	P.Atk 190 M.Atk 83	Exchange at weapon sa 01: Berserker Blade x1 [drop: L48 King Tarlk, L53 Crimson Doll Blader +7/craft/exchange], Green Soul Crystal - Stage 8 x1 [exchange], Gemstone C x555 [shop 6,000], Adena x1,665,000
PIECE	6349	Berserker Blade - Haste	C	weapon	lrhand	SWORD	0	P.Atk 190 M.Atk 83	Exchange at weapon sa 01: Berserker Blade x1 [drop: L48 King Tarlk, L53 Crimson Doll Blader +7/craft/exchange], Blue Soul Crystal - Stage 8 x1 [exchange], Gemstone C x555 [shop 6,000], Adena x1,665,000
PIECE	6356	Dark Elven Dagger - Rsk. Haste	C	weapon	rhand	DAGGER	0	P.Atk 94 M.Atk 61	Exchange at weapon sa 01: Dark Elven Dagger x1 [drop: L38 Lizardmen Leader Hellion, L40 Shaman King Selu +2/craft/exchange], Blue Soul Crystal - Stage 5 x1 [?], Gemstone C x97 [shop 6,000], Adena x291,000
PIECE	6357	Stiletto - Rsk. Haste	C	weapon	rhand	DAGGER	0	P.Atk 107 M.Atk 68	Exchange at weapon sa 01: Stiletto x1 [drop: L43 Crazy Mechanic Golem, L47 Death Flyer +4/craft/exchange], Blue Soul Crystal - Stage 6 x1 [?], Gemstone C x238 [shop 6,000], Adena x714,000
PIECE	6358	Crystal Dagger - Critical Damage	C	weapon	rhand	DAGGER	0	P.Atk 136 M.Atk 83	Exchange at weapon sa 01: Crystal Dagger x1 [drop: L49 Karte, L53 Ol Mahum Transcender +3/craft/exchange], Blue Soul Crystal - Stage 8 x1 [exchange], Gemstone C x555 [shop 6,000], Adena x1,665,000
PIECE	6359	Demon's Dagger - Critical Damage	B	weapon	rhand	DAGGER	0	P.Atk 170 M.Atk 99	Exchange at weapon sa 01: Demon's Dagger x1 [drop: L60 Guardian of the Statue of Giant Karum, L61 Fairy Queen Timiniel +5/craft/exchange], Blue Soul Crystal - Stage 10 x1 [exchange], Gemstone B x339 [shop 20,000], Adena x3,390,000
PIECE	6364	Forgotten Blade	S	weapon	rhand	SWORD	0	P.Atk 281 M.Atk 132	Exchange at mammblack 1: Forgotten Blade - Haste x1 [exchange] || Exchange at mammblack 1: Forgotten Blade - Health x1 [exchange] || Exchange at mammblack 1: Forgotten Blade - Focus x1 [exchange] || Craft (lvl 9, 60%): Recipe: Forgotten Blade (60%) x1 [shop 1,952,000], Forgotten Blade Edge x17 [shop 185,058/drop: L75 Benom, L75 Death Lord Ipos +10/quest], Warsmith's Holder x4 [shop 1,768,000/craft/exchange], Mithril Alloy x264 [shop 26,200/craft/exchange/quest], Synthetic Cokes x264 [shop 13,200/craft/exchange/quest], Durable Metal Plate x132 [shop 30,000/drop: L27 Grave Robber Lookout, L27 Kuran Kobold +126/craft/exchange/quest], Enria x132 [shop 24,000/drop: L45 Dimension Invader Berserker, L45 Dimension Invader Magus +211/exchange/quest], Crystal: S Grade x211 [shop 50,000/exchange], Gemstone S x43 [shop 200,000/exchange] || Craft (lvl 9, 100%): Recipe: Forgotten Blade (100%) x1 [shop 1,952,000], Forgotten Blade Edge x17 [shop 185,058/drop: L75 Benom, L75 Death Lord Ipos +10/quest], Warsmith's Holder x8 [shop 1,768,000/craft/exchange], Mithril Alloy x486 [shop 26,200/craft/exchange/quest], Synthetic Cokes x486 [shop 13,200/craft/exchange/quest], Durable Metal Plate x243 [shop 30,000/drop: L27 Grave Robber Lookout, L27 Kuran Kobold +126/craft/exchange/quest], Enria x243 [shop 24,000/drop: L45 Dimension Invader Berserker, L45 Dimension Invader Magus +211/exchange/quest], Crystal: S Grade x399 [shop 50,000/exchange], Gemstone S x43 [shop 200,000/exchange] || Drop: L75 Baium, L75 Benom, L75 Death Lord Ipos, L79 Antharas, L79 Cherub Galaxia +6
PIECE	6365	Basalt Battlehammer	S	weapon	rhand	BLUNT	0	P.Atk 281 M.Atk 132	Exchange at mammblack 1: Basalt Battlehammer - HP Drain x1 [exchange] || Exchange at mammblack 1: Basalt Battlehammer - Health x1 [exchange] || Exchange at mammblack 1: Basalt Battlehammer - HP Regeneration x1 [exchange] || Craft (lvl 9, 60%): Recipe: Basalt Battlehammer (60%) x1 [shop 1,952,000], Basalt Battlehammer Head x17 [shop 188,612/drop: L75 Death Lord Shax, L76 Flamestone Giant +14/quest], Warsmith's Holder x4 [shop 1,768,000/craft/exchange], Mithril Alloy x154 [shop 26,200/craft/exchange/quest], Synthetic Cokes x154 [shop 13,200/craft/exchange/quest], Durable Metal Plate x308 [shop 30,000/drop: L27 Grave Robber Lookout, L27 Kuran Kobold +126/craft/exchange/quest], High Grade Suede x77 [shop 4,800/drop: L27 Grave Robber Lookout, L27 Ol Mahum Raider +105/craft/exchange/quest], Enria x77 [shop 24,000/drop: L45 Dimension Invader Berserker, L45 Dimension Invader Magus +211/exchange/quest], Crystal: S Grade x211 [shop 50,000/exchange], Gemstone S x43 [shop 200,000/exchange] || Craft (lvl 9, 100%): Recipe: Basalt Battlehammer (100%) x1 [shop 1,952,000], Basalt Battlehammer Head x17 [shop 188,612/drop: L75 Death Lord Shax, L76 Flamestone Giant +14/quest], Warsmith's Holder x8 [shop 1,768,000/craft/exchange], Mithril Alloy x284 [shop 26,200/craft/exchange/quest], Synthetic Cokes x284 [shop 13,200/craft/exchange/quest], Durable Metal Plate x568 [shop 30,000/drop: L27 Grave Robber Lookout, L27 Kuran Kobold +126/craft/exchange/quest], High Grade Suede x142 [shop 4,800/drop: L27 Grave Robber Lookout, L27 Ol Mahum Raider +105/craft/exchange/quest], Enria x142 [shop 24,000/drop: L45 Dimension Invader Berserker, L45 Dimension Invader Magus +211/exchange/quest], Crystal: S Grade x398 [shop 50,000/exchange], Gemstone S x43 [shop 200,000/exchange] || Drop: L75 Baium, L75 Death Lord Shax, L79 Antharas, L79 Longhorn Golkonda, L80 Anakim +6
PIECE	6366	Imperial Staff	S	weapon	lrhand	BLUNT	0	P.Atk 274 M.Atk 193	Exchange at mammblack 1: Imperial Staff - Empower x1 [exchange] || Exchange at mammblack 1: Imperial Staff - MP Regeneration x1 [exchange] || Exchange at mammblack 1: Imperial Staff - Magic Hold x1 [exchange] || Craft (lvl 9, 60%): Recipe: Imperial Staff (60%) x1 [shop 1,952,000], Imperial Staff Head x17 [shop 184,706/drop: L75 Death Lord Shax, L76 Flamestone Giant +14/quest], Warsmith's Holder x4 [shop 1,768,000/craft/exchange], Oriharukon x121 [shop 49,200/craft/exchange/quest], Durable Metal Plate x242 [shop 30,000/drop: L27 Grave Robber Lookout, L27 Kuran Kobold +126/craft/exchange/quest], Compound Braid x121 [shop 6,000/drop: L27 Gigant Overseer, L27 Grave Robber Scout +145/craft/exchange/quest], Coarse Bone Powder x242 [shop 3,000/drop: L18 Boogle Ratman Leader, L19 Lirein Elder +159/craft/exchange/quest], Enria x121 [shop 24,000/drop: L45 Dimension Invader Berserker, L45 Dimension Invader Magus +211/exchange/quest], Crystal: S Grade x210 [shop 50,000/exchange], Gemstone S x43 [shop 200,000/exchange] || Craft (lvl 9, 100%): Recipe: Imperial Staff(100%) x1 [shop 1,952,000], Imperial Staff Head x17 [shop 184,706/drop: L75 Death Lord Shax, L76 Flamestone Giant +14/quest], Warsmith's Holder x8 [shop 1,768,000/craft/exchange], Oriharukon x222 [shop 49,200/craft/exchange/quest], Durable Metal Plate x444 [shop 30,000/drop: L27 Grave Robber Lookout, L27 Kuran Kobold +126/craft/exchange/quest], Compound Braid x222 [shop 6,000/drop: L27 Gigant Overseer, L27 Grave Robber Scout +145/craft/exchange/quest], Coarse Bone Powder x444 [shop 3,000/drop: L18 Boogle Ratman Leader, L19 Lirein Elder +159/craft/exchange/quest], Enria x222 [shop 24,000/drop: L45 Dimension Invader Berserker, L45 Dimension Invader Magus +211/exchange/quest], Crystal: S Grade x400 [shop 50,000/exchange], Gemstone S x43 [shop 200,000/exchange] || Drop: L75 Baium, L75 Death Lord Shax, L79 Antharas, L79 Longhorn Golkonda, L80 Anakim +6
PIECE	6367	Angel Slayer	S	weapon	rhand	DAGGER	0	P.Atk 246 M.Atk 132	Exchange at mammblack 1: Angel Slayer - Critical Damage x1 [exchange] || Exchange at mammblack 1: Angel Slayer - HP Drain x1 [exchange] || Exchange at mammblack 1: Angel Slayer - Haste x1 [exchange] || Craft (lvl 9, 60%): Recipe: Angel Slayer (60%) x1 [shop 1,952,000], Angel Slayer Blade x17 [shop 185,058/drop: L75 Last Lesser Giant Olkuth, L78 Daimon the White-Eyed +12/quest], Warsmith's Holder x4 [shop 1,768,000/craft/exchange], Mithril Alloy x264 [shop 26,200/craft/exchange/quest], Synthetic Cokes x264 [shop 13,200/craft/exchange/quest], Durable Metal Plate x132 [shop 30,000/drop: L27 Grave Robber Lookout, L27 Kuran Kobold +126/craft/exchange/quest], Enria x132 [shop 24,000/drop: L45 Dimension Invader Berserker, L45 Dimension Invader Magus +211/exchange/quest], Crystal: S Grade x211 [shop 50,000/exchange], Gemstone S x43 [shop 200,000/exchange] || Craft (lvl 9, 100%): Recipe: Angel Slayer (100%) x1 [shop 1,952,000], Angel Slayer Blade x17 [shop 185,058/drop: L75 Last Lesser Giant Olkuth, L78 Daimon the White-Eyed +12/quest], Warsmith's Holder x8 [shop 1,768,000/craft/exchange], Mithril Alloy x486 [shop 26,200/craft/exchange/quest], Synthetic Cokes x486 [shop 13,200/craft/exchange/quest], Durable Metal Plate x243 [shop 30,000/drop: L27 Grave Robber Lookout, L27 Kuran Kobold +126/craft/exchange/quest], Enria x243 [shop 24,000/drop: L45 Dimension Invader Berserker, L45 Dimension Invader Magus +211/exchange/quest], Crystal: S Grade x399 [shop 50,000/exchange], Gemstone S x43 [shop 200,000/exchange] || Drop: L75 Baium, L75 Last Lesser Giant Olkuth, L78 Daimon the White-Eyed, L79 Antharas, L80 Anakim +6
PIECE	6368	Shining Bow	S	weapon	lrhand	BOW	0	P.Atk 581 M.Atk 132	Craft (lvl 9, 60%): Recipe: Shining Bow (60%) x1 [?], Shining Bow Shaft x17 [?], Warsmith's Holder x4 [shop 1,768,000/craft/exchange], Mithril Alloy x375 [shop 26,200/craft/exchange/quest], Synthetic Cokes x75 [shop 13,200/craft/exchange/quest], Durable Metal Plate x150 [shop 30,000/drop: L27 Grave Robber Lookout, L27 Kuran Kobold +126/craft/exchange/quest], Enria x75 [shop 24,000/drop: L45 Dimension Invader Berserker, L45 Dimension Invader Magus +211/exchange/quest], Crystal: S Grade x212 [shop 50,000/exchange], Gemstone S x43 [shop 200,000/exchange] || Craft (lvl 9, 100%): Recipe: Shining Bow (100%) x1 [?], Shining Bow Shaft x17 [?], Warsmith's Holder x8 [shop 1,768,000/craft/exchange], Mithril Alloy x695 [shop 26,200/craft/exchange/quest], Synthetic Cokes x139 [shop 13,200/craft/exchange/quest], Durable Metal Plate x278 [shop 30,000/drop: L27 Grave Robber Lookout, L27 Kuran Kobold +126/craft/exchange/quest], Enria x139 [shop 24,000/drop: L45 Dimension Invader Berserker, L45 Dimension Invader Magus +211/exchange/quest], Crystal: S Grade x397 [shop 50,000/exchange], Gemstone S x43 [shop 200,000/exchange]
PIECE	6369	Dragon Hunter Axe	S	weapon	lrhand	BLUNT	0	P.Atk 342 M.Atk 132	Exchange at mammblack 1: Dragon Hunter Axe - HP Regeneration x1 [exchange] || Exchange at mammblack 1: Dragon Hunter Axe - Health x1 [exchange] || Exchange at mammblack 1: Dragon Hunter Axe - HP Drain x1 [exchange] || Craft (lvl 9, 60%): Recipe: Dragon Hunter Axe (60%) x1 [shop 1,952,000], Dragon Hunter Axe Blade x17 [shop 181,764/drop: L75 Death Lord Shax, L79 Longhorn Golkonda +11/quest], Warsmith's Holder x4 [shop 1,768,000/craft/exchange], Mithril Alloy x248 [shop 26,200/craft/exchange/quest], Synthetic Cokes x124 [shop 13,200/craft/exchange/quest], Durable Metal Plate x248 [shop 30,000/drop: L27 Grave Robber Lookout, L27 Kuran Kobold +126/craft/exchange/quest], High Grade Suede x62 [shop 4,800/drop: L27 Grave Robber Lookout, L27 Ol Mahum Raider +105/craft/exchange/quest], Enria x62 [shop 24,000/drop: L45 Dimension Invader Berserker, L45 Dimension Invader Magus +211/exchange/quest], Crystal: S Grade x214 [shop 50,000/exchange], Gemstone S x43 [shop 200,000/exchange] || Craft (lvl 9, 100%): Recipe: Dragon Hunter Axe (100%) x1 [shop 1,952,000], Dragon Hunter Axe Blade x17 [shop 181,764/drop: L75 Death Lord Shax, L79 Longhorn Golkonda +11/quest], Warsmith's Holder x8 [shop 1,768,000/craft/exchange], Mithril Alloy x464 [shop 26,200/craft/exchange/quest], Synthetic Cokes x232 [shop 13,200/craft/exchange/quest], Durable Metal Plate x464 [shop 30,000/drop: L27 Grave Robber Lookout, L27 Kuran Kobold +126/craft/exchange/quest], High Grade Suede x116 [shop 4,800/drop: L27 Grave Robber Lookout, L27 Ol Mahum Raider +105/craft/exchange/quest], Enria x116 [shop 24,000/drop: L45 Dimension Invader Berserker, L45 Dimension Invader Magus +211/exchange/quest], Crystal: S Grade x395 [shop 50,000/exchange], Gemstone S x43 [shop 200,000/exchange] || Drop: L75 Baium, L75 Death Lord Shax, L79 Antharas, L79 Longhorn Golkonda, L80 Anakim +6
PIECE	6370	Saint Spear	S	weapon	lrhand	POLE	0	P.Atk 281 M.Atk 132	Exchange at mammblack 1: Saint Spear - Health x1 [exchange] || Exchange at mammblack 1: Saint Spear - Guidance x1 [exchange] || Exchange at mammblack 1: Saint Spear - Haste x1 [exchange] || Craft (lvl 9, 60%): Recipe: Saint Spear (60%) x1 [shop 1,952,000], Saint Spear Blade x17 [shop 181,764/drop: L75 Bloody Empress Decarbia, L78 Anakazel +10/quest], Warsmith's Holder x4 [shop 1,768,000/craft/exchange], Mithril Alloy x248 [shop 26,200/craft/exchange/quest], Synthetic Cokes x124 [shop 13,200/craft/exchange/quest], Durable Metal Plate x248 [shop 30,000/drop: L27 Grave Robber Lookout, L27 Kuran Kobold +126/craft/exchange/quest], High Grade Suede x62 [shop 4,800/drop: L27 Grave Robber Lookout, L27 Ol Mahum Raider +105/craft/exchange/quest], Enria x62 [shop 24,000/drop: L45 Dimension Invader Berserker, L45 Dimension Invader Magus +211/exchange/quest], Crystal: S Grade x214 [shop 50,000/exchange], Gemstone S x43 [shop 200,000/exchange] || Craft (lvl 9, 100%): Recipe: Saint Spear (100%) x1 [shop 1,952,000], Saint Spear Blade x17 [shop 181,764/drop: L75 Bloody Empress Decarbia, L78 Anakazel +10/quest], Warsmith's Holder x8 [shop 1,768,000/craft/exchange], Mithril Alloy x464 [shop 26,200/craft/exchange/quest], Synthetic Cokes x232 [shop 13,200/craft/exchange/quest], Durable Metal Plate x464 [shop 30,000/drop: L27 Grave Robber Lookout, L27 Kuran Kobold +126/craft/exchange/quest], High Grade Suede x116 [shop 4,800/drop: L27 Grave Robber Lookout, L27 Ol Mahum Raider +105/craft/exchange/quest], Enria x116 [shop 24,000/drop: L45 Dimension Invader Berserker, L45 Dimension Invader Magus +211/exchange/quest], Crystal: S Grade x395 [shop 50,000/exchange], Gemstone S x43 [shop 200,000/exchange] || Drop: L75 Baium, L75 Bloody Empress Decarbia, L78 Anakazel, L79 Antharas, L84 Ketra's Commander Tayr +6
PIECE	6371	Demon Splinter	S	weapon	lrhand	DUALFIST	0	P.Atk 342 M.Atk 132	Exchange at mammblack 1: Demon Splinter - Focus x1 [exchange] || Exchange at mammblack 1: Demon Splinter - Health x1 [exchange] || Exchange at mammblack 1: Demon Splinter - Critical Stun x1 [exchange] || Craft (lvl 9, 60%): Recipe: Demon Splinter (60%) x1 [shop 1,952,000], Demon Splinter Blade x17 [shop 188,612/drop: L75 Kernon, L76 Ocean Flame Ashakiel +9/quest], Warsmith's Holder x4 [shop 1,768,000/craft/exchange], Mithril Alloy x154 [shop 26,200/craft/exchange/quest], Synthetic Cokes x154 [shop 13,200/craft/exchange/quest], Durable Metal Plate x308 [shop 30,000/drop: L27 Grave Robber Lookout, L27 Kuran Kobold +126/craft/exchange/quest], High Grade Suede x77 [shop 4,800/drop: L27 Grave Robber Lookout, L27 Ol Mahum Raider +105/craft/exchange/quest], Enria x77 [shop 24,000/drop: L45 Dimension Invader Berserker, L45 Dimension Invader Magus +211/exchange/quest], Crystal: S Grade x211 [shop 50,000/exchange], Gemstone S x43 [shop 200,000/exchange] || Craft (lvl 9, 100%): Recipe: Demon Splinter (100%) x1 [shop 1,952,000], Demon Splinter Blade x17 [shop 188,612/drop: L75 Kernon, L76 Ocean Flame Ashakiel +9/quest], Warsmith's Holder x8 [shop 1,768,000/craft/exchange], Mithril Alloy x284 [shop 26,200/craft/exchange/quest], Synthetic Cokes x284 [shop 13,200/craft/exchange/quest], Durable Metal Plate x568 [shop 30,000/drop: L27 Grave Robber Lookout, L27 Kuran Kobold +126/craft/exchange/quest], High Grade Suede x142 [shop 4,800/drop: L27 Grave Robber Lookout, L27 Ol Mahum Raider +105/craft/exchange/quest], Enria x142 [shop 24,000/drop: L45 Dimension Invader Berserker, L45 Dimension Invader Magus +211/exchange/quest], Crystal: S Grade x398 [shop 50,000/exchange], Gemstone S x43 [shop 200,000/exchange] || Drop: L75 Baium, L75 Kernon, L76 Ocean Flame Ashakiel, L78 Fire of Wrath Shuriel, L79 Antharas +6
PIECE	6372	Heaven's Divider	S	weapon	lrhand	SWORD	0	P.Atk 342 M.Atk 132	Exchange at mammblack 1: Heavens Divider - Haste x1 [exchange] || Exchange at mammblack 1: Heavens Divider - Health x1 [exchange] || Exchange at mammblack 1: Heavens Divider - Focus x1 [exchange] || Craft (lvl 9, 60%): Recipe: Heavens Divider (60%) x1 [shop 1,952,000], Heavens Divider Edge x17 [shop 182,164/drop: L75 Benom, L75 Death Lord Ipos +8/quest], Warsmith's Holder x4 [shop 1,768,000/craft/exchange], Mithril Alloy x292 [shop 26,200/craft/exchange/quest], Synthetic Cokes x146 [shop 13,200/craft/exchange/quest], Durable Metal Plate x146 [shop 30,000/drop: L27 Grave Robber Lookout, L27 Kuran Kobold +126/craft/exchange/quest], Enria x146 [shop 24,000/drop: L45 Dimension Invader Berserker, L45 Dimension Invader Magus +211/exchange/quest], Crystal: S Grade x212 [shop 50,000/exchange], Gemstone S x43 [shop 200,000/exchange] || Craft (lvl 9, 100%): Recipe: Heavens Divider (100%) x1 [shop 1,952,000], Heavens Divider Edge x17 [shop 182,164/drop: L75 Benom, L75 Death Lord Ipos +8/quest], Warsmith's Holder x8 [shop 1,768,000/craft/exchange], Mithril Alloy x540 [shop 26,200/craft/exchange/quest], Synthetic Cokes x270 [shop 13,200/craft/exchange/quest], Durable Metal Plate x270 [shop 30,000/drop: L27 Grave Robber Lookout, L27 Kuran Kobold +126/craft/exchange/quest], Enria x270 [shop 24,000/drop: L45 Dimension Invader Berserker, L45 Dimension Invader Magus +211/exchange/quest], Crystal: S Grade x399 [shop 50,000/exchange], Gemstone S x43 [shop 200,000/exchange] || Drop: L75 Baium, L75 Benom, L75 Death Lord Ipos, L79 Antharas, L79 Cherub Galaxia +6
PIECE	6373	Imperial Crusader Breastplate	S	armor	chest	HEAVY	56	P.Def 205 M.Def 0	Exchange at mammblack 2a: Sealed Imperial Crusader Breastplate x1 [drop: L75 Benom, L75 Palatanos of Horrific Power +9/craft], Ancient Adena x1,072,500
PIECE	6374	Imperial Crusader Gaiters	S	armor	legs	HEAVY	56	P.Def 128 M.Def 0	Exchange at mammblack 2a: Sealed Imperial Crusader Gaiters x1 [drop: L75 Benom, L75 Palatanos of Horrific Power +9/craft], Ancient Adena x672,000
PIECE	6375	Imperial Crusader Gauntlets	S	armor	gloves	?	56	P.Def 55 M.Def 0	Exchange at mammblack 2a: Sealed Imperial Crusader Gauntlet x1 [drop: L75 Death Lord Shax, L75 Kernon +7/craft], Ancient Adena x268,500
PIECE	6376	Imperial Crusader Boots	S	armor	feet	?	56	P.Def 55 M.Def 0	Exchange at mammblack 2a: Sealed Imperial Crusader Boots x1 [drop: L75 Death Lord Shax, L75 Kernon +7/craft], Ancient Adena x268,500
PIECE	6377	Imperial Crusader Shield	S	armor	lhand	SHIELD	56	P.Def 0 M.Def 0	Exchange at mammblack 2a: Sealed Imperial Crusader Shield x1 [drop: L75 Storm Winged Naga, L76 Ocean Flame Ashakiel +8/craft], Ancient Adena x282,000
PIECE	6378	Imperial Crusader Helmet	S	armor	head	?	56	P.Def 83 M.Def 0	Exchange at mammblack 2a: Sealed Imperial Crusader Helmet x1 [drop: L75 Storm Winged Naga, L76 Ocean Flame Ashakiel +8/craft], Ancient Adena x402,750
PIECE	6379	Draconic Leather Armor	S	armor	onepiece	LIGHT	57	P.Def 249 M.Def 0	Exchange at mammblack 2a: Sealed Draconic Leather Armor x1 [drop: L75 Last Lesser Giant Olkuth, L78 Fire of Wrath Shuriel +9/craft], Ancient Adena x1,305,000
PIECE	6380	Draconic Leather Gloves	S	armor	gloves	?	57	P.Def 55 M.Def 0	Exchange at mammblack 2a: Sealed Draconic Leather Glove x1 [drop: L75 Death Lord Shax, L75 Kernon +7/craft], Ancient Adena x268,500
PIECE	6381	Draconic Leather Boots	S	armor	feet	?	57	P.Def 55 M.Def 0	Exchange at mammblack 2a: Sealed Draconic Leather Boots x1 [drop: L75 Death Lord Shax, L75 Kernon +7/craft], Ancient Adena x268,500
PIECE	6382	Draconic Leather Helmet	S	armor	head	?	57	P.Def 83 M.Def 0	Exchange at mammblack 2a: Sealed Draconic Leather Helmet x1 [drop: L75 Storm Winged Naga, L76 Ocean Flame Ashakiel +8/craft], Ancient Adena x402,750
PIECE	6383	Major Arcana Robe	S	armor	onepiece	MAGIC	58	P.Def 166 M.Def 0	Exchange at mammblack 2a: Sealed Major Arcana Robe x1 [drop: L75 Bloody Empress Decarbia, L78 Hesti Guardian Deity of the Hot Springs +8/craft], Ancient Adena x1,305,000
PIECE	6384	Major Arcana Gloves	S	armor	gloves	?	58	P.Def 55 M.Def 0	Exchange at mammblack 2a: Sealed Major Arcana Glove x1 [drop: L75 Death Lord Shax, L75 Kernon +7/craft], Ancient Adena x268,500
PIECE	6385	Major Arcana Boots	S	armor	feet	?	58	P.Def 55 M.Def 0	Exchange at mammblack 2a: Sealed Major Arcana Boots x1 [drop: L75 Death Lord Shax, L75 Kernon +7/craft], Ancient Adena x268,500
PIECE	6386	Major Arcana Circlet	S	armor	head	?	58	P.Def 83 M.Def 0	Exchange at mammblack 2a: Sealed Major Arcana Circlet x1 [drop: L75 Storm Winged Naga, L76 Ocean Flame Ashakiel +7/craft], Ancient Adena x402,750
PIECE	6394	Red Party Mask	NG	armor	hair	?	0	P.Def 0 M.Def 0	Exchange (list 3122804): Event - Medal x833 [?] || Exchange (list 3122803): Event - Medal x833 [?]
PIECE	6408	Formal Wear	NG	armor	alldress	HEAVY	0	P.Def 0 M.Def 0	Quest: MakeFormalWear
PIECE	6529	Baby Duck Rod	NG	weapon	lrhand	FISHINGROD	0	P.Atk 1 M.Atk 1	Drop: L10 Caught Frog || Quest: RedEyedInvaders
PIECE	6530	Albatross Rod	D	weapon	lrhand	FISHINGROD	0	P.Atk 1 M.Atk 1	Drop: L20 Caught Undine
PIECE	6531	Pelican Rod	C	weapon	lrhand	FISHINGROD	0	P.Atk 1 M.Atk 1	Drop: L30 Caught Rakul
PIECE	6532	KingFisher Rod	B	weapon	lrhand	FISHINGROD	0	P.Atk 1 M.Atk 1	Drop: L40 Caught Sea Giant
PIECE	6533	Cygnus Pole	A	weapon	lrhand	FISHINGROD	0	P.Atk 1 M.Atk 1	Drop: L50 Caught Sea Horse Soldier, L60 Caught Homunculus
PIECE	6534	Triton Pole	S	weapon	lrhand	FISHINGROD	0	P.Atk 1 M.Atk 1	Drop: L70 Caught Flava, L80 Caught Gigantic Eye
PIECE	6579	Arcana Mace	S	weapon	rhand	BLUNT	0	P.Atk 225 M.Atk 175	Exchange at mammblack 1: Arcana Mace - Acumen x1 [exchange] || Exchange at mammblack 1: Arcana Mace - MP Regeneration x1 [exchange] || Exchange at mammblack 1: Arcana Mace - Mana Up x1 [exchange] || Craft (lvl 9, 60%): Recipe: Arcana Mace (60%) x1 [shop 1,952,000], Arcana Mace Head x17 [shop 188,612/drop: L75 Death Lord Shax, L76 Flamestone Giant +11/quest], Warsmith's Holder x4 [shop 1,768,000/craft/exchange], Mithril Alloy x154 [shop 26,200/craft/exchange/quest], Synthetic Cokes x154 [shop 13,200/craft/exchange/quest], Durable Metal Plate x308 [shop 30,000/drop: L27 Grave Robber Lookout, L27 Kuran Kobold +126/craft/exchange/quest], High Grade Suede x77 [shop 4,800/drop: L27 Grave Robber Lookout, L27 Ol Mahum Raider +105/craft/exchange/quest], Enria x77 [shop 24,000/drop: L45 Dimension Invader Berserker, L45 Dimension Invader Magus +211/exchange/quest], Crystal: S Grade x211 [shop 50,000/exchange], Gemstone S x43 [shop 200,000/exchange] || Craft (lvl 9, 100%): Recipe: Arcana Mace (100%) x1 [shop 1,952,000], Arcana Mace Head x17 [shop 188,612/drop: L75 Death Lord Shax, L76 Flamestone Giant +11/quest], Warsmith's Holder x8 [shop 1,768,000/craft/exchange], Mithril Alloy x284 [shop 26,200/craft/exchange/quest], Synthetic Cokes x284 [shop 13,200/craft/exchange/quest], Durable Metal Plate x568 [shop 30,000/drop: L27 Grave Robber Lookout, L27 Kuran Kobold +126/craft/exchange/quest], High Grade Suede x142 [shop 4,800/drop: L27 Grave Robber Lookout, L27 Ol Mahum Raider +105/craft/exchange/quest], Enria x142 [shop 24,000/drop: L45 Dimension Invader Berserker, L45 Dimension Invader Magus +211/exchange/quest], Crystal: S Grade x398 [shop 50,000/exchange], Gemstone S x43 [shop 200,000/exchange] || Drop: L75 Baium, L75 Death Lord Shax, L79 Antharas, L79 Longhorn Golkonda, L80 Anakim +6
PIECE	6580	Tallum Blade*Dark Legion's Edge	S	weapon	lrhand	DUAL	0	P.Atk 342 M.Atk 132	Exchange at mammblack 2a: Tallum Blade x1 [drop: L59 Abyss Brukunt, L59 Demon Kurikups +23/craft/exchange], Dark Legion's Edge x1 [drop: L70 Roaring Skylancer, L71 Eilhalder von Hellmann +17/craft/exchange], Dualsword Craft Stamp x1 [shop 20,000/exchange], Ancient Adena x3,240,000 || Drop: L75 Baium, L79 Antharas, L85 Antharas, L85 Scarlet van Halisha, L85 Valakas
PIECE	6581	Forgotten Blade - Haste	S	weapon	rhand	SWORD	0	P.Atk 281 M.Atk 132	Exchange at mammblack 2a: Forgotten Blade x1 [drop: L75 Baium, L75 Benom +9/craft/exchange], Red Soul Crystal: Grade 13 x1 [?], Gemstone S x82 [shop 200,000/exchange]
PIECE	6582	Forgotten Blade - Health	S	weapon	rhand	SWORD	0	P.Atk 281 M.Atk 132	Exchange at mammblack 2a: Forgotten Blade x1 [drop: L75 Baium, L75 Benom +9/craft/exchange], Green Soul Crystal: Grade 13 x1 [?], Gemstone S x82 [shop 200,000/exchange]
PIECE	6583	Forgotten Blade - Focus	S	weapon	rhand	SWORD	0	P.Atk 281 M.Atk 132	Exchange at mammblack 2a: Forgotten Blade x1 [drop: L75 Baium, L75 Benom +9/craft/exchange], Blue Soul Crystal: Grade 13 x1 [?], Gemstone S x82 [shop 200,000/exchange]
PIECE	6584	Basalt Battlehammer - HP Drain	S	weapon	rhand	BLUNT	0	P.Atk 281 M.Atk 132	Exchange at mammblack 2a: Basalt Battlehammer x1 [drop: L75 Baium, L75 Death Lord Shax +9/craft/exchange], Red Soul Crystal: Grade 13 x1 [?], Gemstone S x82 [shop 200,000/exchange]
PIECE	6585	Basalt Battlehammer - Health	S	weapon	rhand	BLUNT	0	P.Atk 281 M.Atk 132	Exchange at mammblack 2a: Basalt Battlehammer x1 [drop: L75 Baium, L75 Death Lord Shax +9/craft/exchange], Green Soul Crystal: Grade 13 x1 [?], Gemstone S x82 [shop 200,000/exchange]
PIECE	6586	Basalt Battlehammer - HP Regeneration	S	weapon	rhand	BLUNT	0	P.Atk 281 M.Atk 132	Exchange at mammblack 2a: Basalt Battlehammer x1 [drop: L75 Baium, L75 Death Lord Shax +9/craft/exchange], Blue Soul Crystal: Grade 13 x1 [?], Gemstone S x82 [shop 200,000/exchange]
PIECE	6587	Imperial Staff - Empower	S	weapon	lrhand	BLUNT	0	P.Atk 274 M.Atk 193	Exchange at mammblack 2a: Imperial Staff x1 [drop: L75 Baium, L75 Death Lord Shax +9/craft/exchange], Red Soul Crystal: Grade 13 x1 [?], Gemstone S x82 [shop 200,000/exchange]
PIECE	6588	Imperial Staff - MP Regeneration	S	weapon	lrhand	BLUNT	0	P.Atk 274 M.Atk 193	Exchange at mammblack 2a: Imperial Staff x1 [drop: L75 Baium, L75 Death Lord Shax +9/craft/exchange], Green Soul Crystal: Grade 13 x1 [?], Gemstone S x82 [shop 200,000/exchange]
PIECE	6589	Imperial Staff - Magic Hold	S	weapon	lrhand	BLUNT	0	P.Atk 274 M.Atk 193	Exchange at mammblack 2a: Imperial Staff x1 [drop: L75 Baium, L75 Death Lord Shax +9/craft/exchange], Blue Soul Crystal: Grade 13 x1 [?], Gemstone S x82 [shop 200,000/exchange]
PIECE	6590	Angel Slayer - Critical Damage	S	weapon	rhand	DAGGER	0	P.Atk 246 M.Atk 132	Exchange at mammblack 2a: Angel Slayer x1 [drop: L75 Baium, L75 Last Lesser Giant Olkuth +9/craft/exchange], Red Soul Crystal: Grade 13 x1 [?], Gemstone S x82 [shop 200,000/exchange]
PIECE	6591	Angel Slayer - HP Drain	S	weapon	rhand	DAGGER	0	P.Atk 246 M.Atk 132	Exchange at mammblack 2a: Angel Slayer x1 [drop: L75 Baium, L75 Last Lesser Giant Olkuth +9/craft/exchange], Green Soul Crystal: Grade 13 x1 [?], Gemstone S x82 [shop 200,000/exchange]
PIECE	6592	Angel Slayer - Haste	S	weapon	rhand	DAGGER	0	P.Atk 246 M.Atk 132	Exchange at mammblack 2a: Angel Slayer x1 [drop: L75 Baium, L75 Last Lesser Giant Olkuth +9/craft/exchange], Blue Soul Crystal: Grade 13 x1 [?], Gemstone S x82 [shop 200,000/exchange]
PIECE	6596	Dragon Hunter Axe - HP Regeneration	S	weapon	lrhand	BLUNT	0	P.Atk 342 M.Atk 132	Exchange at mammblack 2a: Dragon Hunter Axe x1 [drop: L75 Baium, L75 Death Lord Shax +9/craft/exchange], Red Soul Crystal: Grade 13 x1 [?], Gemstone S x82 [shop 200,000/exchange]
PIECE	6597	Dragon Hunter Axe - Health	S	weapon	lrhand	BLUNT	0	P.Atk 342 M.Atk 132	Exchange at mammblack 2a: Dragon Hunter Axe x1 [drop: L75 Baium, L75 Death Lord Shax +9/craft/exchange], Green Soul Crystal: Grade 13 x1 [?], Gemstone S x82 [shop 200,000/exchange]
PIECE	6598	Dragon Hunter Axe - HP Drain	S	weapon	lrhand	BLUNT	0	P.Atk 342 M.Atk 132	Exchange at mammblack 2a: Dragon Hunter Axe x1 [drop: L75 Baium, L75 Death Lord Shax +9/craft/exchange], Blue Soul Crystal: Grade 13 x1 [?], Gemstone S x82 [shop 200,000/exchange]
PIECE	6599	Saint Spear - Health	S	weapon	lrhand	POLE	0	P.Atk 281 M.Atk 132	Exchange at mammblack 2a: Saint Spear x1 [drop: L75 Baium, L75 Bloody Empress Decarbia +9/craft/exchange], Red Soul Crystal: Grade 13 x1 [?], Gemstone S x82 [shop 200,000/exchange]
PIECE	6600	Saint Spear - Guidance	S	weapon	lrhand	POLE	0	P.Atk 281 M.Atk 132	Exchange at mammblack 2a: Saint Spear x1 [drop: L75 Baium, L75 Bloody Empress Decarbia +9/craft/exchange], Green Soul Crystal: Grade 13 x1 [?], Gemstone S x82 [shop 200,000/exchange]
PIECE	6601	Saint Spear - Haste	S	weapon	lrhand	POLE	0	P.Atk 281 M.Atk 132	Exchange at mammblack 2a: Saint Spear x1 [drop: L75 Baium, L75 Bloody Empress Decarbia +9/craft/exchange], Blue Soul Crystal: Grade 13 x1 [?], Gemstone S x82 [shop 200,000/exchange]
PIECE	6602	Demon Splinter - Focus	S	weapon	lrhand	DUALFIST	0	P.Atk 342 M.Atk 132	Exchange at mammblack 2a: Demon Splinter x1 [drop: L75 Baium, L75 Kernon +9/craft/exchange], Red Soul Crystal: Grade 13 x1 [?], Gemstone S x82 [shop 200,000/exchange]
PIECE	6603	Demon Splinter - Health	S	weapon	lrhand	DUALFIST	0	P.Atk 342 M.Atk 132	Exchange at mammblack 2a: Demon Splinter x1 [drop: L75 Baium, L75 Kernon +9/craft/exchange], Green Soul Crystal: Grade 13 x1 [?], Gemstone S x82 [shop 200,000/exchange]
PIECE	6604	Demon Splinter - Critical Stun	S	weapon	lrhand	DUALFIST	0	P.Atk 342 M.Atk 132	Exchange at mammblack 2a: Demon Splinter x1 [drop: L75 Baium, L75 Kernon +9/craft/exchange], Blue Soul Crystal: Grade 13 x1 [?], Gemstone S x82 [shop 200,000/exchange]
PIECE	6605	Heavens Divider - Haste	S	weapon	lrhand	SWORD	0	P.Atk 342 M.Atk 132	Exchange at mammblack 2a: Heaven's Divider x1 [drop: L75 Baium, L75 Benom +9/craft/exchange], Red Soul Crystal: Grade 13 x1 [?], Gemstone S x82 [shop 200,000/exchange]
PIECE	6606	Heavens Divider - Health	S	weapon	lrhand	SWORD	0	P.Atk 342 M.Atk 132	Exchange at mammblack 2a: Heaven's Divider x1 [drop: L75 Baium, L75 Benom +9/craft/exchange], Green Soul Crystal: Grade 13 x1 [?], Gemstone S x82 [shop 200,000/exchange]
PIECE	6607	Heavens Divider - Focus	S	weapon	lrhand	SWORD	0	P.Atk 342 M.Atk 132	Exchange at mammblack 2a: Heaven's Divider x1 [drop: L75 Baium, L75 Benom +9/craft/exchange], Blue Soul Crystal: Grade 13 x1 [?], Gemstone S x82 [shop 200,000/exchange]
PIECE	6608	Arcana Mace - Acumen	S	weapon	rhand	BLUNT	0	P.Atk 225 M.Atk 175	Exchange at mammblack 2a: Arcana Mace x1 [drop: L75 Baium, L75 Death Lord Shax +9/craft/exchange], Red Soul Crystal: Grade 13 x1 [?], Gemstone S x82 [shop 200,000/exchange]
PIECE	6609	Arcana Mace - MP Regeneration	S	weapon	rhand	BLUNT	0	P.Atk 225 M.Atk 175	Exchange at mammblack 2a: Arcana Mace x1 [drop: L75 Baium, L75 Death Lord Shax +9/craft/exchange], Green Soul Crystal: Grade 13 x1 [?], Gemstone S x82 [shop 200,000/exchange]
PIECE	6610	Arcana Mace - Mana Up	S	weapon	rhand	BLUNT	0	P.Atk 225 M.Atk 175	Exchange at mammblack 2a: Arcana Mace x1 [drop: L75 Baium, L75 Death Lord Shax +9/craft/exchange], Blue Soul Crystal: Grade 13 x1 [?], Gemstone S x82 [shop 200,000/exchange]
PIECE	6656	Earring of Antharas	S	jewel	Earring	-	0	M.Def 71 MP 31	Drop: L79 Antharas, L85 Antharas
PIECE	6657	Necklace of Valakas	S	jewel	Necklace	-	0	M.Def 95 MP 42	Drop: L85 Valakas
PIECE	6658	Ring of Baium	S	jewel	Ring	-	0	M.Def 48 MP 21	Drop: L75 Baium
PIECE	6659	Earring of Zaken	S	jewel	Earring	-	0	M.Def 71 MP 31	Drop: L60 Zaken
PIECE	6660	Ring of Queen Ant	B	jewel	Ring	-	0	M.Def 48 MP 21	Drop: L40 Queen Ant
PIECE	6661	Earring of Orfen	A	jewel	Earring	-	0	M.Def 71 MP 31	Drop: L50 Orfen
PIECE	6662	Ring of Core	A	jewel	Ring	-	0	M.Def 48 MP 21	Drop: L50 Core
PIECE	6674	Sealed Imperial Crusader Breastplate	S	armor	chest	HEAVY	0	P.Def 193 M.Def 0	Craft (lvl 9, 60%): Recipe: Sealed Imperial Crusader Breastplate (60%) x1 [shop 572,000], Sealed Imperial Crusader Breastplate Part x17 [shop 75,130/drop: L75 Benom, L75 Palatanos of Horrific Power +9/quest], Arcsmith's Anvil x3 [shop 1,062,400/craft/exchange], Mithril Alloy x117 [shop 26,200/craft/exchange/quest], Asofe x78 [shop 12,000/drop: L45 Shackle, L45 Vault Overlord +149/exchange/quest], Crystal: S Grade x62 [shop 50,000/exchange], Gemstone S x11 [shop 200,000/exchange] || Craft (lvl 9, 100%): Recipe: Sealed Imperial Crusader Breastplate (100%) x1 [shop 572,000], Sealed Imperial Crusader Breastplate Part x17 [shop 75,130/drop: L75 Benom, L75 Palatanos of Horrific Power +9/quest], Arcsmith's Anvil x4 [shop 1,062,400/craft/exchange], Mithril Alloy x273 [shop 26,200/craft/exchange/quest], Asofe x182 [shop 12,000/drop: L45 Shackle, L45 Vault Overlord +149/exchange/quest], Crystal: S Grade x117 [shop 50,000/exchange], Gemstone S x11 [shop 200,000/exchange] || Drop: L75 Benom, L75 Palatanos of Horrific Power, L78 Daimon the White-Eyed, L79 Antharas, L80 Varka's Hero Shadith +6
PIECE	6675	Sealed Imperial Crusader Gaiters	S	armor	legs	HEAVY	0	P.Def 121 M.Def 0	Craft (lvl 9, 60%): Recipe: Sealed Imperial Crusader Gaiters (60%) x1 [shop 358,400], Sealed Imperial Crusader Gaiters Pattern x17 [shop 58,364/drop: L75 Benom, L75 Palatanos of Horrific Power +9/quest], Arcsmith's Anvil x2 [shop 1,062,400/craft/exchange], Mithril Alloy x72 [shop 26,200/craft/exchange/quest], Asofe x48 [shop 12,000/drop: L45 Shackle, L45 Vault Overlord +149/exchange/quest], Crystal: S Grade x37 [shop 50,000/exchange], Gemstone S x6 [shop 200,000/exchange] || Craft (lvl 9, 100%): Recipe: Sealed Imperial Crusader Gaiters (100%) x1 [shop 358,400], Sealed Imperial Crusader Gaiters Pattern x17 [shop 58,364/drop: L75 Benom, L75 Palatanos of Horrific Power +9/quest], Arcsmith's Anvil x3 [shop 1,062,400/craft/exchange], Mithril Alloy x156 [shop 26,200/craft/exchange/quest], Asofe x104 [shop 12,000/drop: L45 Shackle, L45 Vault Overlord +149/exchange/quest], Crystal: S Grade x73 [shop 50,000/exchange], Gemstone S x6 [shop 200,000/exchange] || Drop: L75 Benom, L75 Palatanos of Horrific Power, L78 Daimon the White-Eyed, L79 Antharas, L80 Varka's Hero Shadith +6
PIECE	6676	Sealed Imperial Crusader Gauntlet	S	armor	gloves	?	0	P.Def 55 M.Def 0	Craft (lvl 9, 60%): Recipe: Sealed Imperial Crusader Gauntlets (60%) x1 [shop 143,200], Sealed Imperial Crusader Gauntlets Design x17 [shop 28,094/drop: L75 Death Lord Shax, L75 Kernon +7/quest], Warsmith's Mold x1 [shop 770,000/craft/exchange], Crafted Leather x60 [shop 11,400/drop: L36 Cave Ant Larva, L36 Tyrant Kingpin +133/craft/exchange/quest], High Grade Suede x36 [shop 4,800/drop: L27 Grave Robber Lookout, L27 Ol Mahum Raider +105/craft/exchange/quest], Asofe x12 [shop 12,000/drop: L45 Shackle, L45 Vault Overlord +149/exchange/quest], Crystal: S Grade x16 [shop 50,000/exchange], Gemstone S x2 [shop 200,000/exchange] || Craft (lvl 9, 100%): Recipe: Sealed Imperial Crusader Gauntlets (100%) x1 [shop 143,200], Sealed Imperial Crusader Gauntlets Design x17 [shop 28,094/drop: L75 Death Lord Shax, L75 Kernon +7/quest], Warsmith's Mold x1 [shop 770,000/craft/exchange], Crafted Leather x155 [shop 11,400/drop: L36 Cave Ant Larva, L36 Tyrant Kingpin +133/craft/exchange/quest], High Grade Suede x93 [shop 4,800/drop: L27 Grave Robber Lookout, L27 Ol Mahum Raider +105/craft/exchange/quest], Asofe x31 [shop 12,000/drop: L45 Shackle, L45 Vault Overlord +149/exchange/quest], Crystal: S Grade x30 [shop 50,000/exchange], Gemstone S x2 [shop 200,000/exchange] || Drop: L75 Death Lord Shax, L75 Kernon, L79 Antharas, L79 Cherub Galaxia, L85 Antharas +4
PIECE	6677	Sealed Imperial Crusader Boots	S	armor	feet	?	0	P.Def 55 M.Def 0	Craft (lvl 9, 60%): Recipe: Sealed Imperial Crusader Boots (60%) x1 [shop 143,200], Sealed Imperial Crusader Boots Design x17 [shop 28,094/drop: L75 Death Lord Shax, L75 Kernon +8/quest], Warsmith's Mold x1 [shop 770,000/craft/exchange], Crafted Leather x60 [shop 11,400/drop: L36 Cave Ant Larva, L36 Tyrant Kingpin +133/craft/exchange/quest], High Grade Suede x36 [shop 4,800/drop: L27 Grave Robber Lookout, L27 Ol Mahum Raider +105/craft/exchange/quest], Asofe x12 [shop 12,000/drop: L45 Shackle, L45 Vault Overlord +149/exchange/quest], Crystal: S Grade x16 [shop 50,000/exchange], Gemstone S x2 [shop 200,000/exchange] || Craft (lvl 9, 100%): Recipe: Sealed Imperial Crusader Boots (100%) x1 [shop 143,200], Sealed Imperial Crusader Boots Design x17 [shop 28,094/drop: L75 Death Lord Shax, L75 Kernon +8/quest], Warsmith's Mold x1 [shop 770,000/craft/exchange], Crafted Leather x155 [shop 11,400/drop: L36 Cave Ant Larva, L36 Tyrant Kingpin +133/craft/exchange/quest], High Grade Suede x93 [shop 4,800/drop: L27 Grave Robber Lookout, L27 Ol Mahum Raider +105/craft/exchange/quest], Asofe x31 [shop 12,000/drop: L45 Shackle, L45 Vault Overlord +149/exchange/quest], Crystal: S Grade x30 [shop 50,000/exchange], Gemstone S x2 [shop 200,000/exchange] || Drop: L75 Death Lord Shax, L75 Kernon, L79 Antharas, L79 Cherub Galaxia, L85 Antharas +4
PIECE	6678	Sealed Imperial Crusader Shield	S	armor	lhand	SHIELD	0	P.Def 0 M.Def 0	Craft (lvl 9, 60%): Recipe: Sealed Imperial Crusader Shield (60%) x1 [shop 150,400], Sealed Imperial Crusader Shield Part x17 [shop 28,682/drop: L75 Storm Winged Naga, L76 Ocean Flame Ashakiel +9/quest], Leolin's Mold x1 [shop 476,000/craft/exchange], Mithril Alloy x36 [shop 26,200/craft/exchange/quest], Crafted Leather x12 [shop 11,400/drop: L36 Cave Ant Larva, L36 Tyrant Kingpin +133/craft/exchange/quest], Synthetic Cokes x12 [shop 13,200/craft/exchange/quest], Asofe x12 [shop 12,000/drop: L45 Shackle, L45 Vault Overlord +149/exchange/quest], Crystal: S Grade x17 [shop 50,000/exchange], Gemstone S x2 [shop 200,000/exchange] || Craft (lvl 9, 100%): Recipe: Sealed Imperial Crusader Shield (100%) x1 [shop 150,400], Sealed Imperial Crusader Shield Part x17 [shop 28,682/drop: L75 Storm Winged Naga, L76 Ocean Flame Ashakiel +9/quest], Leolin's Mold x1 [shop 476,000/craft/exchange], Mithril Alloy x87 [shop 26,200/craft/exchange/quest], Crafted Leather x29 [shop 11,400/drop: L36 Cave Ant Larva, L36 Tyrant Kingpin +133/craft/exchange/quest], Synthetic Cokes x29 [shop 13,200/craft/exchange/quest], Asofe x29 [shop 12,000/drop: L45 Shackle, L45 Vault Overlord +149/exchange/quest], Crystal: S Grade x32 [shop 50,000/exchange], Gemstone S x2 [shop 200,000/exchange] || Drop: L75 Storm Winged Naga, L76 Ocean Flame Ashakiel, L79 Antharas, L79 Longhorn Golkonda, L80 Queen Shyeed +5
PIECE	6679	Sealed Imperial Crusader Helmet	S	armor	head	?	0	P.Def 83 M.Def 0	Craft (lvl 9, 60%): Recipe: Sealed Imperial Crusader Helmet (60%) x1 [shop 214,800], Sealed Imperial Crusader Helmet Pattern x17 [shop 24,658/drop: L75 Storm Winged Naga, L76 Ocean Flame Ashakiel +9/quest], Leolin's Mold x1 [shop 476,000/craft/exchange], Crafted Leather x170 [shop 11,400/drop: L36 Cave Ant Larva, L36 Tyrant Kingpin +133/craft/exchange/quest], Asofe x17 [shop 12,000/drop: L45 Shackle, L45 Vault Overlord +149/exchange/quest], Crystal: S Grade x25 [shop 50,000/exchange], Gemstone S x4 [shop 200,000/exchange] || Craft (lvl 9, 100%): Recipe: Sealed Imperial Crusader Helmet (100%) x1 [shop 214,800], Sealed Imperial Crusader Helmet Pattern x17 [shop 24,658/drop: L75 Storm Winged Naga, L76 Ocean Flame Ashakiel +9/quest], Leolin's Mold x1 [shop 476,000/craft/exchange], Crafted Leather x370 [shop 11,400/drop: L36 Cave Ant Larva, L36 Tyrant Kingpin +133/craft/exchange/quest], Asofe x37 [shop 12,000/drop: L45 Shackle, L45 Vault Overlord +149/exchange/quest], Crystal: S Grade x43 [shop 50,000/exchange], Gemstone S x4 [shop 200,000/exchange] || Drop: L75 Storm Winged Naga, L76 Ocean Flame Ashakiel, L79 Antharas, L79 Longhorn Golkonda, L80 Queen Shyeed +5
PIECE	6680	Sealed Draconic Leather Armor	S	armor	onepiece	LIGHT	0	P.Def 236 M.Def 0	Craft (lvl 9, 60%): Recipe: Sealed Draconic Leather Armor (60%) x1 [shop 696,000], Sealed Draconic Leather Armor Part x17 [shop 80,730/drop: L75 Last Lesser Giant Olkuth, L78 Fire of Wrath Shuriel +10/quest], Arcsmith's Anvil x3 [shop 1,062,400/craft/exchange], Crafted Leather x336 [shop 11,400/drop: L36 Cave Ant Larva, L36 Tyrant Kingpin +133/craft/exchange/quest], Metallic Fiber x168 [shop 1,400/drop: L36 Ant Warrior Captain, L38 Warrior of the Plains +170/craft/exchange/quest], Compound Braid x84 [shop 6,000/drop: L27 Gigant Overseer, L27 Grave Robber Scout +145/craft/exchange/quest], Asofe x84 [shop 12,000/drop: L45 Shackle, L45 Vault Overlord +149/exchange/quest], Crystal: S Grade x75 [shop 50,000/exchange], Gemstone S x14 [shop 200,000/exchange] || Craft (lvl 9, 100%): Recipe: Sealed Draconic Leather Armor (100%) x1 [shop 696,000], Sealed Draconic Leather Armor Part x17 [shop 80,730/drop: L75 Last Lesser Giant Olkuth, L78 Fire of Wrath Shuriel +10/quest], Arcsmith's Anvil x6 [shop 1,062,400/craft/exchange], Crafted Leather x608 [shop 11,400/drop: L36 Cave Ant Larva, L36 Tyrant Kingpin +133/craft/exchange/quest], Metallic Fiber x304 [shop 1,400/drop: L36 Ant Warrior Captain, L38 Warrior of the Plains +170/craft/exchange/quest], Compound Braid x152 [shop 6,000/drop: L27 Gigant Overseer, L27 Grave Robber Scout +145/craft/exchange/quest], Asofe x152 [shop 12,000/drop: L45 Shackle, L45 Vault Overlord +149/exchange/quest], Crystal: S Grade x144 [shop 50,000/exchange], Gemstone S x14 [shop 200,000/exchange] || Drop: L75 Last Lesser Giant Olkuth, L78 Fire of Wrath Shuriel, L78 Last Lesser Giant Glaki, L79 Antharas, L80 Ketra's Hero Hekaton +6
PIECE	6681	Sealed Draconic Leather Glove	S	armor	gloves	?	0	P.Def 55 M.Def 0	Craft (lvl 9, 60%): Recipe: Sealed Draconic Leather Gloves (60%) x1 [shop 143,200], Sealed Draconic Leather Gloves Fabric x17 [shop 28,094/drop: L75 Death Lord Shax, L75 Kernon +8/quest], Warsmith's Mold x1 [shop 770,000/craft/exchange], Crafted Leather x60 [shop 11,400/drop: L36 Cave Ant Larva, L36 Tyrant Kingpin +133/craft/exchange/quest], High Grade Suede x36 [shop 4,800/drop: L27 Grave Robber Lookout, L27 Ol Mahum Raider +105/craft/exchange/quest], Asofe x12 [shop 12,000/drop: L45 Shackle, L45 Vault Overlord +149/exchange/quest], Crystal: S Grade x16 [shop 50,000/exchange], Gemstone S x2 [shop 200,000/exchange] || Craft (lvl 9, 100%): Recipe: Sealed Draconic Leather Gloves (100%) x1 [shop 143,200], Sealed Draconic Leather Gloves Fabric x17 [shop 28,094/drop: L75 Death Lord Shax, L75 Kernon +8/quest], Warsmith's Mold x1 [shop 770,000/craft/exchange], Crafted Leather x155 [shop 11,400/drop: L36 Cave Ant Larva, L36 Tyrant Kingpin +133/craft/exchange/quest], High Grade Suede x93 [shop 4,800/drop: L27 Grave Robber Lookout, L27 Ol Mahum Raider +105/craft/exchange/quest], Asofe x31 [shop 12,000/drop: L45 Shackle, L45 Vault Overlord +149/exchange/quest], Crystal: S Grade x30 [shop 50,000/exchange], Gemstone S x2 [shop 200,000/exchange] || Drop: L75 Death Lord Shax, L75 Kernon, L79 Antharas, L79 Cherub Galaxia, L85 Antharas +4
PIECE	6682	Sealed Draconic Leather Boots	S	armor	feet	?	0	P.Def 55 M.Def 0	Craft (lvl 9, 60%): Recipe: Sealed Draconic Leather Boots (60%) x1 [shop 143,200], Sealed Draconic Leather Boots Design x17 [shop 28,094/drop: L75 Death Lord Shax, L75 Kernon +8/quest], Warsmith's Mold x1 [shop 770,000/craft/exchange], Crafted Leather x60 [shop 11,400/drop: L36 Cave Ant Larva, L36 Tyrant Kingpin +133/craft/exchange/quest], High Grade Suede x36 [shop 4,800/drop: L27 Grave Robber Lookout, L27 Ol Mahum Raider +105/craft/exchange/quest], Asofe x12 [shop 12,000/drop: L45 Shackle, L45 Vault Overlord +149/exchange/quest], Crystal: S Grade x16 [shop 50,000/exchange], Gemstone S x2 [shop 200,000/exchange] || Craft (lvl 9, 100%): Recipe: Sealed Draconic Leather Boots (100%) x1 [shop 143,200], Sealed Draconic Leather Boots Design x17 [shop 28,094/drop: L75 Death Lord Shax, L75 Kernon +8/quest], Warsmith's Mold x1 [shop 770,000/craft/exchange], Crafted Leather x155 [shop 11,400/drop: L36 Cave Ant Larva, L36 Tyrant Kingpin +133/craft/exchange/quest], High Grade Suede x93 [shop 4,800/drop: L27 Grave Robber Lookout, L27 Ol Mahum Raider +105/craft/exchange/quest], Asofe x31 [shop 12,000/drop: L45 Shackle, L45 Vault Overlord +149/exchange/quest], Crystal: S Grade x30 [shop 50,000/exchange], Gemstone S x2 [shop 200,000/exchange] || Drop: L75 Death Lord Shax, L75 Kernon, L79 Antharas, L79 Cherub Galaxia, L85 Antharas +4
PIECE	6683	Sealed Draconic Leather Helmet	S	armor	head	?	0	P.Def 83 M.Def 0	Craft (lvl 9, 60%): Recipe: Sealed Draconic Leather Helmet (60%) x1 [shop 214,800], Sealed Draconic Leather Helmet Pattern x17 [shop 24,658/drop: L75 Storm Winged Naga, L76 Ocean Flame Ashakiel +8/quest], Leolin's Mold x1 [shop 476,000/craft/exchange], Crafted Leather x170 [shop 11,400/drop: L36 Cave Ant Larva, L36 Tyrant Kingpin +133/craft/exchange/quest], Asofe x17 [shop 12,000/drop: L45 Shackle, L45 Vault Overlord +149/exchange/quest], Crystal: S Grade x25 [shop 50,000/exchange], Gemstone S x4 [shop 200,000/exchange] || Craft (lvl 9, 100%): Recipe: Sealed Draconic Leather Helmet (100%) x1 [shop 214,800], Sealed Draconic Leather Helmet Pattern x17 [shop 24,658/drop: L75 Storm Winged Naga, L76 Ocean Flame Ashakiel +8/quest], Leolin's Mold x1 [shop 476,000/craft/exchange], Crafted Leather x370 [shop 11,400/drop: L36 Cave Ant Larva, L36 Tyrant Kingpin +133/craft/exchange/quest], Asofe x37 [shop 12,000/drop: L45 Shackle, L45 Vault Overlord +149/exchange/quest], Crystal: S Grade x43 [shop 50,000/exchange], Gemstone S x4 [shop 200,000/exchange] || Drop: L75 Storm Winged Naga, L76 Ocean Flame Ashakiel, L79 Antharas, L79 Longhorn Golkonda, L80 Queen Shyeed +5
PIECE	6684	Sealed Major Arcana Robe	S	armor	onepiece	MAGIC	0	P.Def 157 M.Def 0	Craft (lvl 9, 60%): Recipe: Sealed Major Arcana Robe (60%) x1 [shop 696,000], Sealed Major Arcana Robe Part x17 [shop 80,730/drop: L75 Bloody Empress Decarbia, L78 Hesti Guardian Deity of the Hot Springs +8/quest], Arcsmith's Anvil x3 [shop 1,062,400/craft/exchange], Crafted Leather x336 [shop 11,400/drop: L36 Cave Ant Larva, L36 Tyrant Kingpin +133/craft/exchange/quest], Metallic Fiber x168 [shop 1,400/drop: L36 Ant Warrior Captain, L38 Warrior of the Plains +170/craft/exchange/quest], Compound Braid x84 [shop 6,000/drop: L27 Gigant Overseer, L27 Grave Robber Scout +145/craft/exchange/quest], Asofe x84 [shop 12,000/drop: L45 Shackle, L45 Vault Overlord +149/exchange/quest], Crystal: S Grade x75 [shop 50,000/exchange], Gemstone S x14 [shop 200,000/exchange] || Craft (lvl 9, 100%): Recipe: Sealed Major Arcana Robe (100%) x1 [shop 696,000], Sealed Major Arcana Robe Part x17 [shop 80,730/drop: L75 Bloody Empress Decarbia, L78 Hesti Guardian Deity of the Hot Springs +8/quest], Arcsmith's Anvil x6 [shop 1,062,400/craft/exchange], Crafted Leather x608 [shop 11,400/drop: L36 Cave Ant Larva, L36 Tyrant Kingpin +133/craft/exchange/quest], Metallic Fiber x304 [shop 1,400/drop: L36 Ant Warrior Captain, L38 Warrior of the Plains +170/craft/exchange/quest], Compound Braid x152 [shop 6,000/drop: L27 Gigant Overseer, L27 Grave Robber Scout +145/craft/exchange/quest], Asofe x152 [shop 12,000/drop: L45 Shackle, L45 Vault Overlord +149/exchange/quest], Crystal: S Grade x144 [shop 50,000/exchange], Gemstone S x14 [shop 200,000/exchange] || Drop: L75 Bloody Empress Decarbia, L78 Hesti Guardian Deity of the Hot Springs, L79 Antharas, L81 Shadow of Halisha, L84 Ketra's Commander Tayr +5
PIECE	6685	Sealed Major Arcana Glove	S	armor	gloves	?	0	P.Def 55 M.Def 0	Craft (lvl 9, 60%): Recipe: Sealed Major Arcana Gloves (60%) x1 [shop 143,200], Sealed Major Arcana Gloves fabric x17 [shop 28,094/drop: L75 Death Lord Shax, L75 Kernon +7/quest], Warsmith's Mold x1 [shop 770,000/craft/exchange], Crafted Leather x60 [shop 11,400/drop: L36 Cave Ant Larva, L36 Tyrant Kingpin +133/craft/exchange/quest], High Grade Suede x36 [shop 4,800/drop: L27 Grave Robber Lookout, L27 Ol Mahum Raider +105/craft/exchange/quest], Asofe x12 [shop 12,000/drop: L45 Shackle, L45 Vault Overlord +149/exchange/quest], Crystal: S Grade x16 [shop 50,000/exchange], Gemstone S x2 [shop 200,000/exchange] || Craft (lvl 9, 100%): Recipe: Sealed Major Arcana Gloves (100%) x1 [shop 143,200], Sealed Major Arcana Gloves fabric x17 [shop 28,094/drop: L75 Death Lord Shax, L75 Kernon +7/quest], Warsmith's Mold x1 [shop 770,000/craft/exchange], Crafted Leather x155 [shop 11,400/drop: L36 Cave Ant Larva, L36 Tyrant Kingpin +133/craft/exchange/quest], High Grade Suede x93 [shop 4,800/drop: L27 Grave Robber Lookout, L27 Ol Mahum Raider +105/craft/exchange/quest], Asofe x31 [shop 12,000/drop: L45 Shackle, L45 Vault Overlord +149/exchange/quest], Crystal: S Grade x30 [shop 50,000/exchange], Gemstone S x2 [shop 200,000/exchange] || Drop: L75 Death Lord Shax, L75 Kernon, L79 Antharas, L79 Cherub Galaxia, L85 Antharas +4
PIECE	6686	Sealed Major Arcana Boots	S	armor	feet	?	0	P.Def 55 M.Def 0	Craft (lvl 9, 60%): Recipe: Sealed Major Arcana Boots (60%) x1 [shop 143,200], Sealed Major Arcana Boots Design x17 [shop 28,094/drop: L75 Death Lord Shax, L75 Kernon +5/quest], Warsmith's Mold x1 [shop 770,000/craft/exchange], Crafted Leather x60 [shop 11,400/drop: L36 Cave Ant Larva, L36 Tyrant Kingpin +133/craft/exchange/quest], High Grade Suede x36 [shop 4,800/drop: L27 Grave Robber Lookout, L27 Ol Mahum Raider +105/craft/exchange/quest], Asofe x12 [shop 12,000/drop: L45 Shackle, L45 Vault Overlord +149/exchange/quest], Crystal: S Grade x16 [shop 50,000/exchange], Gemstone S x2 [shop 200,000/exchange] || Craft (lvl 9, 100%): Recipe: Sealed Major Arcana Boots (100%) x1 [shop 143,200], Sealed Major Arcana Boots Design x17 [shop 28,094/drop: L75 Death Lord Shax, L75 Kernon +5/quest], Warsmith's Mold x1 [shop 770,000/craft/exchange], Crafted Leather x155 [shop 11,400/drop: L36 Cave Ant Larva, L36 Tyrant Kingpin +133/craft/exchange/quest], High Grade Suede x93 [shop 4,800/drop: L27 Grave Robber Lookout, L27 Ol Mahum Raider +105/craft/exchange/quest], Asofe x31 [shop 12,000/drop: L45 Shackle, L45 Vault Overlord +149/exchange/quest], Crystal: S Grade x30 [shop 50,000/exchange], Gemstone S x2 [shop 200,000/exchange] || Drop: L75 Death Lord Shax, L75 Kernon, L79 Antharas, L79 Cherub Galaxia, L85 Antharas +4
PIECE	6687	Sealed Major Arcana Circlet	S	armor	head	?	0	P.Def 83 M.Def 0	Craft (lvl 9, 60%): Recipe: Sealed Major Arcana Circlet (60%) x1 [shop 214,800], Sealed Major Arcana Circlet Pattern x17 [shop 24,658/drop: L75 Storm Winged Naga, L76 Ocean Flame Ashakiel +7/quest], Leolin's Mold x1 [shop 476,000/craft/exchange], Crafted Leather x170 [shop 11,400/drop: L36 Cave Ant Larva, L36 Tyrant Kingpin +133/craft/exchange/quest], Asofe x17 [shop 12,000/drop: L45 Shackle, L45 Vault Overlord +149/exchange/quest], Crystal: S Grade x25 [shop 50,000/exchange], Gemstone S x4 [shop 200,000/exchange] || Craft (lvl 9, 100%): Recipe: Sealed Major Arcana Circlet (100%) x1 [shop 214,800], Sealed Major Arcana Circlet Pattern x17 [shop 24,658/drop: L75 Storm Winged Naga, L76 Ocean Flame Ashakiel +7/quest], Leolin's Mold x1 [shop 476,000/craft/exchange], Crafted Leather x370 [shop 11,400/drop: L36 Cave Ant Larva, L36 Tyrant Kingpin +133/craft/exchange/quest], Asofe x37 [shop 12,000/drop: L45 Shackle, L45 Vault Overlord +149/exchange/quest], Crystal: S Grade x43 [shop 50,000/exchange], Gemstone S x4 [shop 200,000/exchange] || Drop: L75 Storm Winged Naga, L76 Ocean Flame Ashakiel, L79 Antharas, L79 Longhorn Golkonda, L81 Shadow of Halisha +4
PIECE	6724	Sealed Tateossian Earring	S	jewel	Earring	-	0	M.Def 68 MP 0	Craft (lvl 9, 70%): Recipe: Sealed Tateossian Earring (70%) x1 [shop 148,000/quest], Sealed Tateossian Earring Part x17 [shop 20,364/drop: L75 Death Lord Ipos, L76 Flamestone Giant +10/quest], Warsmith's Mold x1 [shop 770,000/craft/exchange], Metallic Fiber x105 [shop 1,400/drop: L36 Ant Warrior Captain, L38 Warrior of the Plains +170/craft/exchange/quest], Varnish of Purity x63 [shop 16,200/craft/exchange/quest], Thons x21 [shop 12,000/drop: L45 Dimension Invader Elite Soldier, L45 Fline +128/exchange/quest], Crystal: S Grade x18 [shop 50,000/exchange], Gemstone S x3 [shop 200,000/exchange] || Craft (lvl 9, 100%): Recipe: Sealed Tateossian Earring (100%) x1 [shop 148,000], Sealed Tateossian Earring Part x17 [shop 20,364/drop: L75 Death Lord Ipos, L76 Flamestone Giant +10/quest], Warsmith's Mold x1 [shop 770,000/craft/exchange], Metallic Fiber x195 [shop 1,400/drop: L36 Ant Warrior Captain, L38 Warrior of the Plains +170/craft/exchange/quest], Varnish of Purity x117 [shop 16,200/craft/exchange/quest], Thons x39 [shop 12,000/drop: L45 Dimension Invader Elite Soldier, L45 Fline +128/exchange/quest], Crystal: S Grade x29 [shop 50,000/exchange], Gemstone S x3 [shop 200,000/exchange] || Drop: L75 Death Lord Ipos, L78 Anakazel, L79 Antharas, L84 Varka's Commander Mos, L85 Antharas +4
PIECE	6725	Sealed Tateossian Ring	S	jewel	Ring	-	0	M.Def 46 MP 0	Craft (lvl 9, 70%): Recipe: Sealed Tateossian Ring(70%) x1 [shop 98,800/quest], Sealed Tateossian Ring Gem x17 [shop 18,352/drop: L75 Death Lord Ipos, L76 Flamestone Giant +9/quest], Maestro Mold x1 [shop 308,000/craft/quest], Metallic Fiber x85 [shop 1,400/drop: L36 Ant Warrior Captain, L38 Warrior of the Plains +170/craft/exchange/quest], Varnish of Purity x51 [shop 16,200/craft/exchange/quest], Thons x17 [shop 12,000/drop: L45 Dimension Invader Elite Soldier, L45 Fline +128/exchange/quest], Crystal: S Grade x12 [shop 50,000/exchange], Gemstone S x2 [shop 200,000/exchange] || Craft (lvl 9, 100%): Recipe: Sealed Tateossian Ring(100%) x1 [shop 98,800], Sealed Tateossian Ring Gem x17 [shop 18,352/drop: L75 Death Lord Ipos, L76 Flamestone Giant +9/quest], Maestro Mold x1 [shop 308,000/craft/quest], Metallic Fiber x145 [shop 1,400/drop: L36 Ant Warrior Captain, L38 Warrior of the Plains +170/craft/exchange/quest], Varnish of Purity x87 [shop 16,200/craft/exchange/quest], Thons x29 [shop 12,000/drop: L45 Dimension Invader Elite Soldier, L45 Fline +128/exchange/quest], Crystal: S Grade x20 [shop 50,000/exchange], Gemstone S x2 [shop 200,000/exchange] || Drop: L75 Death Lord Ipos, L76 Flamestone Giant, L78 Anakazel, L79 Antharas, L84 Varka's Commander Mos +5
PIECE	6726	Sealed Tateossian Necklace	S	jewel	Necklace	-	0	M.Def 91 MP 0	Craft (lvl 9, 70%): Recipe: Sealed Tateossian Necklace(70%) x1 [shop 197,600/quest], Sealed Tateossian Necklace Chain x17 [shop 33,412/drop: L75 Death Lord Ipos, L76 Flamestone Giant +9/quest], Warsmith's Mold x1 [shop 770,000/craft/exchange], Metallic Fiber x160 [shop 1,400/drop: L36 Ant Warrior Captain, L38 Warrior of the Plains +170/craft/exchange/quest], Varnish of Purity x96 [shop 16,200/craft/exchange/quest], Thons x32 [shop 12,000/drop: L45 Dimension Invader Elite Soldier, L45 Fline +128/exchange/quest], Crystal: S Grade x24 [shop 50,000/exchange], Gemstone S x4 [shop 200,000/exchange] || Craft (lvl 9, 100%): Recipe: Sealed Tateossian Necklace(100%) x1 [shop 197,600], Sealed Tateossian Necklace Chain x17 [shop 33,412/drop: L75 Death Lord Ipos, L76 Flamestone Giant +9/quest], Warsmith's Mold x1 [shop 770,000/craft/exchange], Metallic Fiber x280 [shop 1,400/drop: L36 Ant Warrior Captain, L38 Warrior of the Plains +170/craft/exchange/quest], Varnish of Purity x168 [shop 16,200/craft/exchange/quest], Thons x56 [shop 12,000/drop: L45 Dimension Invader Elite Soldier, L45 Fline +128/exchange/quest], Crystal: S Grade x39 [shop 50,000/exchange], Gemstone S x4 [shop 200,000/exchange] || Drop: L75 Death Lord Ipos, L76 Flamestone Giant, L78 Anakazel, L79 Antharas, L84 Varka's Commander Mos +5
PIECE	6843	Cat Ears	NG	armor	hair	?	0	P.Def 0 M.Def 0	Craft (lvl 4, 100%): Recipe - Cat Ears (100%) x1 [shop 200,000], Cat Ears Fabric x20 [shop 10,000], Fish Gem x300 [shop 1,000], Shiny Fish Gem x150 [shop 2,000] || Quest: AnObviousLie
PIECE	6844	Lady's Hair Pin	NG	armor	hair	?	0	P.Def 0 M.Def 0	Craft (lvl 4, 100%): Recipe: Lady's Hair Pin (100%) x1 [shop 200,000/exchange], Hair Pin Piece x20 [shop 10,000], Fish Gem x300 [shop 1,000], Shiny Fish Gem x150 [shop 2,000]
PIECE	6845	Pirate's Eye Patch	NG	armor	hair	?	0	P.Def 0 M.Def 0	Craft (lvl 4, 100%): Recipe: Pirate's Eye Patch (100%) x1 [shop 200,000/exchange], Pirate's Eye Patch Material x20 [shop 10,000], Fish Gem x300 [shop 1,000], Shiny Fish Gem x150 [shop 2,000]
PIECE	6846	Monocle	NG	armor	hair	?	0	P.Def 0 M.Def 0	Craft (lvl 4, 100%): Recipe: Monocle (100%) x1 [shop 200,000/exchange], Monocle Piece x20 [shop 10,000], Fish Gem x300 [shop 1,000], Shiny Fish Gem x150 [shop 2,000]
PIECE	7575	Draconic Bow	S	weapon	lrhand	BOW	0	P.Atk 581 M.Atk 132	Exchange at mammblack 1: Draconic Bow - Cheap Shot x1 [exchange] || Exchange at mammblack 1: Draconic Bow - Focus x1 [exchange] || Exchange at mammblack 1: Draconic Bow - Critical Slow x1 [exchange] || Craft (lvl 9, 60%): Recipe: Draconic Bow (60%) x1 [shop 1,952,000], Draconic Bow Shaft x17 [shop 182,942/drop: L75 Storm Winged Naga, L78 Last Lesser Giant Glaki +5/quest], Warsmith's Holder x4 [shop 1,768,000/craft/exchange], Mithril Alloy x385 [shop 26,200/craft/exchange/quest], Durable Metal Plate x154 [shop 30,000/drop: L27 Grave Robber Lookout, L27 Kuran Kobold +126/craft/exchange/quest], High Grade Suede x77 [shop 4,800/drop: L27 Grave Robber Lookout, L27 Ol Mahum Raider +105/craft/exchange/quest], Compound Braid x77 [shop 6,000/drop: L27 Gigant Overseer, L27 Grave Robber Scout +145/craft/exchange/quest], Enria x77 [shop 24,000/drop: L45 Dimension Invader Berserker, L45 Dimension Invader Magus +211/exchange/quest], Crystal: S Grade x214 [shop 50,000/exchange], Gemstone S x43 [shop 200,000/exchange] || Craft (lvl 9, 100%): Recipe: Draconic Bow (100%) x1 [shop 1,952,000], Draconic Bow Shaft x17 [shop 182,942/drop: L75 Storm Winged Naga, L78 Last Lesser Giant Glaki +5/quest], Warsmith's Holder x8 [shop 1,768,000/craft/exchange], Mithril Alloy x715 [shop 26,200/craft/exchange/quest], Durable Metal Plate x286 [shop 30,000/drop: L27 Grave Robber Lookout, L27 Kuran Kobold +126/craft/exchange/quest], High Grade Suede x143 [shop 4,800/drop: L27 Grave Robber Lookout, L27 Ol Mahum Raider +105/craft/exchange/quest], Compound Braid x143 [shop 6,000/drop: L27 Gigant Overseer, L27 Grave Robber Scout +145/craft/exchange/quest], Enria x143 [shop 24,000/drop: L45 Dimension Invader Berserker, L45 Dimension Invader Magus +211/exchange/quest], Crystal: S Grade x399 [shop 50,000/exchange], Gemstone S x43 [shop 200,000/exchange] || Drop: L75 Baium, L75 Storm Winged Naga, L78 Last Lesser Giant Glaki, L79 Antharas, L80 Lilith +5
PIECE	7576	Draconic Bow - Cheap Shot	S	weapon	lrhand	BOW	0	P.Atk 581 M.Atk 132	Exchange at mammblack 2a: Draconic Bow x1 [drop: L75 Baium, L75 Storm Winged Naga +8/craft/exchange], Red Soul Crystal: Grade 13 x1 [?], Gemstone S x82 [shop 200,000/exchange]
PIECE	7577	Draconic Bow - Focus	S	weapon	lrhand	BOW	0	P.Atk 581 M.Atk 132	Exchange at mammblack 2a: Draconic Bow x1 [drop: L75 Baium, L75 Storm Winged Naga +8/craft/exchange], Green Soul Crystal: Grade 13 x1 [?], Gemstone S x82 [shop 200,000/exchange]
PIECE	7578	Draconic Bow - Critical Slow	S	weapon	lrhand	BOW	0	P.Atk 581 M.Atk 132	Exchange at mammblack 2a: Draconic Bow x1 [drop: L75 Baium, L75 Storm Winged Naga +8/craft/exchange], Blue Soul Crystal: Grade 13 x1 [?], Gemstone S x82 [shop 200,000/exchange]
PIECE	7680	Raccoon Ears	NG	armor	hair	?	0	P.Def 0 M.Def 0	Craft (lvl 4, 100%): Recipe - Raccoon Ears (100%) x1 [shop 200,000], Raccoon Ears Fabric x20 [shop 10,000], Fish Gem x300 [shop 1,000], Shiny Fish Gem x150 [shop 2,000] || Quest: AnObviousLie
PIECE	7681	Outlaw's Eyepatch	NG	armor	hair	?	0	P.Def 0 M.Def 0	Craft (lvl 4, 100%): Recipe - Outlaw's Eyepatch (100%) x1 [shop 200,000/exchange], Outlaw's Eyepatch Strap x20 [shop 10,000], Fish Gem x300 [shop 1,000], Shiny Fish Gem x150 [shop 2,000]
PIECE	7682	Maiden's Hairpin	NG	armor	hair	?	0	P.Def 0 M.Def 0	Craft (lvl 4, 100%): Recipe - Maiden's Hairpin (100%) x1 [shop 200,000/exchange], Maiden's Hairpin Piece x20 [shop 10,000], Fish Gem x300 [shop 1,000], Shiny Fish Gem x150 [shop 2,000]
PIECE	7683	Rabbit Ears	NG	armor	hair	?	0	P.Def 0 M.Def 0	Craft (lvl 4, 100%): Recipe - Rabbit Ears (100%) x1 [shop 200,000], Rabbit Ears Fabric x20 [shop 10,000], Fish Gem x300 [shop 1,000], Shiny Fish Gem x150 [shop 2,000] || Quest: AnObviousLie
PIECE	7695	Forget-me-not Hairpin	NG	armor	hair	?	0	P.Def 0 M.Def 0	Craft (lvl 4, 100%): Recipe: Forget-me-not Hairpin (100%) x1 [shop 200,000/exchange], Piece of Forget-me-not Hairpin x20 [shop 10,000], Fish Gem x300 [shop 1,000], Shiny Fish Gem x150 [shop 2,000]
PIECE	7696	Daisy Hairpin	NG	armor	hair	?	0	P.Def 0 M.Def 0	Craft (lvl 4, 100%): Recipe: Daisy Hairpin (100%) x1 [shop 200,000/exchange], Piece of Daisy Hairpin x20 [shop 10,000], Fish Gem x300 [shop 1,000], Shiny Fish Gem x150 [shop 2,000]
PIECE	7701	Stick of Faith - Mana Up	C	weapon	rhand	BLUNT	0	P.Atk 85 M.Atk 81	Exchange at weapon sa 01: Stick of Faith x1 [drop: L40 Water Spirit Lian, L40 Wizard of Storm Teruk +3/craft/exchange], Red Soul Crystal - Stage 5 x1 [?], Gemstone C x97 [shop 6,000], Adena x291,000
PIECE	7702	Stick of Faith - Magic Hold	C	weapon	rhand	BLUNT	0	P.Atk 85 M.Atk 81	Exchange at weapon sa 01: Stick of Faith x1 [drop: L40 Water Spirit Lian, L40 Wizard of Storm Teruk +3/craft/exchange], Green Soul Crystal - Stage 5 x1 [?], Gemstone C x97 [shop 6,000], Adena x291,000
PIECE	7703	Stick of Faith - Magic Shield	C	weapon	rhand	BLUNT	0	P.Atk 85 M.Atk 81	Exchange at weapon sa 01: Stick of Faith x1 [drop: L40 Water Spirit Lian, L40 Wizard of Storm Teruk +3/craft/exchange], Blue Soul Crystal - Stage 5 x1 [?], Gemstone C x97 [shop 6,000], Adena x291,000
PIECE	7704	Stick of Eternity - Empower	C	weapon	rhand	BLUNT	0	P.Atk 111 M.Atk 101	Exchange at weapon sa 01: Stick of Eternity x1 [drop: L44 Dread Avenger Kraven, L45 Archon Suscepter +6/craft/exchange], Red Soul Crystal - Stage 7 x1 [exchange], Gemstone C x306 [shop 6,000], Adena x918,000
PIECE	7705	Stick of Eternity - Rsk. Evasion	C	weapon	rhand	BLUNT	0	P.Atk 111 M.Atk 101	Exchange at weapon sa 01: Stick of Eternity x1 [drop: L44 Dread Avenger Kraven, L45 Archon Suscepter +6/craft/exchange], Green Soul Crystal - Stage 7 x1 [exchange], Gemstone C x306 [shop 6,000], Adena x918,000
PIECE	7706	Stick of Eternity - Blessed Body	C	weapon	rhand	BLUNT	0	P.Atk 111 M.Atk 101	Exchange at weapon sa 01: Stick of Eternity x1 [drop: L44 Dread Avenger Kraven, L45 Archon Suscepter +6/craft/exchange], Blue Soul Crystal - Stage 7 x1 [exchange], Gemstone C x306 [shop 6,000], Adena x918,000
PIECE	7707	Nirvana Axe - M. Atk.	C	weapon	rhand	BLUNT	0	P.Atk 111 M.Atk 101	Exchange at weapon sa 01: Nirvana Axe x1 [drop: L44 Dread Avenger Kraven, L45 Archon Suscepter +7/craft/exchange], Green Soul Crystal - Stage 7 x1 [exchange], Gemstone C x306 [shop 6,000], Adena x918,000
PIECE	7708	Nirvana Axe - Magic Poison	C	weapon	rhand	BLUNT	0	P.Atk 111 M.Atk 101	Exchange at weapon sa 01: Nirvana Axe x1 [drop: L44 Dread Avenger Kraven, L45 Archon Suscepter +7/craft/exchange], Red Soul Crystal - Stage 7 x1 [exchange], Gemstone C x306 [shop 6,000], Adena x918,000
PIECE	7709	Nirvana Axe - Magic Weakness	C	weapon	rhand	BLUNT	0	P.Atk 111 M.Atk 101	Exchange at weapon sa 01: Nirvana Axe x1 [drop: L44 Dread Avenger Kraven, L45 Archon Suscepter +7/craft/exchange], Blue Soul Crystal - Stage 7 x1 [exchange], Gemstone C x306 [shop 6,000], Adena x918,000
PIECE	7710	Club of Nature - Acumen	C	weapon	rhand	BLUNT	0	P.Atk 111 M.Atk 101	Exchange at weapon sa 01: Club of Nature x1 [drop: L44 Dread Avenger Kraven, L45 Archon Suscepter +7/craft/exchange], Blue Soul Crystal - Stage 7 x1 [exchange], Gemstone C x306 [shop 6,000], Adena x918,000
PIECE	7711	Club of Nature - Mental Shield	C	weapon	rhand	BLUNT	0	P.Atk 111 M.Atk 101	Exchange at weapon sa 01: Club of Nature x1 [drop: L44 Dread Avenger Kraven, L45 Archon Suscepter +7/craft/exchange], Green Soul Crystal - Stage 7 x1 [exchange], Gemstone C x306 [shop 6,000], Adena x918,000
PIECE	7712	Club of Nature - Magic Hold	C	weapon	rhand	BLUNT	0	P.Atk 111 M.Atk 101	Exchange at weapon sa 01: Club of Nature x1 [drop: L44 Dread Avenger Kraven, L45 Archon Suscepter +7/craft/exchange], Red Soul Crystal - Stage 7 x1 [exchange], Gemstone C x306 [shop 6,000], Adena x918,000
PIECE	7713	Mace of Underworld - Mana Up	C	weapon	rhand	BLUNT	0	P.Atk 111 M.Atk 101	Exchange at weapon sa 01: Mace of Underworld x1 [drop: L44 Dread Avenger Kraven, L45 Archon Suscepter +6/craft/exchange], Red Soul Crystal - Stage 7 x1 [exchange], Gemstone C x306 [shop 6,000], Adena x918,000
PIECE	7714	Mace of Underworld - Magic Silence	C	weapon	rhand	BLUNT	0	P.Atk 111 M.Atk 101	Exchange at weapon sa 01: Mace of Underworld x1 [drop: L44 Dread Avenger Kraven, L45 Archon Suscepter +6/craft/exchange], Green Soul Crystal - Stage 7 x1 [exchange], Gemstone C x306 [shop 6,000], Adena x918,000
PIECE	7715	Mace of Underworld - Conversion	C	weapon	rhand	BLUNT	0	P.Atk 111 M.Atk 101	Exchange at weapon sa 01: Mace of Underworld x1 [drop: L44 Dread Avenger Kraven, L45 Archon Suscepter +6/craft/exchange], Blue Soul Crystal - Stage 7 x1 [exchange], Gemstone C x306 [shop 6,000], Adena x918,000
PIECE	7716	Inferno Staff - Acumen	C	weapon	lrhand	BLUNT	0	P.Atk 135 M.Atk 111	Exchange at weapon sa 01: Inferno Staff x1 [craft/exchange], Green Soul Crystal - Stage 7 x1 [exchange], Gemstone C x306 [shop 6,000], Adena x918,000
PIECE	7717	Inferno Staff - Magic Silence	C	weapon	lrhand	BLUNT	0	P.Atk 135 M.Atk 111	Exchange at weapon sa 01: Inferno Staff x1 [craft/exchange], Red Soul Crystal - Stage 7 x1 [exchange], Gemstone C x306 [shop 6,000], Adena x918,000
PIECE	7718	Inferno Staff - Magic Paralyze	C	weapon	lrhand	BLUNT	0	P.Atk 135 M.Atk 111	Exchange at weapon sa 01: Inferno Staff x1 [craft/exchange], Blue Soul Crystal - Stage 7 x1 [exchange], Gemstone C x306 [shop 6,000], Adena x918,000
PIECE	7719	Poleaxe - Critical Stun	C	weapon	lrhand	POLE	0	P.Atk 139 M.Atk 76	Exchange at weapon sa 01: Poleaxe x1 [craft/exchange], Blue Soul Crystal - Stage 7 x1 [exchange], Gemstone C x306 [shop 6,000], Adena x918,000
PIECE	7720	Poleaxe - Towering Blow	C	weapon	lrhand	POLE	0	P.Atk 139 M.Atk 76	Exchange at weapon sa 01: Poleaxe x1 [craft/exchange], Green Soul Crystal - Stage 7 x1 [exchange], Gemstone C x306 [shop 6,000], Adena x918,000
PIECE	7721	Poleaxe - Wide Blow	C	weapon	lrhand	POLE	0	P.Atk 139 M.Atk 76	Exchange at weapon sa 01: Poleaxe x1 [craft/exchange], Red Soul Crystal - Stage 7 x1 [exchange], Gemstone C x306 [shop 6,000], Adena x918,000
PIECE	7722	Sword of Valhalla - Acumen	B	weapon	rhand	SWORD	0	P.Atk 140 M.Atk 122	Exchange at weapon sa 01: Sword of Valhalla x1 [drop: L50 Messenger of Fairy Queen Berun, L52 Captain of Red Flag Shaka +19/craft/exchange], Red Soul Crystal - Stage 9 x1 [exchange], Gemstone B x222 [shop 20,000], Adena x2,220,000
PIECE	7723	Sword of Valhalla - Magic Weakness	B	weapon	rhand	SWORD	0	P.Atk 140 M.Atk 122	Exchange at weapon sa 01: Sword of Valhalla x1 [drop: L50 Messenger of Fairy Queen Berun, L52 Captain of Red Flag Shaka +19/craft/exchange], Green Soul Crystal - Stage 9 x1 [exchange], Gemstone B x222 [shop 20,000], Adena x2,220,000
PIECE	7724	Sword of Valhalla - Magic Regeneration	B	weapon	rhand	SWORD	0	P.Atk 140 M.Atk 122	Exchange at weapon sa 01: Sword of Valhalla x1 [drop: L50 Messenger of Fairy Queen Berun, L52 Captain of Red Flag Shaka +19/craft/exchange], Blue Soul Crystal - Stage 9 x1 [exchange], Gemstone B x222 [shop 20,000], Adena x2,220,000
PIECE	7810	Soulfire Dirk - Mana Up	C	weapon	rhand	DAGGER	0	P.Atk 86 M.Atk 91	Exchange at weapon sa 01: Soulfire Dirk x1 [drop: L43 Crazy Mechanic Golem, L47 Death Flyer +4/craft/exchange], Blue Soul Crystal - Stage 6 x1 [?], Gemstone C x238 [shop 6,000], Adena x714,000
PIECE	7811	Soulfire Dirk - Magic Hold	C	weapon	rhand	DAGGER	0	P.Atk 86 M.Atk 91	Exchange at weapon sa 01: Soulfire Dirk x1 [drop: L43 Crazy Mechanic Golem, L47 Death Flyer +4/craft/exchange], Red Soul Crystal - Stage 6 x1 [?], Gemstone C x238 [shop 6,000], Adena x714,000
PIECE	7812	Soulfire Dirk - Magic Silence	C	weapon	rhand	DAGGER	0	P.Atk 86 M.Atk 91	Exchange at weapon sa 01: Soulfire Dirk x1 [drop: L43 Crazy Mechanic Golem, L47 Death Flyer +4/craft/exchange], Green Soul Crystal - Stage 6 x1 [?], Gemstone C x238 [shop 6,000], Adena x714,000
PIECE	7813	Hell Knife - Magic Regeneration	B	weapon	rhand	DAGGER	0	P.Atk 122 M.Atk 122	Exchange at weapon sa 01: Hell Knife x1 [drop: L50 Zaken's Chief Mate Tillion, L53 Magus Kenishee +11/craft/exchange], Blue Soul Crystal - Stage 9 x1 [exchange], Gemstone B x222 [shop 20,000], Adena x2,220,000
PIECE	7814	Hell Knife - Mental Shield	B	weapon	rhand	DAGGER	0	P.Atk 122 M.Atk 122	Exchange at weapon sa 01: Hell Knife x1 [drop: L50 Zaken's Chief Mate Tillion, L53 Magus Kenishee +11/craft/exchange], Red Soul Crystal - Stage 9 x1 [exchange], Gemstone B x222 [shop 20,000], Adena x2,220,000
PIECE	7815	Hell Knife - Magic Weakness	B	weapon	rhand	DAGGER	0	P.Atk 122 M.Atk 122	Exchange at weapon sa 01: Hell Knife x1 [drop: L50 Zaken's Chief Mate Tillion, L53 Magus Kenishee +11/craft/exchange], Green Soul Crystal - Stage 9 x1 [exchange], Gemstone B x222 [shop 20,000], Adena x2,220,000
PIECE	7836	Santa's Hat	NG	armor	hairall	?	0	P.Def 0 M.Def 0	Exchange (list 3186301): Christmas Tree x10 [exchange]
PIECE	7850	Clan Oath Helm	D	armor	head	?	0	P.Def 37 M.Def 0	Quest: TheLeaderAndTheFollower, ToLeadAndBeLed
PIECE	7851	Clan Oath Armor	D	armor	onepiece	HEAVY	0	P.Def 158 M.Def 0	Quest: TheLeaderAndTheFollower, ToLeadAndBeLed
PIECE	7852	Clan Oath Gauntlets - Heavy Armor	D	armor	gloves	?	0	P.Def 24 M.Def 0	Quest: TheLeaderAndTheFollower, ToLeadAndBeLed
PIECE	7853	Clan Oath Sabaton - Heavy Armor	D	armor	feet	?	0	P.Def 24 M.Def 0	Quest: TheLeaderAndTheFollower, ToLeadAndBeLed
PIECE	7854	Clan Oath Brigandine	D	armor	onepiece	LIGHT	0	P.Def 119 M.Def 0	Quest: TheLeaderAndTheFollower, ToLeadAndBeLed
PIECE	7855	Clan Oath Leather Gloves - Light Armor	D	armor	gloves	?	0	P.Def 24 M.Def 0	Quest: TheLeaderAndTheFollower, ToLeadAndBeLed
PIECE	7856	Clan Oath Boots - Light Armor	D	armor	feet	?	0	P.Def 24 M.Def 0	Quest: TheLeaderAndTheFollower, ToLeadAndBeLed
PIECE	7857	Clan Oath Aketon	D	armor	onepiece	MAGIC	0	P.Def 79 M.Def 0	Quest: TheLeaderAndTheFollower, ToLeadAndBeLed
PIECE	7858	Clan Oath Padded Gloves - Robe	D	armor	gloves	?	0	P.Def 24 M.Def 0	Quest: TheLeaderAndTheFollower, ToLeadAndBeLed
PIECE	7859	Clan Oath Sandals - Robe	D	armor	feet	?	0	P.Def 24 M.Def 0	Quest: TheLeaderAndTheFollower, ToLeadAndBeLed
PIECE	7860	Apella Helm	A	armor	head	?	0	P.Def 69 M.Def 0	Exchange (list 1235): #-200 x3,480 [?], Adena x435,000 || Exchange at mammblack 2b: Sealed Apella Helm x1 [?], Ancient Adena x198,000
PIECE	7861	Apella Plate Armor	A	armor	onepiece	HEAVY	0	P.Def 278 M.Def 0	Exchange (list 1235): #-200 x13,540 [?], Adena x1,680,000 || Exchange at mammblack 2b: Sealed Apella Plate Armor x1 [?], Ancient Adena x772,500
PIECE	7862	Apella Gauntlet - Heavy Armor	A	armor	gloves	?	0	P.Def 46 M.Def 0	Exchange (list 1235): #-200 x2,320 [?], Adena x285,000 || Exchange at mammblack 2b: Sealed Apella Gauntlet x1 [?], Ancient Adena x132,000
PIECE	7863	Apella Solleret - Heavy Armor	A	armor	feet	?	0	P.Def 46 M.Def 0	Exchange (list 1235): #-200 x2,320 [?], Adena x285,000 || Exchange at mammblack 2b: Sealed Apella Solleret x1 [?], Ancient Adena x132,000
PIECE	7864	Apella Brigandine	A	armor	onepiece	LIGHT	0	P.Def 209 M.Def 0	Exchange (list 1235): #-200 x10,160 [?], Adena x1,260,000 || Exchange at mammblack 2b: Sealed Apella Brigandine x1 [?], Ancient Adena x772,500
PIECE	7865	Apella Leather Gloves - Light Armor	A	armor	gloves	?	0	P.Def 46 M.Def 0	Exchange (list 1235): #-200 x2,320 [?], Adena x285,000 || Exchange at mammblack 2b: Sealed Apella Leather Gloves x1 [?], Ancient Adena x132,000
PIECE	7866	Apella Boots - Light Armor	A	armor	feet	?	0	P.Def 46 M.Def 0	Exchange (list 1235): #-200 x2,320 [?], Adena x285,000 || Exchange at mammblack 2b: Sealed Apella Boots x1 [?], Ancient Adena x132,000
PIECE	7867	Apella Doublet	A	armor	onepiece	MAGIC	0	P.Def 139 M.Def 0	Exchange (list 1235): #-200 x10,160 [?], Adena x1,260,000 || Exchange at mammblack 2b: Sealed Apella Doublet x1 [?], Ancient Adena x772,500
PIECE	7868	Apella Silk Gloves - Robe	A	armor	gloves	?	0	P.Def 46 M.Def 0	Exchange (list 1235): #-200 x2,320 [?], Adena x285,000 || Exchange at mammblack 2b: Sealed Apella Silk Gloves x1 [?], Ancient Adena x132,000
PIECE	7869	Apella Sandals - Robe	A	armor	feet	?	0	P.Def 46 M.Def 0	Exchange (list 1235): #-200 x2,320 [?], Adena x285,000 || Exchange at mammblack 2b: Sealed Apella Sandals x1 [?], Ancient Adena x132,000
PIECE	7880	Steel Sword	D	weapon	lrhand	SWORD	0	P.Atk 49 M.Atk 26	Exchange at mammblack 1b: Reinforced Bow x1 [drop: L27 Grave Robber Scout, L27 Turek Orc Archer +3/exchange] || Exchange at mammblack 1b: Branch of Life x1 [drop: L26 Monster Eye Destroyer, L26 Specter +1/exchange] || Exchange at mammblack 1b: Temptation of Abyss x1 [drop: L26 Monster Eye Destroyer, L26 Specter +1/craft/exchange] || Craft (lvl 2, 100%): Steel Sword Blade x4 [shop 23,824/drop: L27 Grave Robber Lookout], Steel Mold x3 [shop 9,000/craft/exchange/quest], Steel x60 [shop 4,000/drop: L11 Balor Orc Lieutenant, L18 Tainted Zombie +147/craft/exchange/quest], Cokes x30 [shop 2,400/drop: L18 Red Eye Barbed Bat, L18 Undine Elder +120/craft/exchange/quest], Crystal: D-Grade x117 [shop 1,300/exchange], Gemstone D x34 [shop 2,000]
PIECE	7881	Titan Sword	D	weapon	lrhand	SWORD	0	P.Atk 96 M.Atk 47	Exchange at mammblack 1b: Maingauche x1 [drop: L30 Boss Akata, L30 Turek Mercenary Captain +4/craft/exchange] || Exchange at mammblack 1b: Skull Breaker x1 [drop: L30 Apepi, L38 Cave Ant Soldier +6/craft/exchange] || Exchange at mammblack 1b: Heavy Bone Club x1 [drop: L30 Apepi, L38 Cave Ant Soldier +6/craft/exchange] || Craft (lvl 3, 100%): Titan Sword Blade x7 [shop 41,900/drop: L40 Bandit Captain, L40 Vagabond of the Ruins], Steel Mold x3 [shop 9,000/craft/exchange/quest], Steel x210 [shop 4,000/drop: L11 Balor Orc Lieutenant, L18 Tainted Zombie +147/craft/exchange/quest], Cokes x105 [shop 2,400/drop: L18 Red Eye Barbed Bat, L18 Undine Elder +120/craft/exchange/quest], Crystal: D-Grade x430 [shop 1,300/exchange], Gemstone D x139 [shop 2,000]
PIECE	7882	Pa'agrian Sword	C	weapon	lrhand	SWORD	0	P.Atk 169 M.Atk 76	Exchange at mammblack 1: Pa'agrian Sword - Focus x1 [exchange] || Exchange at mammblack 1: Pa'agrian Sword - Health x1 [exchange] || Exchange at mammblack 1: Pa'agrian Sword - Critical Drain x1 [exchange] || Craft (lvl 5, 100%): Pa'agrian Sword Blade x10 [shop 76,840/drop: L52 Horrifying Cannon Golem], Artisan's Frame x3 [shop 190,000/craft/exchange/quest], Mithril Alloy x52 [shop 26,200/craft/exchange/quest], Synthetic Cokes x26 [shop 13,200/craft/exchange/quest], Metal Hardener x104 [shop 10,000/drop: L15 Obsidian Golem, L16 Dark Terror +107/craft/exchange/quest], Crystal: C-Grade x300 [shop 6,000/exchange], Gemstone C x166 [shop 6,000]
PIECE	7883	Guardian Sword	B	weapon	lrhand	SWORD	0	P.Atk 236 M.Atk 99	Exchange at mammblack 1: Guardian Sword - Critical Drain x1 [exchange] || Exchange at mammblack 1: Guardian Sword - Health x1 [exchange] || Exchange at mammblack 1: Guardian Sword - Critical Bleed x1 [exchange] || Craft (lvl 7, 60%): Recipe: Guardian's Sword (60%) x1 [shop 524,000/drop: L56 Pronghorn Spirit], Guardian Sword Blade x13 [shop 91,538/drop: L62 Wisdom of Splendor, L63 Forbidden Path Invader Disciple +11], Artisan's Frame x3 [shop 190,000/craft/exchange/quest], Mithril Alloy x134 [shop 26,200/craft/exchange/quest], Synthetic Cokes x67 [shop 13,200/craft/exchange/quest], Enria x67 [shop 24,000/drop: L45 Dimension Invader Berserker, L45 Dimension Invader Magus +211/exchange/quest], Crystal: B-Grade x159 [shop 18,000/exchange], Gemstone B x98 [shop 20,000] || Craft (lvl 7, 100%): Recipe: Guardian's Sword (100%) x1 [shop 524,000/drop: L55 Lost Gargoyle, L56 Lost Gargoyle Youngling], Guardian Sword Blade x13 [shop 91,538/drop: L62 Wisdom of Splendor, L63 Forbidden Path Invader Disciple +11], Craftsman Mold x3 [shop 1,420,000/craft/quest], Mithril Alloy x182 [shop 26,200/craft/exchange/quest], Synthetic Cokes x91 [shop 13,200/craft/exchange/quest], Enria x91 [shop 24,000/drop: L45 Dimension Invader Berserker, L45 Dimension Invader Magus +211/exchange/quest], Crystal: B-Grade x300 [shop 18,000/exchange], Gemstone B x98 [shop 20,000] || Drop: L62 Wisdom of Splendor, L63 Forbidden Path Invader Disciple, L63 Pilgrim of Splendor, L64 Alpen Bandersnatch, L64 Falibati +7
PIECE	7884	Infernal Master	A	weapon	lrhand	SWORD	0	P.Atk 259 M.Atk 107	Exchange at mammblack 1: Infernal Master - Haste x1 [exchange] || Exchange at mammblack 1: Infernal Master - Critical Damage x1 [exchange] || Exchange at mammblack 1: Infernal Master - Focus x1 [exchange] || Craft (lvl 7, 60%): Recipe: Infernal Master (60%) x1 [shop 732,000/drop: L60 Lost Buffalo/exchange], Infernal Master Blade x13 [shop 117,230/drop: L68 Antelope, L68 Canyon Antelope +14/quest], Craftsman Mold x3 [shop 1,420,000/craft/quest], Mithril Alloy x80 [shop 26,200/craft/exchange/quest], Durable Metal Plate x40 [shop 30,000/drop: L27 Grave Robber Lookout, L27 Kuran Kobold +126/craft/exchange/quest], Synthetic Cokes x40 [shop 13,200/craft/exchange/quest], Enria x40 [shop 24,000/drop: L45 Dimension Invader Berserker, L45 Dimension Invader Magus +211/exchange/quest], Crystal: B-Grade x230 [shop 18,000/exchange], Gemstone B x143 [shop 20,000] || Craft (lvl 7, 100%): Recipe: Infernal Master (100%) x1 [shop 732,000], Infernal Master Blade x13 [shop 117,230/drop: L68 Antelope, L68 Canyon Antelope +14/quest], Craftsman Mold x4 [shop 1,420,000/craft/quest], Mithril Alloy x196 [shop 26,200/craft/exchange/quest], Durable Metal Plate x98 [shop 30,000/drop: L27 Grave Robber Lookout, L27 Kuran Kobold +126/craft/exchange/quest], Synthetic Cokes x98 [shop 13,200/craft/exchange/quest], Enria x98 [shop 24,000/drop: L45 Dimension Invader Berserker, L45 Dimension Invader Magus +211/exchange/quest], Crystal: B-Grade x417 [shop 18,000/exchange], Gemstone B x143 [shop 20,000] || Drop: L68 Antelope, L68 Canyon Antelope, L69 Bandersnatch, L69 Canyon Antelope Slave, L70 Requiem Behemoth +9
PIECE	7885	Priest Sword	D	weapon	rhand	SWORD	0	P.Atk 32 M.Atk 35	Exchange at mammblack 1b: Reinforced Bow x1 [drop: L27 Grave Robber Scout, L27 Turek Orc Archer +3/exchange] || Exchange at mammblack 1b: Branch of Life x1 [drop: L26 Monster Eye Destroyer, L26 Specter +1/exchange] || Exchange at mammblack 1b: Temptation of Abyss x1 [drop: L26 Monster Eye Destroyer, L26 Specter +1/craft/exchange] || Craft (lvl 2, 100%): Priest Sword Blade x4 [shop 24,074], Steel Mold x2 [shop 9,000/craft/exchange/quest], Steel x50 [shop 4,000/drop: L11 Balor Orc Lieutenant, L18 Tainted Zombie +147/craft/exchange/quest], Cokes x50 [shop 2,400/drop: L18 Red Eye Barbed Bat, L18 Undine Elder +120/craft/exchange/quest], Crystal: D-Grade x117 [shop 1,300/exchange], Gemstone D x34 [shop 2,000]
PIECE	7886	Sword of Magic Fog	D	weapon	rhand	SWORD	0	P.Atk 63 M.Atk 63	Exchange at mammblack 1b: Maingauche x1 [drop: L30 Boss Akata, L30 Turek Mercenary Captain +4/craft/exchange] || Exchange at mammblack 1b: Skull Breaker x1 [drop: L30 Apepi, L38 Cave Ant Soldier +6/craft/exchange] || Exchange at mammblack 1b: Heavy Bone Club x1 [drop: L30 Apepi, L38 Cave Ant Soldier +6/craft/exchange] || Craft (lvl 3, 100%): Sword of Magic Fog Blade x7 [shop 40,600/drop: L40 Bandit Captain, L40 Vagabond of the Ruins], Steel Mold x2 [shop 9,000/craft/exchange/quest], Steel x172 [shop 4,000/drop: L11 Balor Orc Lieutenant, L18 Tainted Zombie +147/craft/exchange/quest], Cokes x172 [shop 2,400/drop: L18 Red Eye Barbed Bat, L18 Undine Elder +120/craft/exchange/quest], Crystal: D-Grade x430 [shop 1,300/exchange], Gemstone D x139 [shop 2,000]
PIECE	7887	Mysterious Sword	C	weapon	rhand	SWORD	0	P.Atk 85 M.Atk 81	Exchange at mammblack 1: Mysterious Sword - Acumen x1 [exchange] || Exchange at mammblack 1: Mysterious Sword - M. Atk. x1 [exchange] || Exchange at mammblack 1: Mysterious Sword - Magic Weakness x1 [exchange] || Craft (lvl 4, 100%): Mysterious Sword Blade x8 [shop 50,374], Artisan's Frame x2 [shop 190,000/craft/exchange/quest], Mithril Alloy x25 [shop 26,200/craft/exchange/quest], Synthetic Cokes x25 [shop 13,200/craft/exchange/quest], Metal Hardener x50 [shop 10,000/drop: L15 Obsidian Golem, L16 Dark Terror +107/craft/exchange/quest], Crystal: D-Grade x700 [shop 1,300/exchange], Gemstone C x81 [shop 6,000]
PIECE	7888	Ecliptic Sword	C	weapon	rhand	SWORD	0	P.Atk 125 M.Atk 111	Exchange at mammblack 1: Ecliptic Sword - Empower x1 [exchange] || Exchange at mammblack 1: Ecliptic Sword - M. Atk. x1 [exchange] || Exchange at mammblack 1: Ecliptic Sword - Magic Silence x1 [exchange] || Craft (lvl 6, 100%): Ecliptic Sword Blade x11 [shop 87,780/drop: L53 Deadly Ginzu Golem V, L53 Epic Cannon Golem], Artisan's Frame x2 [shop 190,000/craft/exchange/quest], Mithril Alloy x76 [shop 26,200/craft/exchange/quest], Synthetic Cokes x76 [shop 13,200/craft/exchange/quest], Metal Hardener x152 [shop 10,000/drop: L15 Obsidian Golem, L16 Dark Terror +107/craft/exchange/quest], Crystal: C-Grade x410 [shop 6,000/exchange], Gemstone C x248 [shop 6,000] || Drop: L53 Deadly Ginzu Golem V
PIECE	7889	Wizard's Tear	B	weapon	rhand	SWORD	0	P.Atk 155 M.Atk 132	Exchange at mammblack 1: Wizard's Tear - Acumen x1 [exchange] || Exchange at mammblack 1: Wizard's Tear - M. Atk. x1 [exchange] || Exchange at mammblack 1: Wizard's Tear - Conversion x1 [exchange] || Craft (lvl 7, 60%): Recipe: Wizard's Tear (60%) x1 [shop 524,000/drop: L58 Lost Iron Golem, L61 Ursus Cub], Blade of the Wizard's Tear x13 [shop 91,384/drop: L62 Wisdom of Splendor, L63 Forbidden Path Invader Disciple +12], Artisan's Frame x2 [shop 190,000/craft/exchange/quest], Mithril Alloy x120 [shop 26,200/craft/exchange/quest], Synthetic Cokes x120 [shop 13,200/craft/exchange/quest], Enria x60 [shop 24,000/drop: L45 Dimension Invader Berserker, L45 Dimension Invader Magus +211/exchange/quest], Crystal: B-Grade x160 [shop 18,000/exchange], Gemstone B x98 [shop 20,000] || Craft (lvl 7, 100%): Recipe: Wizard's Tear (100%) x1 [shop 524,000/drop: L57 Freya's White Bear, L62 Lost Yeti +1], Blade of the Wizard's Tear x13 [shop 91,384/drop: L62 Wisdom of Splendor, L63 Forbidden Path Invader Disciple +12], Craftsman Mold x2 [shop 1,420,000/craft/quest], Mithril Alloy x172 [shop 26,200/craft/exchange/quest], Synthetic Cokes x172 [shop 13,200/craft/exchange/quest], Enria x86 [shop 24,000/drop: L45 Dimension Invader Berserker, L45 Dimension Invader Magus +211/exchange/quest], Crystal: B-Grade x341 [shop 18,000/exchange], Gemstone B x98 [shop 20,000] || Drop: L62 Wisdom of Splendor, L63 Forbidden Path Invader Disciple, L63 Pilgrim of Splendor, L64 Alpen Bandersnatch, L64 Elmoradan's Archer Escort +8
PIECE	7890	Priest Mace	D	weapon	rhand	BLUNT	0	P.Atk 63 M.Atk 63	Exchange at mammblack 1b: Maingauche x1 [drop: L30 Boss Akata, L30 Turek Mercenary Captain +4/craft/exchange] || Exchange at mammblack 1b: Skull Breaker x1 [drop: L30 Apepi, L38 Cave Ant Soldier +6/craft/exchange] || Exchange at mammblack 1b: Heavy Bone Club x1 [drop: L30 Apepi, L38 Cave Ant Soldier +6/craft/exchange] || Craft (lvl 3, 100%): Priest Mace Head x7 [shop 39,514], Steel x128 [shop 4,000/drop: L11 Balor Orc Lieutenant, L18 Tainted Zombie +147/craft/exchange/quest], Cokes x128 [shop 2,400/drop: L18 Red Eye Barbed Bat, L18 Undine Elder +120/craft/exchange/quest], High Grade Suede x64 [shop 4,800/drop: L27 Grave Robber Lookout, L27 Ol Mahum Raider +105/craft/exchange/quest], Crystal: D-Grade x430 [shop 1,300/exchange], Gemstone D x139 [shop 2,000]
PIECE	7891	Ecliptic Axe	C	weapon	rhand	BLUNT	0	P.Atk 125 M.Atk 111	Exchange at mammblack 1: Ecliptic Axe - Conversion x1 [exchange] || Exchange at mammblack 1: Ecliptic Axe - M. Atk. x1 [exchange] || Exchange at mammblack 1: Ecliptic Axe - Magic Hold x1 [exchange] || Craft (lvl 6, 100%): Axe of Eclipse Head x11 [shop 83,272/drop: L54 Horrifying Ginzu Golem VIII], Mithril Alloy x80 [shop 26,200/craft/exchange/quest], Synthetic Cokes x80 [shop 13,200/craft/exchange/quest], High Grade Suede x40 [shop 4,800/drop: L27 Grave Robber Lookout, L27 Ol Mahum Raider +105/craft/exchange/quest], Metal Hardener x160 [shop 10,000/drop: L15 Obsidian Golem, L16 Dark Terror +107/craft/exchange/quest], Crystal: C-Grade x410 [shop 6,000/exchange], Gemstone C x248 [shop 6,000]
PIECE	7892	Spell Breaker	B	weapon	rhand	BLUNT	0	P.Atk 140 M.Atk 122	Exchange at mammblack 1: Spell Breaker - Magic Hold x1 [exchange] || Exchange at mammblack 1: Spell Breaker - Mental Shield x1 [exchange] || Exchange at mammblack 1: Spell Breaker - Acumen x1 [exchange] || Craft (lvl 6, 60%): Recipe: Spell Breaker (60%) x1 [shop 347,200], Spell Breaker Head x12 [shop 69,900/drop: L53 Dark Shaman Varangka, L57 Ice Tarantula +2], Mithril Alloy x80 [shop 26,200/craft/exchange/quest], Synthetic Cokes x80 [shop 13,200/craft/exchange/quest], High Grade Suede x40 [shop 4,800/drop: L27 Grave Robber Lookout, L27 Ol Mahum Raider +105/craft/exchange/quest], Enria x40 [shop 24,000/drop: L45 Dimension Invader Berserker, L45 Dimension Invader Magus +211/exchange/quest], Crystal: C-Grade x325 [shop 6,000/exchange], Gemstone B x62 [shop 20,000] || Craft (lvl 6, 100%): Recipe: Spell Breaker (100%) x1 [shop 347,200/drop: L52 Crypt Inquisitor, L54 Grave Guard +1], Spell Breaker Head x12 [shop 69,900/drop: L53 Dark Shaman Varangka, L57 Ice Tarantula +2], Maestro Holder x3 [shop 822,000/craft], Mithril Alloy x118 [shop 26,200/craft/exchange/quest], Synthetic Cokes x118 [shop 13,200/craft/exchange/quest], High Grade Suede x59 [shop 4,800/drop: L27 Grave Robber Lookout, L27 Ol Mahum Raider +105/craft/exchange/quest], Enria x59 [shop 24,000/drop: L45 Dimension Invader Berserker, L45 Dimension Invader Magus +211/exchange/quest], Crystal: C-Grade x499 [shop 6,000/exchange], Gemstone B x62 [shop 20,000] || Drop: L53 Dark Shaman Varangka, L57 Ice Tarantula, L58 Frost Tarantula
PIECE	7893	Kaim Vanul's Bones	B	weapon	rhand	BLUNT	0	P.Atk 155 M.Atk 132	Exchange at mammblack 1: Kaim Vanul's Bones - Mana Up x1 [exchange] || Exchange at mammblack 1: Kaim Vanul's Bones - Magic Silence x1 [exchange] || Exchange at mammblack 1: Kaim Vanul's Bones - Conversion x1 [exchange] || Craft (lvl 7, 60%): Recipe: Kaim Vanul's Bones (60%) x1 [shop 524,000/drop: L57 Ice Tarantula, L58 Frost Tarantula], Bones Head of Kaim Vanul x13 [shop 91,538/drop: L60 Ice Fairy Sirra, L62 Ursus +1], Mithril Alloy x120 [shop 26,200/craft/exchange/quest], Synthetic Cokes x120 [shop 13,200/craft/exchange/quest], High Grade Suede x60 [shop 4,800/drop: L27 Grave Robber Lookout, L27 Ol Mahum Raider +105/craft/exchange/quest], Enria x60 [shop 24,000/drop: L45 Dimension Invader Berserker, L45 Dimension Invader Magus +211/exchange/quest], Crystal: B-Grade x165 [shop 18,000/exchange], Gemstone B x98 [shop 20,000] || Craft (lvl 7, 100%): Recipe: Kaim Vanul's Bones (100%) x1 [shop 524,000/drop: L55 Marsh Drake, L55 Purgatory Invader Elite Soldier +5], Bones Head of Kaim Vanul x13 [shop 91,538/drop: L60 Ice Fairy Sirra, L62 Ursus +1], Maestro Holder x3 [shop 822,000/craft], Mithril Alloy x172 [shop 26,200/craft/exchange/quest], Synthetic Cokes x172 [shop 13,200/craft/exchange/quest], High Grade Suede x86 [shop 4,800/drop: L27 Grave Robber Lookout, L27 Ol Mahum Raider +105/craft/exchange/quest], Enria x86 [shop 24,000/drop: L45 Dimension Invader Berserker, L45 Dimension Invader Magus +211/exchange/quest], Crystal: B-Grade x339 [shop 18,000/exchange], Gemstone B x98 [shop 20,000] || Drop: L60 Ice Fairy Sirra, L65 Alpen Kookaburra
PIECE	7894	Spiritual Eye	A	weapon	rhand	BLUNT	0	P.Atk 170 M.Atk 143	Exchange at mammblack 1: Spiritual Eye - Mana Up x1 [exchange] || Exchange at mammblack 1: Spiritual Eye - Magic Poison x1 [exchange] || Exchange at mammblack 1: Spiritual Eye - Acumen x1 [exchange] || Craft (lvl 7, 60%): Recipe: Spiritual Eye (60%) x1 [shop 732,000/drop: L59 Frost Iron Golem, L65 Sepulcher Guardian +2/exchange], Spiritual Eye Piece x13 [shop 118,768/drop: L69 Alpen Cougar, L69 Splinter Stakato Drone +18/quest], Maestro Holder x3 [shop 822,000/craft], Mithril Alloy x60 [shop 26,200/craft/exchange/quest], Synthetic Cokes x60 [shop 13,200/craft/exchange/quest], High Grade Suede x30 [shop 4,800/drop: L27 Grave Robber Lookout, L27 Ol Mahum Raider +105/craft/exchange/quest], Enria x30 [shop 24,000/drop: L45 Dimension Invader Berserker, L45 Dimension Invader Magus +211/exchange/quest], Durable Metal Plate x120 [shop 30,000/drop: L27 Grave Robber Lookout, L27 Kuran Kobold +126/craft/exchange/quest], Crystal: B-Grade x215 [shop 18,000/exchange], Gemstone B x143 [shop 20,000] || Craft (lvl 7, 100%): Recipe: Spiritual Eye (100%) x1 [shop 732,000], Spiritual Eye Piece x13 [shop 118,768/drop: L69 Alpen Cougar, L69 Splinter Stakato Drone +18/quest], Warsmith's Holder x2 [shop 1,768,000/craft/exchange], Mithril Alloy x122 [shop 26,200/craft/exchange/quest], Synthetic Cokes x122 [shop 13,200/craft/exchange/quest], High Grade Suede x61 [shop 4,800/drop: L27 Grave Robber Lookout, L27 Ol Mahum Raider +105/craft/exchange/quest], Enria x61 [shop 24,000/drop: L45 Dimension Invader Berserker, L45 Dimension Invader Magus +211/exchange/quest], Durable Metal Plate x244 [shop 30,000/drop: L27 Grave Robber Lookout, L27 Kuran Kobold +126/craft/exchange/quest], Crystal: B-Grade x415 [shop 18,000/exchange], Gemstone B x143 [shop 20,000] || Drop: L69 Alpen Cougar, L69 Splinter Stakato Drone, L70 Dark Omen Invader Food, L70 Requiem Behemoth, L71 Needle Stakato Worker +13
PIECE	7895	Flaming Dragon Skull	A	weapon	rhand	BLUNT	0	P.Atk 186 M.Atk 152	Exchange at mammblack 1: Flaming Dragon Skull - Acumen x1 [exchange] || Exchange at mammblack 1: Flaming Dragon Skull - M. Atk. x1 [exchange] || Exchange at mammblack 1: Flaming Dragon Skull - Magic Silence x1 [exchange] || Craft (lvl 8, 60%): Recipe: Flaming Dragon Skull (60%) x1 [shop 1,080,000/drop: L60 Lost Buffalo, L65 Doom Knight +2/exchange], Flaming Dragon Skull Piece x14 [shop 145,828/drop: L79 Grazing Buffalo, L79 Tepra Scarab +11/quest], Maestro Holder x3 [shop 822,000/craft], Mithril Alloy x98 [shop 26,200/craft/exchange/quest], Synthetic Cokes x98 [shop 13,200/craft/exchange/quest], High Grade Suede x49 [shop 4,800/drop: L27 Grave Robber Lookout, L27 Ol Mahum Raider +105/craft/exchange/quest], Enria x49 [shop 24,000/drop: L45 Dimension Invader Berserker, L45 Dimension Invader Magus +211/exchange/quest], Durable Metal Plate x196 [shop 30,000/drop: L27 Grave Robber Lookout, L27 Kuran Kobold +126/craft/exchange/quest], Crystal: A-Grade x194 [shop 30,000/exchange], Gemstone A x74 [shop 60,000/exchange] || Craft (lvl 8, 100%): Recipe: Flaming Dragon Skull (100%) x1 [shop 1,080,000], Flaming Dragon Skull Piece x14 [shop 145,828/drop: L79 Grazing Buffalo, L79 Tepra Scarab +11/quest], Warsmith's Holder x2 [shop 1,768,000/craft/exchange], Mithril Alloy x194 [shop 26,200/craft/exchange/quest], Synthetic Cokes x194 [shop 13,200/craft/exchange/quest], High Grade Suede x97 [shop 4,800/drop: L27 Grave Robber Lookout, L27 Ol Mahum Raider +105/craft/exchange/quest], Enria x97 [shop 24,000/drop: L45 Dimension Invader Berserker, L45 Dimension Invader Magus +211/exchange/quest], Durable Metal Plate x388 [shop 30,000/drop: L27 Grave Robber Lookout, L27 Kuran Kobold +126/craft/exchange/quest], Crystal: A-Grade x370 [shop 30,000/exchange], Gemstone A x74 [shop 60,000/exchange] || Drop: L79 Grazing Buffalo, L79 Tepra Scarab, L80 Ashuras, L80 Assassin of Empire, L80 Grazing Windsus +5
PIECE	7896	Titan Hammer	D	weapon	lrhand	BLUNT	0	P.Atk 96 M.Atk 47	Exchange at mammblack 1b: Maingauche x1 [drop: L30 Boss Akata, L30 Turek Mercenary Captain +4/craft/exchange] || Exchange at mammblack 1b: Skull Breaker x1 [drop: L30 Apepi, L38 Cave Ant Soldier +6/craft/exchange] || Exchange at mammblack 1b: Heavy Bone Club x1 [drop: L30 Apepi, L38 Cave Ant Soldier +6/craft/exchange] || Craft (lvl 3, 100%): Titan Hammer Piece x7 [shop 39,514], Steel x176 [shop 4,000/drop: L11 Balor Orc Lieutenant, L18 Tainted Zombie +147/craft/exchange/quest], Cokes x88 [shop 2,400/drop: L18 Red Eye Barbed Bat, L18 Undine Elder +120/craft/exchange/quest], High Grade Suede x44 [shop 4,800/drop: L27 Grave Robber Lookout, L27 Ol Mahum Raider +105/craft/exchange/quest], Crystal: D-Grade x430 [shop 1,300/exchange], Gemstone D x139 [shop 2,000]
PIECE	7897	Dwarven Hammer	C	weapon	lrhand	BLUNT	0	P.Atk 190 M.Atk 83	Exchange at mammblack 1: Dwarven Hammer - Anger x1 [exchange] || Exchange at mammblack 1: Dwarven Hammer - Health x1 [exchange] || Exchange at mammblack 1: Dwarven Hammer - Critical Bleed x1 [exchange] || Craft (lvl 6, 100%): Dwarven Hammer Piece x11 [shop 87,636/drop: L54 Horrifying Ginzu Golem VIII], Mithril Alloy x104 [shop 26,200/craft/exchange/quest], Synthetic Cokes x52 [shop 13,200/craft/exchange/quest], High Grade Suede x26 [shop 4,800/drop: L27 Grave Robber Lookout, L27 Ol Mahum Raider +105/craft/exchange/quest], Metal Hardener x130 [shop 10,000/drop: L15 Obsidian Golem, L16 Dark Terror +107/craft/exchange/quest], Crystal: C-Grade x420 [shop 6,000/exchange], Gemstone C x248 [shop 6,000]
PIECE	7898	Karik Horn	C	weapon	lrhand	BLUNT	0	P.Atk 169 M.Atk 76	Exchange at mammblack 1: Karik Horn - Critical Drain x1 [exchange] || Exchange at mammblack 1: Karik Horn - Haste x1 [exchange] || Exchange at mammblack 1: Karik Horn - Focus x1 [exchange] || Craft (lvl 5, 100%): Karik Horn Piece x10 [shop 73,600], Mithril Alloy x72 [shop 26,200/craft/exchange/quest], Synthetic Cokes x36 [shop 13,200/craft/exchange/quest], High Grade Suede x18 [shop 4,800/drop: L27 Grave Robber Lookout, L27 Ol Mahum Raider +105/craft/exchange/quest], Metal Hardener x90 [shop 10,000/drop: L15 Obsidian Golem, L16 Dark Terror +107/craft/exchange/quest], Crystal: C-Grade x300 [shop 6,000/exchange], Gemstone C x166 [shop 6,000]
PIECE	7899	Destroyer Hammer	A	weapon	lrhand	BLUNT	0	P.Atk 259 M.Atk 107	Exchange at mammblack 1: Destroyer Hammer - Health x1 [exchange] || Exchange at mammblack 1: Destroyer Hammer - Haste x1 [exchange] || Exchange at mammblack 1: Destroyer Hammer - Critical Drain x1 [exchange] || Craft (lvl 7, 60%): Recipe: Destroyer Hammer (60%) x1 [shop 732,000/drop: L64 Purgatory Tarantula, L67 Glow Wisp +4/exchange], Hammer Piece of Destroyer x13 [shop 118,616/drop: L69 Alpen Cougar, L69 Splinter Stakato Drone +16/quest], Maestro Holder x4 [shop 822,000/craft], Mithril Alloy x84 [shop 26,200/craft/exchange/quest], Synthetic Cokes x42 [shop 13,200/craft/exchange/quest], High Grade Suede x21 [shop 4,800/drop: L27 Grave Robber Lookout, L27 Ol Mahum Raider +105/craft/exchange/quest], Enria x21 [shop 24,000/drop: L45 Dimension Invader Berserker, L45 Dimension Invader Magus +211/exchange/quest], Durable Metal Plate x84 [shop 30,000/drop: L27 Grave Robber Lookout, L27 Kuran Kobold +126/craft/exchange/quest], Crystal: B-Grade x222 [shop 18,000/exchange], Gemstone B x143 [shop 20,000] || Craft (lvl 7, 100%): Recipe: Destroyer Hammer (100%) x1 [shop 732,000], Hammer Piece of Destroyer x13 [shop 118,616/drop: L69 Alpen Cougar, L69 Splinter Stakato Drone +16/quest], Warsmith's Holder x3 [shop 1,768,000/craft/exchange], Mithril Alloy x172 [shop 26,200/craft/exchange/quest], Synthetic Cokes x86 [shop 13,200/craft/exchange/quest], High Grade Suede x43 [shop 4,800/drop: L27 Grave Robber Lookout, L27 Ol Mahum Raider +105/craft/exchange/quest], Enria x43 [shop 24,000/drop: L45 Dimension Invader Berserker, L45 Dimension Invader Magus +211/exchange/quest], Durable Metal Plate x172 [shop 30,000/drop: L27 Grave Robber Lookout, L27 Kuran Kobold +126/craft/exchange/quest], Crystal: B-Grade x419 [shop 18,000/exchange], Gemstone B x143 [shop 20,000] || Drop: L69 Alpen Cougar, L69 Splinter Stakato Drone, L70 Dark Omen Invader Food, L70 Requiem Behemoth, L72 Bone Scavenger +11
PIECE	7900	Ice Storm Hammer	B	weapon	lrhand	BLUNT	0	P.Atk 213 M.Atk 91	Exchange at mammblack 1: Ice Storm Hammer - Focus x1 [exchange] || Exchange at mammblack 1: Ice Storm Hammer - Anger x1 [exchange] || Exchange at mammblack 1: Ice Storm Hammer - Critical Bleed x1 [exchange] || Craft (lvl 6, 60%): Recipe: Ice Storm Hammer (60%) x1 [shop 347,200/drop: L55 Malruk Succubus, L56 Malruk Succubus Turen], Ice Storm Hammer Head x12 [shop 77,734/drop: L53 Dark Shaman Varangka, L57 Ice Tarantula +2], Mithril Alloy x100 [shop 26,200/craft/exchange/quest], Synthetic Cokes x50 [shop 13,200/craft/exchange/quest], High Grade Suede x25 [shop 4,800/drop: L27 Grave Robber Lookout, L27 Ol Mahum Raider +105/craft/exchange/quest], Enria x25 [shop 24,000/drop: L45 Dimension Invader Berserker, L45 Dimension Invader Magus +211/exchange/quest], Crystal: C-Grade x360 [shop 6,000/exchange], Gemstone B x62 [shop 20,000] || Craft (lvl 6, 100%): Recipe: Ice Storm Hammer (100%) x1 [shop 347,200], Ice Storm Hammer Head x12 [shop 77,734/drop: L53 Dark Shaman Varangka, L57 Ice Tarantula +2], Maestro Holder x4 [shop 822,000/craft], Mithril Alloy x160 [shop 26,200/craft/exchange/quest], Synthetic Cokes x80 [shop 13,200/craft/exchange/quest], High Grade Suede x40 [shop 4,800/drop: L27 Grave Robber Lookout, L27 Ol Mahum Raider +105/craft/exchange/quest], Enria x40 [shop 24,000/drop: L45 Dimension Invader Berserker, L45 Dimension Invader Magus +211/exchange/quest], Crystal: C-Grade x353 [shop 6,000/exchange], Gemstone B x62 [shop 20,000] || Drop: L53 Dark Shaman Varangka, L57 Ice Tarantula, L58 Frost Tarantula
PIECE	7901	Star Buster	B	weapon	lrhand	BLUNT	0	P.Atk 236 M.Atk 99	Exchange at mammblack 1: Star Buster - Health x1 [exchange] || Exchange at mammblack 1: Star Buster - Haste x1 [exchange] || Exchange at mammblack 1: Star Buster - Rsk. Focus x1 [exchange] || Craft (lvl 7, 60%): Recipe: Star Buster (60%) x1 [shop 524,000/drop: L58 Freya's Servant], Star Buster Head x13 [shop 91,692/drop: L60 Ice Fairy Sirra, L62 Ursus +1], Mithril Alloy x160 [shop 26,200/craft/exchange/quest], Synthetic Cokes x80 [shop 13,200/craft/exchange/quest], High Grade Suede x40 [shop 4,800/drop: L27 Grave Robber Lookout, L27 Ol Mahum Raider +105/craft/exchange/quest], Enria x40 [shop 24,000/drop: L45 Dimension Invader Berserker, L45 Dimension Invader Magus +211/exchange/quest], Crystal: B-Grade x168 [shop 18,000/exchange], Gemstone B x98 [shop 20,000] || Craft (lvl 7, 100%): Recipe: Star Buster (100%) x1 [shop 524,000/drop: L57 Freya's White Bear], Star Buster Head x13 [shop 91,692/drop: L60 Ice Fairy Sirra, L62 Ursus +1], Maestro Holder x4 [shop 822,000/craft], Mithril Alloy x232 [shop 26,200/craft/exchange/quest], Synthetic Cokes x116 [shop 13,200/craft/exchange/quest], High Grade Suede x58 [shop 4,800/drop: L27 Grave Robber Lookout, L27 Ol Mahum Raider +105/craft/exchange/quest], Enria x58 [shop 24,000/drop: L45 Dimension Invader Berserker, L45 Dimension Invader Magus +211/exchange/quest], Crystal: B-Grade x291 [shop 18,000/exchange], Gemstone B x98 [shop 20,000] || Drop: L60 Ice Fairy Sirra, L65 Alpen Kookaburra
PIECE	7902	Doom Crusher	A	weapon	lrhand	BLUNT	0	P.Atk 282 M.Atk 114	Exchange at mammblack 1: Doom Crusher - Health x1 [exchange] || Exchange at mammblack 1: Doom Crusher - Anger x1 [exchange] || Exchange at mammblack 1: Doom Crusher - Rsk. Haste x1 [exchange] || Craft (lvl 8, 60%): Recipe: Doom Crusher (60%) x1 [shop 1,080,000/drop: L63 Frost Yeti, L68 Purgatory Gargoyle/exchange], Doom Crusher Head x14 [shop 145,858/drop: L79 Grazing Buffalo, L79 Tepra Scarab +11/quest], Maestro Holder x4 [shop 822,000/craft], Mithril Alloy x148 [shop 26,200/craft/exchange/quest], Synthetic Cokes x74 [shop 13,200/craft/exchange/quest], High Grade Suede x37 [shop 4,800/drop: L27 Grave Robber Lookout, L27 Ol Mahum Raider +105/craft/exchange/quest], Enria x37 [shop 24,000/drop: L45 Dimension Invader Berserker, L45 Dimension Invader Magus +211/exchange/quest], Durable Metal Plate x148 [shop 30,000/drop: L27 Grave Robber Lookout, L27 Kuran Kobold +126/craft/exchange/quest], Crystal: A-Grade x193 [shop 30,000/exchange], Gemstone A x74 [shop 60,000/exchange] || Craft (lvl 8, 100%): Recipe: Doom Crusher (100%) x1 [shop 1,080,000], Doom Crusher Head x14 [shop 145,858/drop: L79 Grazing Buffalo, L79 Tepra Scarab +11/quest], Warsmith's Holder x3 [shop 1,768,000/craft/exchange], Mithril Alloy x292 [shop 26,200/craft/exchange/quest], Synthetic Cokes x146 [shop 13,200/craft/exchange/quest], High Grade Suede x73 [shop 4,800/drop: L27 Grave Robber Lookout, L27 Ol Mahum Raider +105/craft/exchange/quest], Enria x73 [shop 24,000/drop: L45 Dimension Invader Berserker, L45 Dimension Invader Magus +211/exchange/quest], Durable Metal Plate x292 [shop 30,000/drop: L27 Grave Robber Lookout, L27 Kuran Kobold +126/craft/exchange/quest], Crystal: A-Grade x366 [shop 30,000/exchange], Gemstone A x74 [shop 60,000/exchange] || Drop: L79 Grazing Buffalo, L79 Tepra Scarab, L80 Ashuras, L80 Assassin of Empire, L80 Grazing Windsus +6
PIECE	8102	Pa'agrian Sword - Focus	C	weapon	lrhand	SWORD	0	P.Atk 169 M.Atk 76	Exchange at weapon sa 01: Pa'agrian Sword x1 [craft/exchange], Red Soul Crystal - Stage 7 x1 [exchange], Gemstone C x306 [shop 6,000], Adena x918,000
PIECE	8103	Pa'agrian Sword - Health	C	weapon	lrhand	SWORD	0	P.Atk 169 M.Atk 76	Exchange at weapon sa 01: Pa'agrian Sword x1 [craft/exchange], Green Soul Crystal - Stage 7 x1 [exchange], Gemstone C x306 [shop 6,000], Adena x918,000
PIECE	8104	Pa'agrian Sword - Critical Drain	C	weapon	lrhand	SWORD	0	P.Atk 169 M.Atk 76	Exchange at weapon sa 01: Pa'agrian Sword x1 [craft/exchange], Blue Soul Crystal - Stage 7 x1 [exchange], Gemstone C x306 [shop 6,000], Adena x918,000
PIECE	8105	Guardian Sword - Critical Drain	B	weapon	lrhand	SWORD	0	P.Atk 236 M.Atk 99	Exchange at weapon sa 01: Guardian Sword x1 [drop: L62 Wisdom of Splendor, L63 Forbidden Path Invader Disciple +10/craft/exchange], Red Soul Crystal - Stage 10 x1 [exchange], Gemstone B x339 [shop 20,000], Adena x3,390,000
PIECE	8106	Guardian Sword - Health	B	weapon	lrhand	SWORD	0	P.Atk 236 M.Atk 99	Exchange at weapon sa 01: Guardian Sword x1 [drop: L62 Wisdom of Splendor, L63 Forbidden Path Invader Disciple +10/craft/exchange], Green Soul Crystal - Stage 10 x1 [exchange], Gemstone B x339 [shop 20,000], Adena x3,390,000
PIECE	8107	Guardian Sword - Critical Bleed	B	weapon	lrhand	SWORD	0	P.Atk 236 M.Atk 99	Exchange at weapon sa 01: Guardian Sword x1 [drop: L62 Wisdom of Splendor, L63 Forbidden Path Invader Disciple +10/craft/exchange], Blue Soul Crystal - Stage 10 x1 [exchange], Gemstone B x339 [shop 20,000], Adena x3,390,000
PIECE	8108	Infernal Master - Haste	A	weapon	lrhand	SWORD	0	P.Atk 259 M.Atk 107	Exchange at mammblack 2b: Infernal Master x1 [drop: L68 Antelope, L68 Canyon Antelope +12/craft/exchange], Red Soul Crystal - Stage 11 x1 [exchange], Gemstone A x157 [shop 60,000/exchange]
PIECE	8109	Infernal Master - Critical Damage	A	weapon	lrhand	SWORD	0	P.Atk 259 M.Atk 107	Exchange at mammblack 2b: Infernal Master x1 [drop: L68 Antelope, L68 Canyon Antelope +12/craft/exchange], Green Soul Crystal - Stage 11 x1 [exchange], Gemstone A x157 [shop 60,000/exchange]
PIECE	8110	Infernal Master - Focus	A	weapon	lrhand	SWORD	0	P.Atk 259 M.Atk 107	Exchange at mammblack 2b: Infernal Master x1 [drop: L68 Antelope, L68 Canyon Antelope +12/craft/exchange], Blue Soul Crystal - Stage 11 x1 [exchange], Gemstone A x157 [shop 60,000/exchange]
PIECE	8111	Mysterious Sword - Acumen	C	weapon	rhand	SWORD	0	P.Atk 85 M.Atk 81	Exchange at weapon sa 01: Mysterious Sword x1 [craft/exchange], Red Soul Crystal - Stage 5 x1 [?], Gemstone C x97 [shop 6,000], Adena x291,000
PIECE	8112	Mysterious Sword - M. Atk.	C	weapon	rhand	SWORD	0	P.Atk 85 M.Atk 81	Exchange at weapon sa 01: Mysterious Sword x1 [craft/exchange], Green Soul Crystal - Stage 5 x1 [?], Gemstone C x97 [shop 6,000], Adena x291,000
PIECE	8113	Mysterious Sword - Magic Weakness	C	weapon	rhand	SWORD	0	P.Atk 85 M.Atk 81	Exchange at weapon sa 01: Mysterious Sword x1 [craft/exchange], Blue Soul Crystal - Stage 5 x1 [?], Gemstone C x97 [shop 6,000], Adena x291,000
PIECE	8114	Ecliptic Sword - Empower	C	weapon	rhand	SWORD	0	P.Atk 125 M.Atk 111	Exchange at weapon sa 01: Ecliptic Sword x1 [drop: L53 Deadly Ginzu Golem V/craft/exchange], Red Soul Crystal - Stage 8 x1 [exchange], Gemstone C x555 [shop 6,000], Adena x1,665,000
PIECE	8115	Ecliptic Sword - M. Atk.	C	weapon	rhand	SWORD	0	P.Atk 125 M.Atk 111	Exchange at weapon sa 01: Ecliptic Sword x1 [drop: L53 Deadly Ginzu Golem V/craft/exchange], Green Soul Crystal - Stage 8 x1 [exchange], Gemstone C x555 [shop 6,000], Adena x1,665,000
PIECE	8116	Ecliptic Sword - Magic Silence	C	weapon	rhand	SWORD	0	P.Atk 125 M.Atk 111	Exchange at weapon sa 01: Ecliptic Sword x1 [drop: L53 Deadly Ginzu Golem V/craft/exchange], Blue Soul Crystal - Stage 8 x1 [exchange], Gemstone C x555 [shop 6,000], Adena x1,665,000
PIECE	8117	Wizard's Tear - Acumen	B	weapon	rhand	SWORD	0	P.Atk 155 M.Atk 132	Exchange at weapon sa 01: Wizard's Tear x1 [drop: L62 Wisdom of Splendor, L63 Forbidden Path Invader Disciple +11/craft/exchange], Red Soul Crystal - Stage 10 x1 [exchange], Gemstone B x339 [shop 20,000], Adena x3,390,000
PIECE	8118	Wizard's Tear - M. Atk.	B	weapon	rhand	SWORD	0	P.Atk 155 M.Atk 132	Exchange at weapon sa 01: Wizard's Tear x1 [drop: L62 Wisdom of Splendor, L63 Forbidden Path Invader Disciple +11/craft/exchange], Green Soul Crystal - Stage 10 x1 [exchange], Gemstone B x339 [shop 20,000], Adena x3,390,000
PIECE	8119	Wizard's Tear - Conversion	B	weapon	rhand	SWORD	0	P.Atk 155 M.Atk 132	Exchange at weapon sa 01: Wizard's Tear x1 [drop: L62 Wisdom of Splendor, L63 Forbidden Path Invader Disciple +11/craft/exchange], Blue Soul Crystal - Stage 10 x1 [exchange], Gemstone B x339 [shop 20,000], Adena x3,390,000
PIECE	8120	Dwarven Hammer - Health	C	weapon	lrhand	BLUNT	0	P.Atk 190 M.Atk 83	Exchange at weapon sa 01: Dwarven Hammer x1 [craft/exchange], Green Soul Crystal - Stage 8 x1 [exchange], Gemstone C x555 [shop 6,000], Adena x1,665,000
PIECE	8121	Dwarven Hammer - Anger	C	weapon	lrhand	BLUNT	0	P.Atk 190 M.Atk 83	Exchange at weapon sa 01: Dwarven Hammer x1 [craft/exchange], Red Soul Crystal - Stage 8 x1 [exchange], Gemstone C x555 [shop 6,000], Adena x1,665,000
PIECE	8122	Dwarven Hammer - Critical Bleed	C	weapon	lrhand	BLUNT	0	P.Atk 190 M.Atk 83	Exchange at weapon sa 01: Dwarven Hammer x1 [craft/exchange], Blue Soul Crystal - Stage 8 x1 [exchange], Gemstone C x555 [shop 6,000], Adena x1,665,000
PIECE	8123	Karik Horn - Focus	C	weapon	lrhand	BLUNT	0	P.Atk 169 M.Atk 76	Exchange at weapon sa 01: Karik Horn x1 [craft/exchange], Blue Soul Crystal - Stage 7 x1 [exchange], Gemstone C x306 [shop 6,000], Adena x918,000
PIECE	8124	Karik Horn - Haste	C	weapon	lrhand	BLUNT	0	P.Atk 169 M.Atk 76	Exchange at weapon sa 01: Karik Horn x1 [craft/exchange], Green Soul Crystal - Stage 7 x1 [exchange], Gemstone C x306 [shop 6,000], Adena x918,000
PIECE	8125	Karik Horn - Critical Drain	C	weapon	lrhand	BLUNT	0	P.Atk 169 M.Atk 76	Exchange at weapon sa 01: Karik Horn x1 [craft/exchange], Red Soul Crystal - Stage 7 x1 [exchange], Gemstone C x306 [shop 6,000], Adena x918,000
PIECE	8126	Destroyer Hammer - Health	A	weapon	lrhand	BLUNT	0	P.Atk 259 M.Atk 107	Exchange at mammblack 2b: Destroyer Hammer x1 [drop: L69 Alpen Cougar, L69 Splinter Stakato Drone +14/craft/exchange], Red Soul Crystal - Stage 11 x1 [exchange], Gemstone A x157 [shop 60,000/exchange]
PIECE	8127	Destroyer Hammer - Haste	A	weapon	lrhand	BLUNT	0	P.Atk 259 M.Atk 107	Exchange at mammblack 2b: Destroyer Hammer x1 [drop: L69 Alpen Cougar, L69 Splinter Stakato Drone +14/craft/exchange], Green Soul Crystal - Stage 11 x1 [exchange], Gemstone A x157 [shop 60,000/exchange]
PIECE	8128	Destroyer Hammer - Critical Drain	A	weapon	lrhand	BLUNT	0	P.Atk 259 M.Atk 107	Exchange at mammblack 2b: Destroyer Hammer x1 [drop: L69 Alpen Cougar, L69 Splinter Stakato Drone +14/craft/exchange], Blue Soul Crystal - Stage 11 x1 [exchange], Gemstone A x157 [shop 60,000/exchange]
PIECE	8129	Ice Storm Hammer - Focus	B	weapon	lrhand	BLUNT	0	P.Atk 213 M.Atk 91	Exchange at weapon sa 01: Ice Storm Hammer x1 [drop: L53 Dark Shaman Varangka, L57 Ice Tarantula +1/craft/exchange], Red Soul Crystal - Stage 9 x1 [exchange], Gemstone B x222 [shop 20,000], Adena x2,220,000
PIECE	8130	Ice Storm Hammer - Anger	B	weapon	lrhand	BLUNT	0	P.Atk 213 M.Atk 91	Exchange at weapon sa 01: Ice Storm Hammer x1 [drop: L53 Dark Shaman Varangka, L57 Ice Tarantula +1/craft/exchange], Green Soul Crystal - Stage 9 x1 [exchange], Gemstone B x222 [shop 20,000], Adena x2,220,000
PIECE	8131	Ice Storm Hammer - Critical Bleed	B	weapon	lrhand	BLUNT	0	P.Atk 213 M.Atk 91	Exchange at weapon sa 01: Ice Storm Hammer x1 [drop: L53 Dark Shaman Varangka, L57 Ice Tarantula +1/craft/exchange], Blue Soul Crystal - Stage 9 x1 [exchange], Gemstone B x222 [shop 20,000], Adena x2,220,000
PIECE	8132	Star Buster - Health	B	weapon	lrhand	BLUNT	0	P.Atk 236 M.Atk 99	Exchange at weapon sa 01: Star Buster x1 [drop: L60 Ice Fairy Sirra, L65 Alpen Kookaburra/craft/exchange], Red Soul Crystal - Stage 10 x1 [exchange], Gemstone B x339 [shop 20,000], Adena x3,390,000
PIECE	8133	Star Buster - Haste	B	weapon	lrhand	BLUNT	0	P.Atk 236 M.Atk 99	Exchange at weapon sa 01: Star Buster x1 [drop: L60 Ice Fairy Sirra, L65 Alpen Kookaburra/craft/exchange], Green Soul Crystal - Stage 10 x1 [exchange], Gemstone B x339 [shop 20,000], Adena x3,390,000
PIECE	8134	Star Buster - Rsk. Focus	B	weapon	lrhand	BLUNT	0	P.Atk 236 M.Atk 99	Exchange at weapon sa 01: Star Buster x1 [drop: L60 Ice Fairy Sirra, L65 Alpen Kookaburra/craft/exchange], Blue Soul Crystal - Stage 10 x1 [exchange], Gemstone B x339 [shop 20,000], Adena x3,390,000
PIECE	8135	Doom Crusher - Health	A	weapon	lrhand	BLUNT	0	P.Atk 282 M.Atk 114	Exchange at mammblack 2b: Doom Crusher x1 [drop: L79 Grazing Buffalo, L79 Tepra Scarab +9/craft/exchange], Red Soul Crystal - Stage 12 x1 [exchange], Gemstone A x157 [shop 60,000/exchange]
PIECE	8136	Doom Crusher - Anger	A	weapon	lrhand	BLUNT	0	P.Atk 282 M.Atk 114	Exchange at mammblack 2b: Doom Crusher x1 [drop: L79 Grazing Buffalo, L79 Tepra Scarab +9/craft/exchange], Green Soul Crystal - Stage 12 x1 [exchange], Gemstone A x157 [shop 60,000/exchange]
PIECE	8137	Doom Crusher - Rsk. Haste	A	weapon	lrhand	BLUNT	0	P.Atk 282 M.Atk 114	Exchange at mammblack 2b: Doom Crusher x1 [drop: L79 Grazing Buffalo, L79 Tepra Scarab +9/craft/exchange], Blue Soul Crystal - Stage 12 x1 [exchange], Gemstone A x157 [shop 60,000/exchange]
PIECE	8138	Ecliptic Axe - Conversion	C	weapon	rhand	BLUNT	0	P.Atk 125 M.Atk 111	Exchange at weapon sa 01: Ecliptic Axe x1 [craft/exchange], Red Soul Crystal - Stage 8 x1 [exchange], Gemstone C x555 [shop 6,000], Adena x1,665,000
PIECE	8139	Ecliptic Axe - M. Atk.	C	weapon	rhand	BLUNT	0	P.Atk 125 M.Atk 111	Exchange at weapon sa 01: Ecliptic Axe x1 [craft/exchange], Green Soul Crystal - Stage 8 x1 [exchange], Gemstone C x555 [shop 6,000], Adena x1,665,000
PIECE	8140	Ecliptic Axe - Magic Hold	C	weapon	rhand	BLUNT	0	P.Atk 125 M.Atk 111	Exchange at weapon sa 01: Ecliptic Axe x1 [craft/exchange], Blue Soul Crystal - Stage 8 x1 [exchange], Gemstone C x555 [shop 6,000], Adena x1,665,000
PIECE	8141	Spell Breaker - Acumen	B	weapon	rhand	BLUNT	0	P.Atk 140 M.Atk 122	Exchange at weapon sa 01: Spell Breaker x1 [drop: L53 Dark Shaman Varangka, L57 Ice Tarantula +1/craft/exchange], Red Soul Crystal - Stage 9 x1 [exchange], Gemstone B x222 [shop 20,000], Adena x2,220,000
PIECE	8142	Spell Breaker - Mental Shield	B	weapon	rhand	BLUNT	0	P.Atk 140 M.Atk 122	Exchange at weapon sa 01: Spell Breaker x1 [drop: L53 Dark Shaman Varangka, L57 Ice Tarantula +1/craft/exchange], Green Soul Crystal - Stage 9 x1 [exchange], Gemstone B x222 [shop 20,000], Adena x2,220,000
PIECE	8143	Spell Breaker - Magic Hold	B	weapon	rhand	BLUNT	0	P.Atk 140 M.Atk 122	Exchange at weapon sa 01: Spell Breaker x1 [drop: L53 Dark Shaman Varangka, L57 Ice Tarantula +1/craft/exchange], Blue Soul Crystal - Stage 9 x1 [exchange], Gemstone B x222 [shop 20,000], Adena x2,220,000
PIECE	8144	Kaim Vanul's Bones - Mana Up	B	weapon	rhand	BLUNT	0	P.Atk 155 M.Atk 132	Exchange at weapon sa 01: Kaim Vanul's Bones x1 [drop: L60 Ice Fairy Sirra, L65 Alpen Kookaburra/craft/exchange], Red Soul Crystal - Stage 10 x1 [exchange], Gemstone B x339 [shop 20,000], Adena x3,390,000
PIECE	8145	Kaim Vanul's Bones - Magic Silence	B	weapon	rhand	BLUNT	0	P.Atk 155 M.Atk 132	Exchange at weapon sa 01: Kaim Vanul's Bones x1 [drop: L60 Ice Fairy Sirra, L65 Alpen Kookaburra/craft/exchange], Green Soul Crystal - Stage 10 x1 [exchange], Gemstone B x339 [shop 20,000], Adena x3,390,000
PIECE	8146	Kaim Vanul's Bones - Conversion	B	weapon	rhand	BLUNT	0	P.Atk 155 M.Atk 132	Exchange at weapon sa 01: Kaim Vanul's Bones x1 [drop: L60 Ice Fairy Sirra, L65 Alpen Kookaburra/craft/exchange], Blue Soul Crystal - Stage 10 x1 [exchange], Gemstone B x339 [shop 20,000], Adena x3,390,000
PIECE	8147	Spiritual Eye - Mana Up	A	weapon	rhand	BLUNT	0	P.Atk 170 M.Atk 143	Exchange at mammblack 2b: Spiritual Eye x1 [drop: L69 Alpen Cougar, L69 Splinter Stakato Drone +16/craft/exchange], Red Soul Crystal - Stage 11 x1 [exchange], Gemstone A x147 [shop 60,000/exchange]
PIECE	8148	Spiritual Eye - Magic Poison	A	weapon	rhand	BLUNT	0	P.Atk 170 M.Atk 143	Exchange at mammblack 2b: Spiritual Eye x1 [drop: L69 Alpen Cougar, L69 Splinter Stakato Drone +16/craft/exchange], Green Soul Crystal - Stage 11 x1 [exchange], Gemstone A x147 [shop 60,000/exchange]
PIECE	8149	Spiritual Eye - Acumen	A	weapon	rhand	BLUNT	0	P.Atk 170 M.Atk 143	Exchange at mammblack 2b: Spiritual Eye x1 [drop: L69 Alpen Cougar, L69 Splinter Stakato Drone +16/craft/exchange], Blue Soul Crystal - Stage 11 x1 [exchange], Gemstone A x147 [shop 60,000/exchange]
PIECE	8150	Flaming Dragon Skull - Acumen	A	weapon	rhand	BLUNT	0	P.Atk 186 M.Atk 152	Exchange at mammblack 2b: Flaming Dragon Skull x1 [drop: L79 Grazing Buffalo, L79 Tepra Scarab +8/craft/exchange], Red Soul Crystal - Stage 12 x1 [exchange], Gemstone A x140 [shop 60,000/exchange]
PIECE	8151	Flaming Dragon Skull - M. Atk.	A	weapon	rhand	BLUNT	0	P.Atk 186 M.Atk 152	Exchange at mammblack 2b: Flaming Dragon Skull x1 [drop: L79 Grazing Buffalo, L79 Tepra Scarab +8/craft/exchange], Green Soul Crystal - Stage 12 x1 [exchange], Gemstone A x140 [shop 60,000/exchange]
PIECE	8152	Flaming Dragon Skull - Magic Silence	A	weapon	rhand	BLUNT	0	P.Atk 186 M.Atk 152	Exchange at mammblack 2b: Flaming Dragon Skull x1 [drop: L79 Grazing Buffalo, L79 Tepra Scarab +8/craft/exchange], Blue Soul Crystal - Stage 12 x1 [exchange], Gemstone A x140 [shop 60,000/exchange]
PIECE	8180	Circlet of Ice Fairy Sirra	NG	armor	hair	?	0	P.Def 0 M.Def 0	Drop: L60 Ice Fairy Sirra
PIECE	8184	Party Hat	NG	armor	hairall	?	0	P.Def 0 M.Def 0	Shop: 4,000,000 adena || Craft (lvl 6, 70%): Recipe: Party Hat (70%) x1 [?], Party Hat Fabric x20 [?], Fish Gem x300 [shop 1,000], Shiny Fish Gem x150 [shop 2,000], Red Colored Fish Scale x450 [?], Orange Colored Fish Scale x400 [?], Blue Colored Fish Scale x350 [?] || Craft (lvl 6, 100%): Recipe: Party Hat (100%) x1 [?], Party Hat Fabric x20 [?], Fish Gem x400 [shop 1,000], Shiny Fish Gem x200 [shop 2,000], Red Colored Fish Scale x700 [?], Orange Colored Fish Scale x660 [?], Blue Colored Fish Scale x600 [?]
PIECE	8185	Feathered Hat	NG	armor	hairall	?	0	P.Def 0 M.Def 0	Shop: 4,000,000 adena || Craft (lvl 6, 70%): Recipe: Feathered Hat (70%) x1 [?], Feathered Hat Fabric x20 [?], Fish Gem x300 [shop 1,000], Shiny Fish Gem x150 [shop 2,000], Black Colored Fish Scale x430 [?], Yellow Colored Fish Scale x400 [?], Jade Colored Fish Scale x365 [?] || Craft (lvl 6, 100%): Recipe: Feathered Hat (100%) x1 [?], Feathered Hat Fabric x20 [?], Fish Gem x400 [shop 1,000], Shiny Fish Gem x200 [shop 2,000], Black Colored Fish Scale x680 [?], Yellow Colored Fish Scale x660 [?], Jade Colored Fish Scale x620 [?]
PIECE	8186	Artisan's Goggles	NG	armor	hairall	?	0	P.Def 0 M.Def 0	Shop: 4,000,000 adena || Craft (lvl 6, 70%): Recipe: Artisan's Goggles (70%) x1 [?], Artisan's Goggles Fabric x20 [?], Fish Gem x300 [shop 1,000], Shiny Fish Gem x150 [shop 2,000], White Colored Fish Scale x430 [?], Purple Colored Fish Scale x400 [?], Green Colored Fish Scale x360 [?] || Craft (lvl 6, 100%): Recipe: Artisan's Goggles (100%) x1 [?], Artisan's Goggles Fabric x20 [?], Fish Gem x400 [shop 1,000], Shiny Fish Gem x200 [shop 2,000], White Colored Fish Scale x680 [?], Purple Colored Fish Scale x660 [?], Green Colored Fish Scale x600 [?]
PIECE	8187	Demon Horns	NG	armor	hair	?	0	P.Def 0 M.Def 0	Shop: 4,000,000 adena || Craft (lvl 4, 100%): Recipe: Red Horn of Victory (100%) x1 [?], Red Horn of Victory Fragment x20 [?], Fish Gem x300 [shop 1,000], Shiny Fish Gem x150 [shop 2,000]
PIECE	8188	Little Angel Wings	NG	armor	hair	?	0	P.Def 0 M.Def 0	Shop: 1,000,000 adena || Craft (lvl 4, 100%): Recipe: Little Angel Wings (100%) x1 [?], Little Angel Wings Piece x20 [?], Fish Gem x300 [shop 1,000], Shiny Fish Gem x150 [shop 2,000]
PIECE	8189	Fairy Antennae	NG	armor	hair	?	0	P.Def 0 M.Def 0	Shop: 1,000,000 adena || Craft (lvl 4, 100%): Recipe: Fairy Antennae (100%) x1 [?], Fairy Antennae Piece x20 [?], Fish Gem x300 [shop 1,000], Shiny Fish Gem x150 [shop 2,000]
PIECE	8191	Necklace of Frintezza	A	jewel	Necklace	-	0	M.Def 95 MP 42	Drop: L85 Scarlet van Halisha
PIECE	8560	Teddy Bear Hat	NG	armor	hairall	?	0	P.Def 0 M.Def 0	Shop: 4,000,000 adena
PIECE	8561	Piggy Hat	NG	armor	hairall	?	0	P.Def 0 M.Def 0	Shop: 4,000,000 adena
PIECE	8562	Jester Hat	NG	armor	hairall	?	0	P.Def 0 M.Def 0	Shop: 4,000,000 adena
PIECE	8563	Wizard Hat	NG	armor	hairall	?	0	P.Def 0 M.Def 0	Shop: 4,000,000 adena
PIECE	8564	Dapper Cap	NG	armor	hairall	?	0	P.Def 0 M.Def 0	Shop: 4,000,000 adena
PIECE	8565	Romantic Chapeau	NG	armor	hairall	?	0	P.Def 0 M.Def 0	Shop: 4,000,000 adena
PIECE	8678	Sirra's Blade	A	weapon	rhand	SWORD	0	P.Atk 251 M.Atk 121	Exchange at mammblack 1: Sirra's Blade - Haste x1 [exchange] || Exchange at mammblack 1: Sirra's Blade - Health x1 [exchange] || Exchange at mammblack 1: Sirra's Blade - Critical Poison x1 [exchange] || Craft (lvl 8, 60%): Recipe: Sirra's Blade (60%) x1 [shop 1,412,000/exchange], Sirra's Blade Edge x15 [shop 164,800/quest], Craftsman Mold x3 [shop 1,420,000/craft/quest], Durable Metal Plate x102 [shop 30,000/drop: L27 Grave Robber Lookout, L27 Kuran Kobold +126/craft/exchange/quest], Mithril Alloy x204 [shop 26,200/craft/exchange/quest], Synthetic Cokes x204 [shop 13,200/craft/exchange/quest], Enria x102 [shop 24,000/drop: L45 Dimension Invader Berserker, L45 Dimension Invader Magus +211/exchange/quest], Crystal: A-Grade x254 [shop 30,000/exchange], Gemstone A x100 [shop 60,000/exchange] || Craft (lvl 8, 100%): Recipe: Sirra's Blade (100%) x1 [shop 1,412,000], Sirra's Blade Edge x15 [shop 164,800/quest], Craftsman Mold x4 [shop 1,420,000/craft/quest], Durable Metal Plate x210 [shop 30,000/drop: L27 Grave Robber Lookout, L27 Kuran Kobold +126/craft/exchange/quest], Mithril Alloy x420 [shop 26,200/craft/exchange/quest], Synthetic Cokes x420 [shop 13,200/craft/exchange/quest], Enria x210 [shop 24,000/drop: L45 Dimension Invader Berserker, L45 Dimension Invader Magus +211/exchange/quest], Crystal: A-Grade x480 [shop 30,000/exchange], Gemstone A x100 [shop 60,000/exchange]
PIECE	8679	Sword of Ipos	A	weapon	lrhand	SWORD	0	P.Atk 305 M.Atk 121	Exchange at mammblack 1: Sword of Ipos - Focus x1 [exchange] || Exchange at mammblack 1: Sword of Ipos - Haste x1 [exchange] || Exchange at mammblack 1: Sword of Ipos - Health x1 [exchange] || Craft (lvl 8, 60%): Recipe: Sword of Ipos (60%) x1 [shop 1,412,000/exchange], Sword of Ipos Blade x15 [shop 164,800/quest], Craftsman Mold x3 [shop 1,420,000/craft/quest], Mithril Alloy x226 [shop 26,200/craft/exchange/quest], Durable Metal Plate x113 [shop 30,000/drop: L27 Grave Robber Lookout, L27 Kuran Kobold +126/craft/exchange/quest], Synthetic Cokes x113 [shop 13,200/craft/exchange/quest], Enria x113 [shop 24,000/drop: L45 Dimension Invader Berserker, L45 Dimension Invader Magus +211/exchange/quest], Crystal: A-Grade x254 [shop 30,000/exchange], Gemstone A x100 [shop 60,000/exchange] || Craft (lvl 8, 100%): Recipe: Sword of Ipos (100%) x1 [shop 1,412,000], Sword of Ipos Blade x15 [shop 164,800/quest], Craftsman Mold x4 [shop 1,420,000/craft/quest], Mithril Alloy x468 [shop 26,200/craft/exchange/quest], Durable Metal Plate x234 [shop 30,000/drop: L27 Grave Robber Lookout, L27 Kuran Kobold +126/craft/exchange/quest], Synthetic Cokes x234 [shop 13,200/craft/exchange/quest], Enria x234 [shop 24,000/drop: L45 Dimension Invader Berserker, L45 Dimension Invader Magus +211/exchange/quest], Crystal: A-Grade x480 [shop 30,000/exchange], Gemstone A x100 [shop 60,000/exchange]
PIECE	8680	Barakiel's Axe	A	weapon	rhand	BLUNT	0	P.Atk 251 M.Atk 121	Exchange at mammblack 1: Barakiel's Axe - Health x1 [exchange] || Exchange at mammblack 1: Barakiel's Axe - Haste x1 [exchange] || Exchange at mammblack 1: Barakiel's Axe - Focus x1 [exchange] || Craft (lvl 8, 60%): Recipe: Barakiel's Axe (60%) x1 [shop 1,412,000/exchange], Barakiel's Axe Piece x15 [shop 164,800/quest], Maestro Holder x3 [shop 822,000/craft], Mithril Alloy x136 [shop 26,200/craft/exchange/quest], Durable Metal Plate x272 [shop 30,000/drop: L27 Grave Robber Lookout, L27 Kuran Kobold +126/craft/exchange/quest], Synthetic Cokes x136 [shop 13,200/craft/exchange/quest], High Grade Suede x68 [shop 4,800/drop: L27 Grave Robber Lookout, L27 Ol Mahum Raider +105/craft/exchange/quest], Enria x68 [shop 24,000/drop: L45 Dimension Invader Berserker, L45 Dimension Invader Magus +211/exchange/quest], Crystal: A-Grade x254 [shop 30,000/exchange], Gemstone A x100 [shop 60,000/exchange] || Craft (lvl 8, 100%): Recipe: Barakiel's Axe (100%) x1 [shop 1,412,000], Barakiel's Axe Piece x15 [shop 164,800/quest], Warsmith's Holder x2 [shop 1,768,000/craft/exchange], Mithril Alloy x264 [shop 26,200/craft/exchange/quest], Durable Metal Plate x528 [shop 30,000/drop: L27 Grave Robber Lookout, L27 Kuran Kobold +126/craft/exchange/quest], Synthetic Cokes x264 [shop 13,200/craft/exchange/quest], High Grade Suede x132 [shop 4,800/drop: L27 Grave Robber Lookout, L27 Ol Mahum Raider +105/craft/exchange/quest], Enria x132 [shop 24,000/drop: L45 Dimension Invader Berserker, L45 Dimension Invader Magus +211/exchange/quest], Crystal: A-Grade x480 [shop 30,000/exchange], Gemstone A x100 [shop 60,000/exchange]
PIECE	8681	Behemoth's Tuning Fork	A	weapon	lrhand	BLUNT	0	P.Atk 305 M.Atk 121	Exchange at mammblack 1: Behemoth's Tuning Fork - Focus x1 [exchange] || Exchange at mammblack 1: Behemoth's Tuning Fork - Health x1 [exchange] || Exchange at mammblack 1: Behemoth's Tuning Fork - Anger x1 [exchange] || Craft (lvl 8, 60%): Recipe: Behemoth's Tuning Fork (60%) x1 [shop 1,412,000/exchange], Behemoth's Tuning Fork Piece x15 [shop 164,800/quest], Maestro Holder x4 [shop 822,000/craft], Mithril Alloy x208 [shop 26,200/craft/exchange/quest], Durable Metal Plate x208 [shop 30,000/drop: L27 Grave Robber Lookout, L27 Kuran Kobold +126/craft/exchange/quest], Synthetic Cokes x104 [shop 13,200/craft/exchange/quest], High Grade Suede x52 [shop 4,800/drop: L27 Grave Robber Lookout, L27 Ol Mahum Raider +105/craft/exchange/quest], Enria x52 [shop 24,000/drop: L45 Dimension Invader Berserker, L45 Dimension Invader Magus +211/exchange/quest], Crystal: A-Grade x254 [shop 30,000/exchange], Gemstone A x100 [shop 60,000/exchange] || Craft (lvl 8, 100%): Recipe: Behemoth's Tuning Fork (100%) x1 [shop 1,412,000], Behemoth's Tuning Fork Piece x15 [shop 164,800/quest], Warsmith's Holder x3 [shop 1,768,000/craft/exchange], Mithril Alloy x404 [shop 26,200/craft/exchange/quest], Durable Metal Plate x404 [shop 30,000/drop: L27 Grave Robber Lookout, L27 Kuran Kobold +126/craft/exchange/quest], Synthetic Cokes x202 [shop 13,200/craft/exchange/quest], High Grade Suede x101 [shop 4,800/drop: L27 Grave Robber Lookout, L27 Ol Mahum Raider +105/craft/exchange/quest], Enria x101 [shop 24,000/drop: L45 Dimension Invader Berserker, L45 Dimension Invader Magus +211/exchange/quest], Crystal: A-Grade x480 [shop 30,000/exchange], Gemstone A x100 [shop 60,000/exchange]
PIECE	8682	Naga Storm	A	weapon	rhand	DAGGER	0	P.Atk 220 M.Atk 121	Exchange at mammblack 1: Naga Storm - Focus x1 [exchange] || Exchange at mammblack 1: Naga Storm - Critical Damage x1 [exchange] || Exchange at mammblack 1: Naga Storm - Back Blow x1 [exchange] || Craft (lvl 8, 60%): Recipe: Naga Storm (60%) x1 [shop 1,412,000/exchange], Naga Storm Piece x15 [shop 164,800/quest], Craftsman Mold x3 [shop 1,420,000/craft/quest], Durable Metal Plate x102 [shop 30,000/drop: L27 Grave Robber Lookout, L27 Kuran Kobold +126/craft/exchange/quest], Mithril Alloy x204 [shop 26,200/craft/exchange/quest], Synthetic Cokes x204 [shop 13,200/craft/exchange/quest], Enria x102 [shop 24,000/drop: L45 Dimension Invader Berserker, L45 Dimension Invader Magus +211/exchange/quest], Crystal: A-Grade x254 [shop 30,000/exchange], Gemstone A x100 [shop 60,000/exchange] || Craft (lvl 8, 100%): Recipe: Naga Storm (100%) x1 [shop 1,412,000], Naga Storm Piece x15 [shop 164,800/quest], Craftsman Mold x4 [shop 1,420,000/craft/quest], Durable Metal Plate x210 [shop 30,000/drop: L27 Grave Robber Lookout, L27 Kuran Kobold +126/craft/exchange/quest], Mithril Alloy x420 [shop 26,200/craft/exchange/quest], Synthetic Cokes x420 [shop 13,200/craft/exchange/quest], Enria x210 [shop 24,000/drop: L45 Dimension Invader Berserker, L45 Dimension Invader Magus +211/exchange/quest], Crystal: A-Grade x480 [shop 30,000/exchange], Gemstone A x100 [shop 60,000/exchange]
PIECE	8683	Tiphon's Spear	A	weapon	lrhand	POLE	0	P.Atk 251 M.Atk 121	Exchange at mammblack 1: Tiphon's Spear - Critical Stun x1 [exchange] || Exchange at mammblack 1: Tiphon's Spear - Towering Blow x1 [exchange] || Exchange at mammblack 1: Tiphon's Spear - Wild Blow x1 [exchange] || Craft (lvl 8, 60%): Recipe: Tiphon's Spear (60%) x1 [shop 1,412,000/exchange], Tiphon's Spear Edge x15 [shop 164,800/quest], Maestro Holder x4 [shop 822,000/craft], Mithril Alloy x208 [shop 26,200/craft/exchange/quest], Durable Metal Plate x208 [shop 30,000/drop: L27 Grave Robber Lookout, L27 Kuran Kobold +126/craft/exchange/quest], Synthetic Cokes x104 [shop 13,200/craft/exchange/quest], High Grade Suede x52 [shop 4,800/drop: L27 Grave Robber Lookout, L27 Ol Mahum Raider +105/craft/exchange/quest], Enria x52 [shop 24,000/drop: L45 Dimension Invader Berserker, L45 Dimension Invader Magus +211/exchange/quest], Crystal: A-Grade x254 [shop 30,000/exchange], Gemstone A x100 [shop 60,000/exchange] || Craft (lvl 8, 100%): Recipe: Tiphon's Spear (100%) x1 [shop 1,412,000], Tiphon's Spear Edge x15 [shop 164,800/quest], Warsmith's Holder x3 [shop 1,768,000/craft/exchange], Mithril Alloy x404 [shop 26,200/craft/exchange/quest], Durable Metal Plate x404 [shop 30,000/drop: L27 Grave Robber Lookout, L27 Kuran Kobold +126/craft/exchange/quest], Synthetic Cokes x202 [shop 13,200/craft/exchange/quest], High Grade Suede x101 [shop 4,800/drop: L27 Grave Robber Lookout, L27 Ol Mahum Raider +105/craft/exchange/quest], Enria x101 [shop 24,000/drop: L45 Dimension Invader Berserker, L45 Dimension Invader Magus +211/exchange/quest], Crystal: A-Grade x480 [shop 30,000/exchange], Gemstone A x100 [shop 60,000/exchange]
PIECE	8684	Shyeed's Bow	A	weapon	lrhand	BOW	0	P.Atk 570 M.Atk 133	Exchange at mammblack 1: Shyeed's Bow - Cheap Shot x1 [exchange] || Exchange at mammblack 1: Shyeed's Bow - Focus x1 [exchange] || Exchange at mammblack 1: Shyeed's Bow - Quick Recovery x1 [exchange] || Craft (lvl 8, 60%): Recipe: Shyeed's Bow (60%) x1 [shop 1,412,000/exchange], Shyeed's Bow Shaft x15 [shop 164,800/quest], Maestro Holder x3 [shop 822,000/craft], Mithril Alloy x340 [shop 26,200/craft/exchange/quest], Durable Metal Plate x136 [shop 30,000/drop: L27 Grave Robber Lookout, L27 Kuran Kobold +126/craft/exchange/quest], High Grade Suede x68 [shop 4,800/drop: L27 Grave Robber Lookout, L27 Ol Mahum Raider +105/craft/exchange/quest], Compound Braid x68 [shop 6,000/drop: L27 Gigant Overseer, L27 Grave Robber Scout +145/craft/exchange/quest], Enria x68 [shop 24,000/drop: L45 Dimension Invader Berserker, L45 Dimension Invader Magus +211/exchange/quest], Crystal: A-Grade x254 [shop 30,000/exchange], Gemstone A x100 [shop 60,000/exchange] || Craft (lvl 8, 100%): Recipe: Shyeed's Bow (100%) x1 [shop 1,412,000], Shyeed's Bow Shaft x15 [shop 164,800/quest], Warsmith's Holder x2 [shop 1,768,000/craft/exchange], Mithril Alloy x665 [shop 26,200/craft/exchange/quest], Durable Metal Plate x266 [shop 30,000/drop: L27 Grave Robber Lookout, L27 Kuran Kobold +126/craft/exchange/quest], High Grade Suede x133 [shop 4,800/drop: L27 Grave Robber Lookout, L27 Ol Mahum Raider +105/craft/exchange/quest], Compound Braid x133 [shop 6,000/drop: L27 Gigant Overseer, L27 Grave Robber Scout +145/craft/exchange/quest], Enria x133 [shop 24,000/drop: L45 Dimension Invader Berserker, L45 Dimension Invader Magus +211/exchange/quest], Crystal: A-Grade x480 [shop 30,000/exchange], Gemstone A x100 [shop 60,000/exchange]
PIECE	8685	Sobekk's Hurricane	A	weapon	lrhand	DUALFIST	0	P.Atk 305 M.Atk 121	Exchange at mammblack 1: Sobekk's Hurricane - Rsk. Haste x1 [exchange] || Exchange at mammblack 1: Sobekk's Hurricane - Haste x1 [exchange] || Exchange at mammblack 1: Sobekk's Hurricane - Critical Drain x1 [exchange] || Craft (lvl 8, 60%): Recipe: Sobekk's Hurricane (60%) x1 [shop 1,412,000/exchange], Sobekk's Hurricane Edge x15 [shop 164,800/quest], Maestro Holder x3 [shop 822,000/craft], Mithril Alloy x136 [shop 26,200/craft/exchange/quest], Durable Metal Plate x272 [shop 30,000/drop: L27 Grave Robber Lookout, L27 Kuran Kobold +126/craft/exchange/quest], Synthetic Cokes x136 [shop 13,200/craft/exchange/quest], High Grade Suede x68 [shop 4,800/drop: L27 Grave Robber Lookout, L27 Ol Mahum Raider +105/craft/exchange/quest], Enria x68 [shop 24,000/drop: L45 Dimension Invader Berserker, L45 Dimension Invader Magus +211/exchange/quest], Crystal: A-Grade x254 [shop 30,000/exchange], Gemstone A x100 [shop 60,000/exchange] || Craft (lvl 8, 100%): Recipe: Sobekk's Hurricane (100%) x1 [shop 1,412,000], Sobekk's Hurricane Edge x15 [shop 164,800/quest], Warsmith's Holder x2 [shop 1,768,000/craft/exchange], Mithril Alloy x264 [shop 26,200/craft/exchange/quest], Durable Metal Plate x528 [shop 30,000/drop: L27 Grave Robber Lookout, L27 Kuran Kobold +126/craft/exchange/quest], Synthetic Cokes x264 [shop 13,200/craft/exchange/quest], High Grade Suede x132 [shop 4,800/drop: L27 Grave Robber Lookout, L27 Ol Mahum Raider +105/craft/exchange/quest], Enria x132 [shop 24,000/drop: L45 Dimension Invader Berserker, L45 Dimension Invader Magus +211/exchange/quest], Crystal: A-Grade x480 [shop 30,000/exchange], Gemstone A x100 [shop 60,000/exchange]
PIECE	8686	Themis' Tongue	A	weapon	rhand	SWORD	0	P.Atk 202 M.Atk 161	Exchange at mammblack 1: Themis' Tongue - Mana Up x1 [exchange] || Exchange at mammblack 1: Themis' Tongue - Mental Shield x1 [exchange] || Exchange at mammblack 1: Themis' Tongue - Magic Focus x1 [exchange] || Craft (lvl 8, 60%): Recipe: Themis' Tongue (60%) x1 [shop 1,412,000/exchange], Themis' Tongue Piece x15 [shop 164,800/quest], Craftsman Mold x3 [shop 1,420,000/craft/quest], Durable Metal Plate x102 [shop 30,000/drop: L27 Grave Robber Lookout, L27 Kuran Kobold +126/craft/exchange/quest], Mithril Alloy x204 [shop 26,200/craft/exchange/quest], Synthetic Cokes x204 [shop 13,200/craft/exchange/quest], Enria x102 [shop 24,000/drop: L45 Dimension Invader Berserker, L45 Dimension Invader Magus +211/exchange/quest], Crystal: A-Grade x254 [shop 30,000/exchange], Gemstone A x100 [shop 60,000/exchange] || Craft (lvl 8, 100%): Recipe: Themis' Tongue (100%) x1 [shop 1,412,000], Themis' Tongue Piece x15 [shop 164,800/quest], Craftsman Mold x4 [shop 1,420,000/craft/quest], Durable Metal Plate x210 [shop 30,000/drop: L27 Grave Robber Lookout, L27 Kuran Kobold +126/craft/exchange/quest], Mithril Alloy x420 [shop 26,200/craft/exchange/quest], Synthetic Cokes x420 [shop 13,200/craft/exchange/quest], Enria x210 [shop 24,000/drop: L45 Dimension Invader Berserker, L45 Dimension Invader Magus +211/exchange/quest], Crystal: A-Grade x480 [shop 30,000/exchange], Gemstone A x100 [shop 60,000/exchange]
PIECE	8687	Cabrio's Hand	A	weapon	rhand	BLUNT	0	P.Atk 202 M.Atk 161	Exchange at mammblack 1: Cabrio's Hand - Conversion x1 [exchange] || Exchange at mammblack 1: Cabrio's Hand - Mana Up x1 [exchange] || Exchange at mammblack 1: Cabrio's Hand - Magic Silence x1 [exchange] || Craft (lvl 8, 60%): Recipe: Cabrio's Hand (60%) x1 [shop 1,412,000/exchange], Cabrio's Hand Head x15 [shop 164,800/quest], Maestro Holder x3 [shop 822,000/craft], Oriharukon x106 [shop 49,200/craft/exchange/quest], Durable Metal Plate x212 [shop 30,000/drop: L27 Grave Robber Lookout, L27 Kuran Kobold +126/craft/exchange/quest], Coarse Bone Powder x212 [shop 3,000/drop: L18 Boogle Ratman Leader, L19 Lirein Elder +159/craft/exchange/quest], Compound Braid x106 [shop 6,000/drop: L27 Gigant Overseer, L27 Grave Robber Scout +145/craft/exchange/quest], Enria x106 [shop 24,000/drop: L45 Dimension Invader Berserker, L45 Dimension Invader Magus +211/exchange/quest], Crystal: A-Grade x254 [shop 30,000/exchange], Gemstone A x100 [shop 60,000/exchange] || Craft (lvl 8, 100%): Recipe: Cabrio's Hand (100%) x1 [shop 1,412,000], Cabrio's Hand Head x15 [shop 164,800/quest], Warsmith's Holder x2 [shop 1,768,000/craft/exchange], Oriharukon x207 [shop 49,200/craft/exchange/quest], Durable Metal Plate x414 [shop 30,000/drop: L27 Grave Robber Lookout, L27 Kuran Kobold +126/craft/exchange/quest], Coarse Bone Powder x414 [shop 3,000/drop: L18 Boogle Ratman Leader, L19 Lirein Elder +159/craft/exchange/quest], Compound Braid x207 [shop 6,000/drop: L27 Gigant Overseer, L27 Grave Robber Scout +145/craft/exchange/quest], Enria x207 [shop 24,000/drop: L45 Dimension Invader Berserker, L45 Dimension Invader Magus +211/exchange/quest], Crystal: A-Grade x480 [shop 30,000/exchange], Gemstone A x100 [shop 60,000/exchange]
PIECE	8688	Daimon Crystal	A	weapon	lrhand	BLUNT	0	P.Atk 245 M.Atk 161	Exchange at mammblack 1: Daimon Crystal - Mana Up x1 [exchange] || Exchange at mammblack 1: Daimon Crystal - Acumen x1 [exchange] || Exchange at mammblack 1: Daimon Crystal - Mental Shield x1 [exchange] || Craft (lvl 8, 60%): Recipe: Daimon Crystal (60%) x1 [shop 1,412,000/exchange], Daimon Crystal Fragment x15 [shop 164,800/quest], Maestro Holder x3 [shop 822,000/craft], Oriharukon x106 [shop 49,200/craft/exchange/quest], Durable Metal Plate x212 [shop 30,000/drop: L27 Grave Robber Lookout, L27 Kuran Kobold +126/craft/exchange/quest], Coarse Bone Powder x212 [shop 3,000/drop: L18 Boogle Ratman Leader, L19 Lirein Elder +159/craft/exchange/quest], Compound Braid x106 [shop 6,000/drop: L27 Gigant Overseer, L27 Grave Robber Scout +145/craft/exchange/quest], Enria x106 [shop 24,000/drop: L45 Dimension Invader Berserker, L45 Dimension Invader Magus +211/exchange/quest], Crystal: A-Grade x254 [shop 30,000/exchange], Gemstone A x100 [shop 60,000/exchange] || Craft (lvl 8, 100%): Recipe: Daimon Crystal (100%) x1 [shop 1,412,000], Daimon Crystal Fragment x15 [shop 164,800/quest], Warsmith's Holder x2 [shop 1,768,000/craft/exchange], Oriharukon x207 [shop 49,200/craft/exchange/quest], Durable Metal Plate x414 [shop 30,000/drop: L27 Grave Robber Lookout, L27 Kuran Kobold +126/craft/exchange/quest], Coarse Bone Powder x414 [shop 3,000/drop: L18 Boogle Ratman Leader, L19 Lirein Elder +159/craft/exchange/quest], Compound Braid x207 [shop 6,000/drop: L27 Gigant Overseer, L27 Grave Robber Scout +145/craft/exchange/quest], Enria x207 [shop 24,000/drop: L45 Dimension Invader Berserker, L45 Dimension Invader Magus +211/exchange/quest], Crystal: A-Grade x480 [shop 30,000/exchange], Gemstone A x100 [shop 60,000/exchange]
PIECE	8788	Sirra's Blade - Haste	A	weapon	rhand	SWORD	0	P.Atk 251 M.Atk 121	Exchange at mammblack 2b: Sirra's Blade x1 [craft/exchange], Red Soul Crystal - Stage 12 x1 [exchange], Gemstone A x157 [shop 60,000/exchange]
PIECE	8789	Sirra's Blade - Health	A	weapon	rhand	SWORD	0	P.Atk 251 M.Atk 121	Exchange at mammblack 2b: Sirra's Blade x1 [craft/exchange], Green Soul Crystal - Stage 12 x1 [exchange], Gemstone A x157 [shop 60,000/exchange]
PIECE	8790	Sirra's Blade - Critical Poison	A	weapon	rhand	SWORD	0	P.Atk 251 M.Atk 121	Exchange at mammblack 2b: Sirra's Blade x1 [craft/exchange], Blue Soul Crystal - Stage 12 x1 [exchange], Gemstone A x157 [shop 60,000/exchange]
PIECE	8791	Sword of Ipos - Focus	A	weapon	lrhand	SWORD	0	P.Atk 305 M.Atk 121	Exchange at mammblack 2b: Sword of Ipos x1 [craft/exchange], Red Soul Crystal - Stage 12 x1 [exchange], Gemstone A x157 [shop 60,000/exchange]
PIECE	8792	Sword of Ipos - Haste	A	weapon	lrhand	SWORD	0	P.Atk 305 M.Atk 121	Exchange at mammblack 2b: Sword of Ipos x1 [craft/exchange], Green Soul Crystal - Stage 12 x1 [exchange], Gemstone A x157 [shop 60,000/exchange]
PIECE	8793	Sword of Ipos - Health	A	weapon	lrhand	SWORD	0	P.Atk 305 M.Atk 121	Exchange at mammblack 2b: Sword of Ipos x1 [craft/exchange], Blue Soul Crystal - Stage 12 x1 [exchange], Gemstone A x157 [shop 60,000/exchange]
PIECE	8794	Barakiel's Axe - Health	A	weapon	rhand	BLUNT	0	P.Atk 251 M.Atk 121	Exchange at mammblack 2b: Barakiel's Axe x1 [craft/exchange], Red Soul Crystal - Stage 12 x1 [exchange], Gemstone A x157 [shop 60,000/exchange]
PIECE	8795	Barakiel's Axe - Haste	A	weapon	rhand	BLUNT	0	P.Atk 251 M.Atk 121	Exchange at mammblack 2b: Barakiel's Axe x1 [craft/exchange], Green Soul Crystal - Stage 12 x1 [exchange], Gemstone A x157 [shop 60,000/exchange]
PIECE	8796	Barakiel's Axe - Focus	A	weapon	rhand	BLUNT	0	P.Atk 251 M.Atk 121	Exchange at mammblack 2b: Barakiel's Axe x1 [craft/exchange], Blue Soul Crystal - Stage 12 x1 [exchange], Gemstone A x157 [shop 60,000/exchange]
PIECE	8797	Behemoth's Tuning Fork - Focus	A	weapon	lrhand	BLUNT	0	P.Atk 305 M.Atk 121	Exchange at mammblack 2b: Behemoth's Tuning Fork x1 [craft/exchange], Red Soul Crystal - Stage 12 x1 [exchange], Gemstone A x157 [shop 60,000/exchange]
PIECE	8798	Behemoth's Tuning Fork - Health	A	weapon	lrhand	BLUNT	0	P.Atk 305 M.Atk 121	Exchange at mammblack 2b: Behemoth's Tuning Fork x1 [craft/exchange], Green Soul Crystal - Stage 12 x1 [exchange], Gemstone A x157 [shop 60,000/exchange]
PIECE	8799	Behemoth's Tuning Fork - Anger	A	weapon	lrhand	BLUNT	0	P.Atk 305 M.Atk 121	Exchange at mammblack 2b: Behemoth's Tuning Fork x1 [craft/exchange], Blue Soul Crystal - Stage 12 x1 [exchange], Gemstone A x157 [shop 60,000/exchange]
PIECE	8800	Naga Storm - Focus	A	weapon	rhand	DAGGER	0	P.Atk 220 M.Atk 121	Exchange at mammblack 2b: Naga Storm x1 [craft/exchange], Red Soul Crystal - Stage 12 x1 [exchange], Gemstone A x157 [shop 60,000/exchange]
PIECE	8801	Naga Storm - Critical Damage	A	weapon	rhand	DAGGER	0	P.Atk 220 M.Atk 121	Exchange at mammblack 2b: Naga Storm x1 [craft/exchange], Green Soul Crystal - Stage 12 x1 [exchange], Gemstone A x157 [shop 60,000/exchange]
PIECE	8802	Naga Storm - Back Blow	A	weapon	rhand	DAGGER	0	P.Atk 220 M.Atk 121	Exchange at mammblack 2b: Naga Storm x1 [craft/exchange], Blue Soul Crystal - Stage 12 x1 [exchange], Gemstone A x157 [shop 60,000/exchange]
PIECE	8803	Tiphon's Spear - Critical Stun	A	weapon	lrhand	POLE	0	P.Atk 251 M.Atk 121	Exchange at mammblack 2b: Tiphon's Spear x1 [craft/exchange], Red Soul Crystal - Stage 12 x1 [exchange], Gemstone A x157 [shop 60,000/exchange]
PIECE	8804	Tiphon's Spear - Towering Blow	A	weapon	lrhand	POLE	0	P.Atk 251 M.Atk 121	Exchange at mammblack 2b: Tiphon's Spear x1 [craft/exchange], Green Soul Crystal - Stage 12 x1 [exchange], Gemstone A x157 [shop 60,000/exchange]
PIECE	8805	Tiphon's Spear - Wild Blow	A	weapon	lrhand	POLE	0	P.Atk 251 M.Atk 121	Exchange at mammblack 2b: Tiphon's Spear x1 [craft/exchange], Blue Soul Crystal - Stage 12 x1 [exchange], Gemstone A x157 [shop 60,000/exchange]
PIECE	8806	Shyeed's Bow - Cheap Shot	A	weapon	lrhand	BOW	0	P.Atk 570 M.Atk 133	Exchange at mammblack 2b: Shyeed's Bow x1 [craft/exchange], Red Soul Crystal - Stage 12 x1 [exchange], Gemstone A x157 [shop 60,000/exchange]
PIECE	8807	Shyeed's Bow - Focus	A	weapon	lrhand	BOW	0	P.Atk 570 M.Atk 133	Exchange at mammblack 2b: Shyeed's Bow x1 [craft/exchange], Green Soul Crystal - Stage 12 x1 [exchange], Gemstone A x157 [shop 60,000/exchange]
PIECE	8808	Shyeed's Bow - Quick Recovery	A	weapon	lrhand	BOW	0	P.Atk 570 M.Atk 133	Exchange at mammblack 2b: Shyeed's Bow x1 [craft/exchange], Blue Soul Crystal - Stage 12 x1 [exchange], Gemstone A x157 [shop 60,000/exchange]
PIECE	8809	Sobekk's Hurricane - Rsk. Haste	A	weapon	lrhand	DUALFIST	0	P.Atk 305 M.Atk 121	Exchange at mammblack 2b: Sobekk's Hurricane x1 [craft/exchange], Red Soul Crystal - Stage 12 x1 [exchange], Gemstone A x157 [shop 60,000/exchange]
PIECE	8810	Sobekk's Hurricane - Haste	A	weapon	lrhand	DUALFIST	0	P.Atk 305 M.Atk 121	Exchange at mammblack 2b: Sobekk's Hurricane x1 [craft/exchange], Green Soul Crystal - Stage 12 x1 [exchange], Gemstone A x157 [shop 60,000/exchange]
PIECE	8811	Sobekk's Hurricane - Critical Drain	A	weapon	lrhand	DUALFIST	0	P.Atk 305 M.Atk 121	Exchange at mammblack 2b: Sobekk's Hurricane x1 [craft/exchange], Blue Soul Crystal - Stage 12 x1 [exchange], Gemstone A x157 [shop 60,000/exchange]
PIECE	8812	Themis' Tongue - Mana Up	A	weapon	rhand	SWORD	0	P.Atk 202 M.Atk 161	Exchange at mammblack 2b: Themis' Tongue x1 [craft/exchange], Red Soul Crystal - Stage 12 x1 [exchange], Gemstone A x157 [shop 60,000/exchange]
PIECE	8813	Themis' Tongue - Mental Shield	A	weapon	rhand	SWORD	0	P.Atk 202 M.Atk 161	Exchange at mammblack 2b: Themis' Tongue x1 [craft/exchange], Green Soul Crystal - Stage 12 x1 [exchange], Gemstone A x157 [shop 60,000/exchange]
PIECE	8814	Themis' Tongue - Magic Focus	A	weapon	rhand	SWORD	0	P.Atk 202 M.Atk 161	Exchange at mammblack 2b: Themis' Tongue x1 [craft/exchange], Blue Soul Crystal - Stage 12 x1 [exchange], Gemstone A x157 [shop 60,000/exchange]
PIECE	8815	Cabrio's Hand - Conversion	A	weapon	rhand	BLUNT	0	P.Atk 202 M.Atk 161	Exchange at mammblack 2b: Cabrio's Hand x1 [craft/exchange], Red Soul Crystal - Stage 12 x1 [exchange], Gemstone A x157 [shop 60,000/exchange]
PIECE	8816	Cabrio's Hand - Mana Up	A	weapon	rhand	BLUNT	0	P.Atk 202 M.Atk 161	Exchange at mammblack 2b: Cabrio's Hand x1 [craft/exchange], Green Soul Crystal - Stage 12 x1 [exchange], Gemstone A x157 [shop 60,000/exchange]
PIECE	8817	Cabrio's Hand - Magic Silence	A	weapon	rhand	BLUNT	0	P.Atk 202 M.Atk 161	Exchange at mammblack 2b: Cabrio's Hand x1 [craft/exchange], Blue Soul Crystal - Stage 12 x1 [exchange], Gemstone A x157 [shop 60,000/exchange]
PIECE	8818	Daimon Crystal - Mana Up	A	weapon	lrhand	BLUNT	0	P.Atk 245 M.Atk 161	Exchange at mammblack 2b: Daimon Crystal x1 [craft/exchange], Red Soul Crystal - Stage 12 x1 [exchange], Gemstone A x157 [shop 60,000/exchange]
PIECE	8819	Daimon Crystal - Acumen	A	weapon	lrhand	BLUNT	0	P.Atk 245 M.Atk 161	Exchange at mammblack 2b: Daimon Crystal x1 [craft/exchange], Green Soul Crystal - Stage 12 x1 [exchange], Gemstone A x157 [shop 60,000/exchange]
PIECE	8820	Daimon Crystal - Mental Shield	A	weapon	lrhand	BLUNT	0	P.Atk 245 M.Atk 161	Exchange at mammblack 2b: Daimon Crystal x1 [craft/exchange], Blue Soul Crystal - Stage 12 x1 [exchange], Gemstone A x157 [shop 60,000/exchange]
PIECE	8916	Eye Patch	NG	armor	hair	?	0	P.Def 0 M.Def 0	Exchange (list 103): Noblesse Gate Pass x10,000 [?]
PIECE	8920	Angel Halo	NG	armor	hairall	?	0	P.Def 0 M.Def 0	Drop: L87 Lord of Splendor Anays, L87 Master Anays
PIECE	8921	Demon Circlet	NG	armor	hairall	?	0	P.Def 0 M.Def 0	Drop: L87 High Priestess van Halter
PIECE	8922	Pirate Hat	NG	armor	hairall	?	0	P.Def 0 M.Def 0	Drop: L60 Zaken
PIECE	8938	Damascus * Tallum Blade	A	weapon	lrhand	DUAL	0	P.Atk 305 M.Atk 121	Exchange at mammblack 2b: Tallum Blade x1 [drop: L59 Abyss Brukunt, L59 Demon Kurikups +23/craft/exchange], Sword of Damascus x1 [drop: L58 Anakazel, L62 Wisdom of Splendor +13/craft/exchange], Dualsword Craft Stamp x1 [shop 20,000/exchange], Ancient Adena x3,510,000
