#PBUFF	buffer	role	level	damageMult	pDefMult	mDefMult   (one buffer line, see tools/combat_sim/build_party_buffs.py)
PBUFF	hierophant	tank	1	1.0000	1.0000	1.0000
PBUFF	hierophant	tank	2	1.0000	1.0000	1.0000
PBUFF	hierophant	tank	3	1.0000	1.0000	1.0000
PBUFF	hierophant	tank	4	1.0000	1.0000	1.0000
PBUFF	hierophant	tank	5	1.0000	1.0000	1.0000
PBUFF	hierophant	tank	6	1.0000	1.0000	1.0000
PBUFF	hierophant	tank	7	1.0779	1.0800	1.0000
PBUFF	hierophant	tank	8	1.0779	1.0800	1.0000
PBUFF	hierophant	tank	9	1.0779	1.0800	1.0000
PBUFF	hierophant	tank	10	1.0769	1.0800	1.0000
PBUFF	hierophant	tank	11	1.0769	1.0800	1.0000
PBUFF	hierophant	tank	12	1.0770	1.0800	1.0000
PBUFF	hierophant	tank	13	1.0770	1.0800	1.0000
PBUFF	hierophant	tank	14	1.0770	1.0800	1.0000
PBUFF	hierophant	tank	15	1.0761	1.0800	1.0000
PBUFF	hierophant	tank	16	1.0762	1.0800	1.0000
PBUFF	hierophant	tank	17	1.0762	1.0800	1.0000
PBUFF	hierophant	tank	18	1.0762	1.0800	1.0000
PBUFF	hierophant	tank	19	1.0763	1.0800	1.0000
PBUFF	hierophant	tank	20	1.1151	1.0800	1.0000
PBUFF	hierophant	tank	21	1.1152	1.0800	1.0000
PBUFF	hierophant	tank	22	1.1152	1.0800	1.0000
PBUFF	hierophant	tank	23	1.1153	1.0800	1.0000
PBUFF	hierophant	tank	24	1.1140	1.0800	1.0000
PBUFF	hierophant	tank	25	1.1141	1.1200	1.0000
PBUFF	hierophant	tank	26	1.1141	1.1200	1.0000
PBUFF	hierophant	tank	27	1.1142	1.1200	1.0000
PBUFF	hierophant	tank	28	1.1126	1.1200	1.0000
PBUFF	hierophant	tank	29	1.1127	1.1200	1.0000
PBUFF	hierophant	tank	30	1.1127	1.1200	1.0000
PBUFF	hierophant	tank	31	1.1128	1.1200	1.0000
PBUFF	hierophant	tank	32	1.1109	1.1200	1.0000
PBUFF	hierophant	tank	33	1.1110	1.1200	1.0000
PBUFF	hierophant	tank	34	1.1110	1.1200	1.0000
PBUFF	hierophant	tank	35	1.2211	1.0640	0.9000
PBUFF	hierophant	tank	36	1.2179	1.0640	0.9000
PBUFF	hierophant	tank	37	1.2180	1.0640	0.9000
PBUFF	hierophant	tank	38	1.2181	1.0640	0.9000
PBUFF	hierophant	tank	39	1.2182	1.0640	0.9000
PBUFF	hierophant	tank	40	1.2531	1.0640	0.9000
PBUFF	hierophant	tank	41	1.2532	1.0640	0.9000
PBUFF	hierophant	tank	42	1.2533	1.0640	0.9000
PBUFF	hierophant	tank	43	1.2510	1.0640	0.9000
PBUFF	hierophant	tank	44	1.4388	1.0925	1.1070
PBUFF	hierophant	tank	45	1.4389	1.0925	1.1070
PBUFF	hierophant	tank	46	1.4361	1.0925	1.1070
PBUFF	hierophant	tank	47	1.4362	1.0925	1.1070
PBUFF	hierophant	tank	48	1.4363	1.0925	1.1070
PBUFF	hierophant	tank	49	1.4332	1.0925	1.1070
PBUFF	hierophant	tank	50	1.4334	1.0925	1.1070
PBUFF	hierophant	tank	51	1.4336	1.0925	1.1070
PBUFF	hierophant	tank	52	1.7553	1.0580	1.0920
PBUFF	hierophant	tank	53	1.7554	1.0580	1.0920
PBUFF	hierophant	tank	54	1.7556	1.0580	1.0920
PBUFF	hierophant	tank	55	1.7521	1.0580	1.0920
PBUFF	hierophant	tank	56	1.7523	1.0580	1.0920
PBUFF	hierophant	tank	57	1.7525	1.0580	1.0920
PBUFF	hierophant	tank	58	1.8129	1.1109	1.0920
PBUFF	hierophant	tank	59	1.8132	1.1109	1.0920
PBUFF	hierophant	tank	60	1.8102	1.1109	1.0920
PBUFF	hierophant	tank	61	1.8177	1.1109	1.0920
PBUFF	hierophant	tank	62	1.8152	1.1109	1.0920
PBUFF	hierophant	tank	63	1.8155	1.1109	1.0920
PBUFF	hierophant	tank	64	1.8129	1.1109	1.0920
PBUFF	hierophant	tank	65	1.8132	1.1109	1.0920
PBUFF	hierophant	tank	66	1.8585	1.1638	1.0920
PBUFF	hierophant	tank	67	1.8588	1.1638	1.0920
PBUFF	hierophant	tank	68	1.8560	1.1638	1.0920
PBUFF	hierophant	tank	69	1.8563	1.1638	1.0920
PBUFF	hierophant	tank	70	1.8536	1.1638	1.0920
PBUFF	hierophant	tank	71	1.8539	1.1638	1.0920
PBUFF	hierophant	tank	72	1.8513	1.1638	1.0920
PBUFF	hierophant	tank	73	1.8516	1.1638	1.0920
PBUFF	hierophant	tank	74	1.8957	1.2167	1.0920
PBUFF	hierophant	tank	75	1.8961	1.2167	1.0920
PBUFF	hierophant	tank	76	1.9044	1.2167	1.0920
PBUFF	hierophant	tank	77	1.9047	1.2167	1.0920
PBUFF	hierophant	tank	78	2.4959	1.4600	1.0920
PBUFF	hierophant	tank	79	2.4964	1.4600	1.0920
PBUFF	hierophant	tank	80	2.4969	1.4600	1.0920
PBUFF	hierophant	tank	81	2.4973	1.4600	1.0920
PBUFF	hierophant	tank	82	2.4978	1.4600	1.0920
PBUFF	hierophant	tank	83	2.4983	1.4600	1.0920
PBUFF	hierophant	tank	84	2.4988	1.4600	1.0920
PBUFF	hierophant	tank	85	2.4993	1.4600	1.0920
PBUFF	hierophant	melee	1	1.0000	1.0000	1.0000
PBUFF	hierophant	melee	2	1.0000	1.0000	1.0000
PBUFF	hierophant	melee	3	1.0000	1.0000	1.0000
PBUFF	hierophant	melee	4	1.0000	1.0000	1.0000
PBUFF	hierophant	melee	5	1.0000	1.0000	1.0000
PBUFF	hierophant	melee	6	1.0000	1.0000	1.0000
PBUFF	hierophant	melee	7	1.0779	1.0800	1.0000
PBUFF	hierophant	melee	8	1.0779	1.0800	1.0000
PBUFF	hierophant	melee	9	1.0779	1.0800	1.0000
PBUFF	hierophant	melee	10	1.0769	1.0800	1.0000
PBUFF	hierophant	melee	11	1.0769	1.0800	1.0000
PBUFF	hierophant	melee	12	1.0770	1.0800	1.0000
PBUFF	hierophant	melee	13	1.0770	1.0800	1.0000
PBUFF	hierophant	melee	14	1.0770	1.0800	1.0000
PBUFF	hierophant	melee	15	1.0761	1.0800	1.0000
PBUFF	hierophant	melee	16	1.0762	1.0800	1.0000
PBUFF	hierophant	melee	17	1.0762	1.0800	1.0000
PBUFF	hierophant	melee	18	1.0762	1.0800	1.0000
PBUFF	hierophant	melee	19	1.0763	1.0800	1.0000
PBUFF	hierophant	melee	20	1.1127	1.0800	1.0000
PBUFF	hierophant	melee	21	1.1127	1.0800	1.0000
PBUFF	hierophant	melee	22	1.1128	1.0800	1.0000
PBUFF	hierophant	melee	23	1.1129	1.0800	1.0000
PBUFF	hierophant	melee	24	1.1108	1.0800	1.0000
PBUFF	hierophant	melee	25	1.1108	1.1200	1.0000
PBUFF	hierophant	melee	26	1.1109	1.1200	1.0000
PBUFF	hierophant	melee	27	1.1110	1.1200	1.0000
PBUFF	hierophant	melee	28	1.1086	1.1200	1.0000
PBUFF	hierophant	melee	29	1.1087	1.1200	1.0000
PBUFF	hierophant	melee	30	1.1088	1.1200	1.0000
PBUFF	hierophant	melee	31	1.1089	1.1200	1.0000
PBUFF	hierophant	melee	32	1.1060	1.1200	1.0000
PBUFF	hierophant	melee	33	1.1061	1.1200	1.0000
PBUFF	hierophant	melee	34	1.1062	1.1200	1.0000
PBUFF	hierophant	melee	35	1.2137	1.0640	0.9000
PBUFF	hierophant	melee	36	1.2088	1.0640	0.9000
PBUFF	hierophant	melee	37	1.2090	1.0640	0.9000
PBUFF	hierophant	melee	38	1.2092	1.0640	0.9000
PBUFF	hierophant	melee	39	1.2093	1.0640	0.9000
PBUFF	hierophant	melee	40	1.2475	1.0640	0.9000
PBUFF	hierophant	melee	41	1.2476	1.0640	0.9000
PBUFF	hierophant	melee	42	1.2478	1.0640	0.9000
PBUFF	hierophant	melee	43	1.2446	1.0640	0.9000
PBUFF	hierophant	melee	44	1.4315	1.0925	1.1070
PBUFF	hierophant	melee	45	1.4316	1.0925	1.1070
PBUFF	hierophant	melee	46	1.4277	1.0925	1.1070
PBUFF	hierophant	melee	47	1.4279	1.0925	1.1070
PBUFF	hierophant	melee	48	1.4281	1.0925	1.1070
PBUFF	hierophant	melee	49	1.4241	1.0925	1.1070
PBUFF	hierophant	melee	50	1.4243	1.0925	1.1070
PBUFF	hierophant	melee	51	1.4245	1.0925	1.1070
PBUFF	hierophant	melee	52	1.7391	1.0580	1.0920
PBUFF	hierophant	melee	53	1.7394	1.0580	1.0920
PBUFF	hierophant	melee	54	1.7396	1.0580	1.0920
PBUFF	hierophant	melee	55	1.7343	1.0580	1.0920
PBUFF	hierophant	melee	56	1.7346	1.0580	1.0920
PBUFF	hierophant	melee	57	1.7349	1.0580	1.0920
PBUFF	hierophant	melee	58	1.7895	1.1109	1.0920
PBUFF	hierophant	melee	59	1.7899	1.1109	1.0920
PBUFF	hierophant	melee	60	1.7856	1.1109	1.0920
PBUFF	hierophant	melee	61	1.7965	1.1109	1.0920
PBUFF	hierophant	melee	62	1.7928	1.1109	1.0920
PBUFF	hierophant	melee	63	1.7931	1.1109	1.0920
PBUFF	hierophant	melee	64	1.7894	1.1109	1.0920
PBUFF	hierophant	melee	65	1.7898	1.1109	1.0920
PBUFF	hierophant	melee	66	1.8309	1.1638	1.0920
PBUFF	hierophant	melee	67	1.8313	1.1638	1.0920
PBUFF	hierophant	melee	68	1.8272	1.1638	1.0920
PBUFF	hierophant	melee	69	1.8277	1.1638	1.0920
PBUFF	hierophant	melee	70	1.8237	1.1638	1.0920
PBUFF	hierophant	melee	71	1.8242	1.1638	1.0920
PBUFF	hierophant	melee	72	1.8204	1.1638	1.0920
PBUFF	hierophant	melee	73	1.8208	1.1638	1.0920
PBUFF	hierophant	melee	74	1.8604	1.2167	1.0920
PBUFF	hierophant	melee	75	1.8609	1.2167	1.0920
PBUFF	hierophant	melee	76	1.8728	1.2167	1.0920
PBUFF	hierophant	melee	77	1.8732	1.2167	1.0920
PBUFF	hierophant	melee	78	2.3779	1.4600	1.0920
PBUFF	hierophant	melee	79	2.3788	1.4600	1.0920
PBUFF	hierophant	melee	80	2.3798	1.4600	1.0920
PBUFF	hierophant	melee	81	2.3807	1.4600	1.0920
PBUFF	hierophant	melee	82	2.3816	1.4600	1.0920
PBUFF	hierophant	melee	83	2.3826	1.4600	1.0920
PBUFF	hierophant	melee	84	2.3835	1.4600	1.0920
PBUFF	hierophant	melee	85	2.3844	1.4600	1.0920
PBUFF	hierophant	bow	1	1.0000	1.0000	1.0000
PBUFF	hierophant	bow	2	1.0000	1.0000	1.0000
PBUFF	hierophant	bow	3	1.0000	1.0000	1.0000
PBUFF	hierophant	bow	4	1.0000	1.0000	1.0000
PBUFF	hierophant	bow	5	1.0000	1.0000	1.0000
PBUFF	hierophant	bow	6	1.0000	1.0000	1.0000
PBUFF	hierophant	bow	7	1.0780	1.0800	1.0000
PBUFF	hierophant	bow	8	1.0781	1.0800	1.0000
PBUFF	hierophant	bow	9	1.0781	1.0800	1.0000
PBUFF	hierophant	bow	10	1.0772	1.0800	1.0000
PBUFF	hierophant	bow	11	1.0772	1.0800	1.0000
PBUFF	hierophant	bow	12	1.0772	1.0800	1.0000
PBUFF	hierophant	bow	13	1.0773	1.0800	1.0000
PBUFF	hierophant	bow	14	1.0773	1.0800	1.0000
PBUFF	hierophant	bow	15	1.0765	1.0800	1.0000
PBUFF	hierophant	bow	16	1.0765	1.0800	1.0000
PBUFF	hierophant	bow	17	1.0765	1.0800	1.0000
PBUFF	hierophant	bow	18	1.0766	1.0800	1.0000
PBUFF	hierophant	bow	19	1.0766	1.0800	1.0000
PBUFF	hierophant	bow	20	1.1075	1.0800	1.0000
PBUFF	hierophant	bow	21	1.1076	1.0800	1.0000
PBUFF	hierophant	bow	22	1.1077	1.0800	1.0000
PBUFF	hierophant	bow	23	1.1078	1.0800	1.0000
PBUFF	hierophant	bow	24	1.1042	1.0800	1.0000
PBUFF	hierophant	bow	25	1.1043	1.1200	1.0000
PBUFF	hierophant	bow	26	1.1044	1.1200	1.0000
PBUFF	hierophant	bow	27	1.1046	1.1200	1.0000
PBUFF	hierophant	bow	28	1.1004	1.1200	1.0000
PBUFF	hierophant	bow	29	1.1006	1.1200	1.0000
PBUFF	hierophant	bow	30	1.1007	1.1200	1.0000
PBUFF	hierophant	bow	31	1.1008	1.1200	1.0000
PBUFF	hierophant	bow	32	1.0962	1.1200	1.0000
PBUFF	hierophant	bow	33	1.0964	1.1200	1.0000
PBUFF	hierophant	bow	34	1.0965	1.1200	1.0000
PBUFF	hierophant	bow	35	1.1989	1.0640	0.9000
PBUFF	hierophant	bow	36	1.1911	1.0640	0.9000
PBUFF	hierophant	bow	37	1.1913	1.0640	0.9000
PBUFF	hierophant	bow	38	1.1916	1.0640	0.9000
PBUFF	hierophant	bow	39	1.1918	1.0640	0.9000
PBUFF	hierophant	bow	40	1.2185	1.0640	0.9000
PBUFF	hierophant	bow	41	1.2188	1.0640	0.9000
PBUFF	hierophant	bow	42	1.2191	1.0640	0.9000
PBUFF	hierophant	bow	43	1.2125	1.0640	0.9000
PBUFF	hierophant	bow	44	1.3947	1.0925	1.1070
PBUFF	hierophant	bow	45	1.3951	1.0925	1.1070
PBUFF	hierophant	bow	46	1.3873	1.0925	1.1070
PBUFF	hierophant	bow	47	1.3877	1.0925	1.1070
PBUFF	hierophant	bow	48	1.3881	1.0925	1.1070
PBUFF	hierophant	bow	49	1.3803	1.0925	1.1070
PBUFF	hierophant	bow	50	1.3807	1.0925	1.1070
PBUFF	hierophant	bow	51	1.3811	1.0925	1.1070
PBUFF	hierophant	bow	52	1.6716	1.0580	1.0920
PBUFF	hierophant	bow	53	1.6721	1.0580	1.0920
PBUFF	hierophant	bow	54	1.6727	1.0580	1.0920
PBUFF	hierophant	bow	55	1.6623	1.0580	1.0920
PBUFF	hierophant	bow	56	1.6629	1.0580	1.0920
PBUFF	hierophant	bow	57	1.6634	1.0580	1.0920
PBUFF	hierophant	bow	58	1.6979	1.1109	1.0920
PBUFF	hierophant	bow	59	1.6986	1.1109	1.0920
PBUFF	hierophant	bow	60	1.6911	1.1109	1.0920
PBUFF	hierophant	bow	61	1.7324	1.1109	1.0920
PBUFF	hierophant	bow	62	1.7260	1.1109	1.0920
PBUFF	hierophant	bow	63	1.7266	1.1109	1.0920
PBUFF	hierophant	bow	64	1.7203	1.1109	1.0920
PBUFF	hierophant	bow	65	1.7209	1.1109	1.0920
PBUFF	hierophant	bow	66	1.7505	1.1638	1.0920
PBUFF	hierophant	bow	67	1.7512	1.1638	1.0920
PBUFF	hierophant	bow	68	1.7447	1.1638	1.0920
PBUFF	hierophant	bow	69	1.7453	1.1638	1.0920
PBUFF	hierophant	bow	70	1.7391	1.1638	1.0920
PBUFF	hierophant	bow	71	1.7398	1.1638	1.0920
PBUFF	hierophant	bow	72	1.7339	1.1638	1.0920
PBUFF	hierophant	bow	73	1.7346	1.1638	1.0920
PBUFF	hierophant	bow	74	1.7622	1.2167	1.0920
PBUFF	hierophant	bow	75	1.7630	1.2167	1.0920
PBUFF	hierophant	bow	76	1.7661	1.2167	1.0920
PBUFF	hierophant	bow	77	1.7669	1.2167	1.0920
PBUFF	hierophant	bow	78	2.2231	1.4600	1.0920
PBUFF	hierophant	bow	79	2.2243	1.4600	1.0920
PBUFF	hierophant	bow	80	2.2256	1.4600	1.0920
PBUFF	hierophant	bow	81	2.2268	1.4600	1.0920
PBUFF	hierophant	bow	82	2.2281	1.4600	1.0920
PBUFF	hierophant	bow	83	2.2293	1.4600	1.0920
PBUFF	hierophant	bow	84	2.2305	1.4600	1.0920
PBUFF	hierophant	bow	85	2.2317	1.4600	1.0920
PBUFF	hierophant	mage	1	1.0000	1.0000	1.0000
PBUFF	hierophant	mage	2	1.0000	1.0000	1.0000
PBUFF	hierophant	mage	3	1.0000	1.0000	1.0000
PBUFF	hierophant	mage	4	1.0000	1.0000	1.0000
PBUFF	hierophant	mage	5	1.0000	1.0000	1.0000
PBUFF	hierophant	mage	6	1.0000	1.0000	1.0000
PBUFF	hierophant	mage	7	1.0000	1.0800	1.0000
PBUFF	hierophant	mage	8	1.0000	1.0800	1.0000
PBUFF	hierophant	mage	9	1.0000	1.0800	1.0000
PBUFF	hierophant	mage	10	1.0000	1.0800	1.0000
PBUFF	hierophant	mage	11	1.0000	1.0800	1.0000
PBUFF	hierophant	mage	12	1.0000	1.0800	1.0000
PBUFF	hierophant	mage	13	1.0000	1.0800	1.0000
PBUFF	hierophant	mage	14	1.0000	1.0800	1.0000
PBUFF	hierophant	mage	15	1.0000	1.0800	1.0000
PBUFF	hierophant	mage	16	1.0000	1.0800	1.0000
PBUFF	hierophant	mage	17	1.0000	1.0800	1.0000
PBUFF	hierophant	mage	18	1.0000	1.0800	1.0000
PBUFF	hierophant	mage	19	1.0000	1.0800	1.0000
PBUFF	hierophant	mage	20	1.1500	1.0800	1.0000
PBUFF	hierophant	mage	21	1.1500	1.0800	1.0000
PBUFF	hierophant	mage	22	1.1500	1.0800	1.0000
PBUFF	hierophant	mage	23	1.1500	1.0800	1.0000
PBUFF	hierophant	mage	24	1.1500	1.0800	1.0000
PBUFF	hierophant	mage	25	1.1500	1.1200	1.0000
PBUFF	hierophant	mage	26	1.1500	1.1200	1.0000
PBUFF	hierophant	mage	27	1.1500	1.1200	1.0000
PBUFF	hierophant	mage	28	1.1500	1.1200	1.0000
PBUFF	hierophant	mage	29	1.1500	1.1200	1.0000
PBUFF	hierophant	mage	30	1.1500	1.1200	1.0000
PBUFF	hierophant	mage	31	1.1500	1.1200	1.0000
PBUFF	hierophant	mage	32	1.1500	1.1200	1.0000
PBUFF	hierophant	mage	33	1.1500	1.1200	1.0000
PBUFF	hierophant	mage	34	1.1500	1.1200	1.0000
PBUFF	hierophant	mage	35	1.3494	1.0640	0.9000
PBUFF	hierophant	mage	36	1.3495	1.0640	0.9000
PBUFF	hierophant	mage	37	1.3496	1.0640	0.9000
PBUFF	hierophant	mage	38	1.3496	1.0640	0.9000
PBUFF	hierophant	mage	39	1.3497	1.0640	0.9000
PBUFF	hierophant	mage	40	1.3510	1.0640	0.9000
PBUFF	hierophant	mage	41	1.3510	1.0640	0.9000
PBUFF	hierophant	mage	42	1.3511	1.0640	0.9000
PBUFF	hierophant	mage	43	1.3511	1.0640	0.9000
PBUFF	hierophant	mage	44	1.3504	1.0925	1.1070
PBUFF	hierophant	mage	45	1.3504	1.0925	1.1070
PBUFF	hierophant	mage	46	1.3505	1.0925	1.1070
PBUFF	hierophant	mage	47	1.3505	1.0925	1.1070
PBUFF	hierophant	mage	48	1.4265	1.0925	1.1070
PBUFF	hierophant	mage	49	1.4266	1.0925	1.1070
PBUFF	hierophant	mage	50	1.4267	1.0925	1.1070
PBUFF	hierophant	mage	51	1.4267	1.0925	1.1070
PBUFF	hierophant	mage	52	1.5030	1.0580	1.0920
PBUFF	hierophant	mage	53	1.5031	1.0580	1.0920
PBUFF	hierophant	mage	54	1.5032	1.0580	1.0920
PBUFF	hierophant	mage	55	1.5033	1.0580	1.0920
PBUFF	hierophant	mage	56	1.5018	1.0580	1.0920
PBUFF	hierophant	mage	57	1.5019	1.0580	1.0920
PBUFF	hierophant	mage	58	1.5013	1.1109	1.0920
PBUFF	hierophant	mage	59	1.5014	1.1109	1.0920
PBUFF	hierophant	mage	60	1.5007	1.1109	1.0920
PBUFF	hierophant	mage	61	1.5027	1.1109	1.0920
PBUFF	hierophant	mage	62	1.5021	1.1109	1.0920
PBUFF	hierophant	mage	63	1.5022	1.1109	1.0920
PBUFF	hierophant	mage	64	1.5016	1.1109	1.0920
PBUFF	hierophant	mage	65	1.5018	1.1109	1.0920
PBUFF	hierophant	mage	66	1.5012	1.1638	1.0920
PBUFF	hierophant	mage	67	1.5013	1.1638	1.0920
PBUFF	hierophant	mage	68	1.5008	1.1638	1.0920
PBUFF	hierophant	mage	69	1.5009	1.1638	1.0920
PBUFF	hierophant	mage	70	1.5004	1.1638	1.0920
PBUFF	hierophant	mage	71	1.5005	1.1638	1.0920
PBUFF	hierophant	mage	72	1.5000	1.1638	1.0920
PBUFF	hierophant	mage	73	1.5001	1.1638	1.0920
PBUFF	hierophant	mage	74	1.4997	1.2167	1.0920
PBUFF	hierophant	mage	75	1.4998	1.2167	1.0920
PBUFF	hierophant	mage	76	1.5026	1.2167	1.0920
PBUFF	hierophant	mage	77	1.5027	1.2167	1.0920
PBUFF	hierophant	mage	78	1.5030	1.4600	1.0920
PBUFF	hierophant	mage	79	1.5031	1.4600	1.0920
PBUFF	hierophant	mage	80	1.5032	1.4600	1.0920
PBUFF	hierophant	mage	81	1.5033	1.4600	1.0920
PBUFF	hierophant	mage	82	1.5034	1.4600	1.0920
PBUFF	hierophant	mage	83	1.5035	1.4600	1.0920
PBUFF	hierophant	mage	84	1.5036	1.4600	1.0920
PBUFF	hierophant	mage	85	1.5037	1.4600	1.0920
PBUFF	sword_muse	tank	1	1.0000	1.0000	1.0000
PBUFF	sword_muse	tank	2	1.0000	1.0000	1.0000
PBUFF	sword_muse	tank	3	1.0000	1.0000	1.0000
PBUFF	sword_muse	tank	4	1.0000	1.0000	1.0000
PBUFF	sword_muse	tank	5	1.0000	1.0000	1.0000
PBUFF	sword_muse	tank	6	1.0000	1.0000	1.0000
PBUFF	sword_muse	tank	7	1.0000	1.0000	1.0000
PBUFF	sword_muse	tank	8	1.0000	1.0000	1.0000
PBUFF	sword_muse	tank	9	1.0000	1.0000	1.0000
PBUFF	sword_muse	tank	10	1.0000	1.0000	1.0000
PBUFF	sword_muse	tank	11	1.0000	1.0000	1.0000
PBUFF	sword_muse	tank	12	1.0000	1.0000	1.0000
PBUFF	sword_muse	tank	13	1.0000	1.0000	1.0000
PBUFF	sword_muse	tank	14	1.0000	1.0000	1.0000
PBUFF	sword_muse	tank	15	1.0000	1.0000	1.0000
PBUFF	sword_muse	tank	16	1.0000	1.0000	1.0000
PBUFF	sword_muse	tank	17	1.0000	1.0000	1.0000
PBUFF	sword_muse	tank	18	1.0000	1.0000	1.0000
PBUFF	sword_muse	tank	19	1.0000	1.0000	1.0000
PBUFF	sword_muse	tank	20	1.0000	1.0000	1.0000
PBUFF	sword_muse	tank	21	1.0000	1.0000	1.0000
PBUFF	sword_muse	tank	22	1.0000	1.0000	1.0000
PBUFF	sword_muse	tank	23	1.0000	1.0000	1.0000
PBUFF	sword_muse	tank	24	1.0000	1.0000	1.0000
PBUFF	sword_muse	tank	25	1.0000	1.0000	1.0000
PBUFF	sword_muse	tank	26	1.0000	1.0000	1.0000
PBUFF	sword_muse	tank	27	1.0000	1.0000	1.0000
PBUFF	sword_muse	tank	28	1.0000	1.0000	1.0000
PBUFF	sword_muse	tank	29	1.0000	1.0000	1.0000
PBUFF	sword_muse	tank	30	1.0000	1.0000	1.0000
PBUFF	sword_muse	tank	31	1.0000	1.0000	1.0000
PBUFF	sword_muse	tank	32	1.0000	1.0000	1.0000
PBUFF	sword_muse	tank	33	1.0000	1.0000	1.0000
PBUFF	sword_muse	tank	34	1.0000	1.0000	1.0000
PBUFF	sword_muse	tank	35	1.0000	1.0000	1.0000
PBUFF	sword_muse	tank	36	1.0000	1.0000	1.0000
PBUFF	sword_muse	tank	37	1.0000	1.0000	1.0000
PBUFF	sword_muse	tank	38	1.0000	1.0000	1.0000
PBUFF	sword_muse	tank	39	1.0000	1.0000	1.0000
PBUFF	sword_muse	tank	40	1.0000	1.0000	1.3000
PBUFF	sword_muse	tank	41	1.0000	1.0000	1.3000
PBUFF	sword_muse	tank	42	1.0000	1.0000	1.3000
PBUFF	sword_muse	tank	43	1.0000	1.0000	1.3000
PBUFF	sword_muse	tank	44	1.0000	1.0000	1.3000
PBUFF	sword_muse	tank	45	1.0000	1.0000	1.3000
PBUFF	sword_muse	tank	46	1.0000	1.0000	1.3000
PBUFF	sword_muse	tank	47	1.0000	1.0000	1.3000
PBUFF	sword_muse	tank	48	1.0000	1.0000	1.3000
PBUFF	sword_muse	tank	49	1.0000	1.0000	1.3000
PBUFF	sword_muse	tank	50	1.0000	1.0000	1.3000
PBUFF	sword_muse	tank	51	1.0000	1.0000	1.3000
PBUFF	sword_muse	tank	52	1.0000	1.0000	1.3000
PBUFF	sword_muse	tank	53	1.0000	1.0000	1.3000
PBUFF	sword_muse	tank	54	1.0000	1.0000	1.3000
PBUFF	sword_muse	tank	55	1.0000	1.2500	1.3000
PBUFF	sword_muse	tank	56	1.0000	1.2500	1.3000
PBUFF	sword_muse	tank	57	1.0000	1.2500	1.3000
PBUFF	sword_muse	tank	58	1.0000	1.2500	1.3000
PBUFF	sword_muse	tank	59	1.0000	1.2500	1.3000
PBUFF	sword_muse	tank	60	1.0000	1.2500	1.3000
PBUFF	sword_muse	tank	61	1.0000	1.2500	1.3000
PBUFF	sword_muse	tank	62	1.0000	1.2500	1.3000
PBUFF	sword_muse	tank	63	1.0000	1.2500	1.3000
PBUFF	sword_muse	tank	64	1.0000	1.2500	1.3000
PBUFF	sword_muse	tank	65	1.0000	1.2500	1.3000
PBUFF	sword_muse	tank	66	1.0000	1.2500	1.3000
PBUFF	sword_muse	tank	67	1.0000	1.2500	1.3000
PBUFF	sword_muse	tank	68	1.0000	1.2500	1.3000
PBUFF	sword_muse	tank	69	1.0000	1.2500	1.3000
PBUFF	sword_muse	tank	70	1.0000	1.2500	1.3000
PBUFF	sword_muse	tank	71	1.0000	1.2500	1.3000
PBUFF	sword_muse	tank	72	1.0000	1.2500	1.3000
PBUFF	sword_muse	tank	73	1.0000	1.2500	1.3000
PBUFF	sword_muse	tank	74	1.0000	1.2500	1.3000
PBUFF	sword_muse	tank	75	1.0000	1.2500	1.3000
PBUFF	sword_muse	tank	76	1.0000	1.2500	1.3000
PBUFF	sword_muse	tank	77	1.0000	1.2500	1.3000
PBUFF	sword_muse	tank	78	1.0000	1.2500	1.3000
PBUFF	sword_muse	tank	79	1.0000	1.2500	1.3000
PBUFF	sword_muse	tank	80	1.0000	1.2500	1.3000
PBUFF	sword_muse	tank	81	1.0000	1.2500	1.3000
PBUFF	sword_muse	tank	82	1.0000	1.2500	1.3000
PBUFF	sword_muse	tank	83	1.0000	1.2500	1.3000
PBUFF	sword_muse	tank	84	1.0000	1.2500	1.3000
PBUFF	sword_muse	tank	85	1.0000	1.2500	1.3000
PBUFF	sword_muse	melee	1	1.0000	1.0000	1.0000
PBUFF	sword_muse	melee	2	1.0000	1.0000	1.0000
PBUFF	sword_muse	melee	3	1.0000	1.0000	1.0000
PBUFF	sword_muse	melee	4	1.0000	1.0000	1.0000
PBUFF	sword_muse	melee	5	1.0000	1.0000	1.0000
PBUFF	sword_muse	melee	6	1.0000	1.0000	1.0000
PBUFF	sword_muse	melee	7	1.0000	1.0000	1.0000
PBUFF	sword_muse	melee	8	1.0000	1.0000	1.0000
PBUFF	sword_muse	melee	9	1.0000	1.0000	1.0000
PBUFF	sword_muse	melee	10	1.0000	1.0000	1.0000
PBUFF	sword_muse	melee	11	1.0000	1.0000	1.0000
PBUFF	sword_muse	melee	12	1.0000	1.0000	1.0000
PBUFF	sword_muse	melee	13	1.0000	1.0000	1.0000
PBUFF	sword_muse	melee	14	1.0000	1.0000	1.0000
PBUFF	sword_muse	melee	15	1.0000	1.0000	1.0000
PBUFF	sword_muse	melee	16	1.0000	1.0000	1.0000
PBUFF	sword_muse	melee	17	1.0000	1.0000	1.0000
PBUFF	sword_muse	melee	18	1.0000	1.0000	1.0000
PBUFF	sword_muse	melee	19	1.0000	1.0000	1.0000
PBUFF	sword_muse	melee	20	1.0000	1.0000	1.0000
PBUFF	sword_muse	melee	21	1.0000	1.0000	1.0000
PBUFF	sword_muse	melee	22	1.0000	1.0000	1.0000
PBUFF	sword_muse	melee	23	1.0000	1.0000	1.0000
PBUFF	sword_muse	melee	24	1.0000	1.0000	1.0000
PBUFF	sword_muse	melee	25	1.0000	1.0000	1.0000
PBUFF	sword_muse	melee	26	1.0000	1.0000	1.0000
PBUFF	sword_muse	melee	27	1.0000	1.0000	1.0000
PBUFF	sword_muse	melee	28	1.0000	1.0000	1.0000
PBUFF	sword_muse	melee	29	1.0000	1.0000	1.0000
PBUFF	sword_muse	melee	30	1.0000	1.0000	1.0000
PBUFF	sword_muse	melee	31	1.0000	1.0000	1.0000
PBUFF	sword_muse	melee	32	1.0000	1.0000	1.0000
PBUFF	sword_muse	melee	33	1.0000	1.0000	1.0000
PBUFF	sword_muse	melee	34	1.0000	1.0000	1.0000
PBUFF	sword_muse	melee	35	1.0000	1.0000	1.0000
PBUFF	sword_muse	melee	36	1.0000	1.0000	1.0000
PBUFF	sword_muse	melee	37	1.0000	1.0000	1.0000
PBUFF	sword_muse	melee	38	1.0000	1.0000	1.0000
PBUFF	sword_muse	melee	39	1.0000	1.0000	1.0000
PBUFF	sword_muse	melee	40	1.0000	1.0000	1.3000
PBUFF	sword_muse	melee	41	1.0000	1.0000	1.3000
PBUFF	sword_muse	melee	42	1.0000	1.0000	1.3000
PBUFF	sword_muse	melee	43	1.0000	1.0000	1.3000
PBUFF	sword_muse	melee	44	1.0000	1.0000	1.3000
PBUFF	sword_muse	melee	45	1.0000	1.0000	1.3000
PBUFF	sword_muse	melee	46	1.0000	1.0000	1.3000
PBUFF	sword_muse	melee	47	1.0000	1.0000	1.3000
PBUFF	sword_muse	melee	48	1.0000	1.0000	1.3000
PBUFF	sword_muse	melee	49	1.0000	1.0000	1.3000
PBUFF	sword_muse	melee	50	1.0000	1.0000	1.3000
PBUFF	sword_muse	melee	51	1.0000	1.0000	1.3000
PBUFF	sword_muse	melee	52	1.0000	1.0000	1.3000
PBUFF	sword_muse	melee	53	1.0000	1.0000	1.3000
PBUFF	sword_muse	melee	54	1.0000	1.0000	1.3000
PBUFF	sword_muse	melee	55	1.0000	1.2500	1.3000
PBUFF	sword_muse	melee	56	1.0000	1.2500	1.3000
PBUFF	sword_muse	melee	57	1.0000	1.2500	1.3000
PBUFF	sword_muse	melee	58	1.0000	1.2500	1.3000
PBUFF	sword_muse	melee	59	1.0000	1.2500	1.3000
PBUFF	sword_muse	melee	60	1.0000	1.2500	1.3000
PBUFF	sword_muse	melee	61	1.0000	1.2500	1.3000
PBUFF	sword_muse	melee	62	1.0000	1.2500	1.3000
PBUFF	sword_muse	melee	63	1.0000	1.2500	1.3000
PBUFF	sword_muse	melee	64	1.0000	1.2500	1.3000
PBUFF	sword_muse	melee	65	1.0000	1.2500	1.3000
PBUFF	sword_muse	melee	66	1.0000	1.2500	1.3000
PBUFF	sword_muse	melee	67	1.0000	1.2500	1.3000
PBUFF	sword_muse	melee	68	1.0000	1.2500	1.3000
PBUFF	sword_muse	melee	69	1.0000	1.2500	1.3000
PBUFF	sword_muse	melee	70	1.0000	1.2500	1.3000
PBUFF	sword_muse	melee	71	1.0000	1.2500	1.3000
PBUFF	sword_muse	melee	72	1.0000	1.2500	1.3000
PBUFF	sword_muse	melee	73	1.0000	1.2500	1.3000
PBUFF	sword_muse	melee	74	1.0000	1.2500	1.3000
PBUFF	sword_muse	melee	75	1.0000	1.2500	1.3000
PBUFF	sword_muse	melee	76	1.0000	1.2500	1.3000
PBUFF	sword_muse	melee	77	1.0000	1.2500	1.3000
PBUFF	sword_muse	melee	78	1.0000	1.2500	1.3000
PBUFF	sword_muse	melee	79	1.0000	1.2500	1.3000
PBUFF	sword_muse	melee	80	1.0000	1.2500	1.3000
PBUFF	sword_muse	melee	81	1.0000	1.2500	1.3000
PBUFF	sword_muse	melee	82	1.0000	1.2500	1.3000
PBUFF	sword_muse	melee	83	1.0000	1.2500	1.3000
PBUFF	sword_muse	melee	84	1.0000	1.2500	1.3000
PBUFF	sword_muse	melee	85	1.0000	1.2500	1.3000
PBUFF	sword_muse	bow	1	1.0000	1.0000	1.0000
PBUFF	sword_muse	bow	2	1.0000	1.0000	1.0000
PBUFF	sword_muse	bow	3	1.0000	1.0000	1.0000
PBUFF	sword_muse	bow	4	1.0000	1.0000	1.0000
PBUFF	sword_muse	bow	5	1.0000	1.0000	1.0000
PBUFF	sword_muse	bow	6	1.0000	1.0000	1.0000
PBUFF	sword_muse	bow	7	1.0000	1.0000	1.0000
PBUFF	sword_muse	bow	8	1.0000	1.0000	1.0000
PBUFF	sword_muse	bow	9	1.0000	1.0000	1.0000
PBUFF	sword_muse	bow	10	1.0000	1.0000	1.0000
PBUFF	sword_muse	bow	11	1.0000	1.0000	1.0000
PBUFF	sword_muse	bow	12	1.0000	1.0000	1.0000
PBUFF	sword_muse	bow	13	1.0000	1.0000	1.0000
PBUFF	sword_muse	bow	14	1.0000	1.0000	1.0000
PBUFF	sword_muse	bow	15	1.0000	1.0000	1.0000
PBUFF	sword_muse	bow	16	1.0000	1.0000	1.0000
PBUFF	sword_muse	bow	17	1.0000	1.0000	1.0000
PBUFF	sword_muse	bow	18	1.0000	1.0000	1.0000
PBUFF	sword_muse	bow	19	1.0000	1.0000	1.0000
PBUFF	sword_muse	bow	20	1.0000	1.0000	1.0000
PBUFF	sword_muse	bow	21	1.0000	1.0000	1.0000
PBUFF	sword_muse	bow	22	1.0000	1.0000	1.0000
PBUFF	sword_muse	bow	23	1.0000	1.0000	1.0000
PBUFF	sword_muse	bow	24	1.0000	1.0000	1.0000
PBUFF	sword_muse	bow	25	1.0000	1.0000	1.0000
PBUFF	sword_muse	bow	26	1.0000	1.0000	1.0000
PBUFF	sword_muse	bow	27	1.0000	1.0000	1.0000
PBUFF	sword_muse	bow	28	1.0000	1.0000	1.0000
PBUFF	sword_muse	bow	29	1.0000	1.0000	1.0000
PBUFF	sword_muse	bow	30	1.0000	1.0000	1.0000
PBUFF	sword_muse	bow	31	1.0000	1.0000	1.0000
PBUFF	sword_muse	bow	32	1.0000	1.0000	1.0000
PBUFF	sword_muse	bow	33	1.0000	1.0000	1.0000
PBUFF	sword_muse	bow	34	1.0000	1.0000	1.0000
PBUFF	sword_muse	bow	35	1.0000	1.0000	1.0000
PBUFF	sword_muse	bow	36	1.0000	1.0000	1.0000
PBUFF	sword_muse	bow	37	1.0000	1.0000	1.0000
PBUFF	sword_muse	bow	38	1.0000	1.0000	1.0000
PBUFF	sword_muse	bow	39	1.0000	1.0000	1.0000
PBUFF	sword_muse	bow	40	1.0000	1.0000	1.3000
PBUFF	sword_muse	bow	41	1.0000	1.0000	1.3000
PBUFF	sword_muse	bow	42	1.0000	1.0000	1.3000
PBUFF	sword_muse	bow	43	1.0000	1.0000	1.3000
PBUFF	sword_muse	bow	44	1.0000	1.0000	1.3000
PBUFF	sword_muse	bow	45	1.0000	1.0000	1.3000
PBUFF	sword_muse	bow	46	1.0000	1.0000	1.3000
PBUFF	sword_muse	bow	47	1.0000	1.0000	1.3000
PBUFF	sword_muse	bow	48	1.0000	1.0000	1.3000
PBUFF	sword_muse	bow	49	1.0000	1.0000	1.3000
PBUFF	sword_muse	bow	50	1.0000	1.0000	1.3000
PBUFF	sword_muse	bow	51	1.0000	1.0000	1.3000
PBUFF	sword_muse	bow	52	1.0000	1.0000	1.3000
PBUFF	sword_muse	bow	53	1.0000	1.0000	1.3000
PBUFF	sword_muse	bow	54	1.0000	1.0000	1.3000
PBUFF	sword_muse	bow	55	1.0000	1.2500	1.3000
PBUFF	sword_muse	bow	56	1.0000	1.2500	1.3000
PBUFF	sword_muse	bow	57	1.0000	1.2500	1.3000
PBUFF	sword_muse	bow	58	1.0000	1.2500	1.3000
PBUFF	sword_muse	bow	59	1.0000	1.2500	1.3000
PBUFF	sword_muse	bow	60	1.0000	1.2500	1.3000
PBUFF	sword_muse	bow	61	1.0000	1.2500	1.3000
PBUFF	sword_muse	bow	62	1.0000	1.2500	1.3000
PBUFF	sword_muse	bow	63	1.0000	1.2500	1.3000
PBUFF	sword_muse	bow	64	1.0000	1.2500	1.3000
PBUFF	sword_muse	bow	65	1.0000	1.2500	1.3000
PBUFF	sword_muse	bow	66	1.0000	1.2500	1.3000
PBUFF	sword_muse	bow	67	1.0000	1.2500	1.3000
PBUFF	sword_muse	bow	68	1.0000	1.2500	1.3000
PBUFF	sword_muse	bow	69	1.0000	1.2500	1.3000
PBUFF	sword_muse	bow	70	1.0000	1.2500	1.3000
PBUFF	sword_muse	bow	71	1.0000	1.2500	1.3000
PBUFF	sword_muse	bow	72	1.0000	1.2500	1.3000
PBUFF	sword_muse	bow	73	1.0000	1.2500	1.3000
PBUFF	sword_muse	bow	74	1.0000	1.2500	1.3000
PBUFF	sword_muse	bow	75	1.0000	1.2500	1.3000
PBUFF	sword_muse	bow	76	1.0000	1.2500	1.3000
PBUFF	sword_muse	bow	77	1.0000	1.2500	1.3000
PBUFF	sword_muse	bow	78	1.0000	1.2500	1.3000
PBUFF	sword_muse	bow	79	1.0000	1.2500	1.3000
PBUFF	sword_muse	bow	80	1.0000	1.2500	1.3000
PBUFF	sword_muse	bow	81	1.0000	1.2500	1.3000
PBUFF	sword_muse	bow	82	1.0000	1.2500	1.3000
PBUFF	sword_muse	bow	83	1.0000	1.2500	1.3000
PBUFF	sword_muse	bow	84	1.0000	1.2500	1.3000
PBUFF	sword_muse	bow	85	1.0000	1.2500	1.3000
PBUFF	sword_muse	mage	1	1.0000	1.0000	1.0000
PBUFF	sword_muse	mage	2	1.0000	1.0000	1.0000
PBUFF	sword_muse	mage	3	1.0000	1.0000	1.0000
PBUFF	sword_muse	mage	4	1.0000	1.0000	1.0000
PBUFF	sword_muse	mage	5	1.0000	1.0000	1.0000
PBUFF	sword_muse	mage	6	1.0000	1.0000	1.0000
PBUFF	sword_muse	mage	7	1.0000	1.0000	1.0000
PBUFF	sword_muse	mage	8	1.0000	1.0000	1.0000
PBUFF	sword_muse	mage	9	1.0000	1.0000	1.0000
PBUFF	sword_muse	mage	10	1.0000	1.0000	1.0000
PBUFF	sword_muse	mage	11	1.0000	1.0000	1.0000
PBUFF	sword_muse	mage	12	1.0000	1.0000	1.0000
PBUFF	sword_muse	mage	13	1.0000	1.0000	1.0000
PBUFF	sword_muse	mage	14	1.0000	1.0000	1.0000
PBUFF	sword_muse	mage	15	1.0000	1.0000	1.0000
PBUFF	sword_muse	mage	16	1.0000	1.0000	1.0000
PBUFF	sword_muse	mage	17	1.0000	1.0000	1.0000
PBUFF	sword_muse	mage	18	1.0000	1.0000	1.0000
PBUFF	sword_muse	mage	19	1.0000	1.0000	1.0000
PBUFF	sword_muse	mage	20	1.0000	1.0000	1.0000
PBUFF	sword_muse	mage	21	1.0000	1.0000	1.0000
PBUFF	sword_muse	mage	22	1.0000	1.0000	1.0000
PBUFF	sword_muse	mage	23	1.0000	1.0000	1.0000
PBUFF	sword_muse	mage	24	1.0000	1.0000	1.0000
PBUFF	sword_muse	mage	25	1.0000	1.0000	1.0000
PBUFF	sword_muse	mage	26	1.0000	1.0000	1.0000
PBUFF	sword_muse	mage	27	1.0000	1.0000	1.0000
PBUFF	sword_muse	mage	28	1.0000	1.0000	1.0000
PBUFF	sword_muse	mage	29	1.0000	1.0000	1.0000
PBUFF	sword_muse	mage	30	1.0000	1.0000	1.0000
PBUFF	sword_muse	mage	31	1.0000	1.0000	1.0000
PBUFF	sword_muse	mage	32	1.0000	1.0000	1.0000
PBUFF	sword_muse	mage	33	1.0000	1.0000	1.0000
PBUFF	sword_muse	mage	34	1.0000	1.0000	1.0000
PBUFF	sword_muse	mage	35	1.0000	1.0000	1.0000
PBUFF	sword_muse	mage	36	1.0000	1.0000	1.0000
PBUFF	sword_muse	mage	37	1.0000	1.0000	1.0000
PBUFF	sword_muse	mage	38	1.0000	1.0000	1.0000
PBUFF	sword_muse	mage	39	1.0000	1.0000	1.0000
PBUFF	sword_muse	mage	40	1.0000	1.0000	1.3000
PBUFF	sword_muse	mage	41	1.0000	1.0000	1.3000
PBUFF	sword_muse	mage	42	1.0000	1.0000	1.3000
PBUFF	sword_muse	mage	43	1.0000	1.0000	1.3000
PBUFF	sword_muse	mage	44	1.0000	1.0000	1.3000
PBUFF	sword_muse	mage	45	1.0000	1.0000	1.3000
PBUFF	sword_muse	mage	46	1.0000	1.0000	1.3000
PBUFF	sword_muse	mage	47	1.0000	1.0000	1.3000
PBUFF	sword_muse	mage	48	1.0000	1.0000	1.3000
PBUFF	sword_muse	mage	49	1.0000	1.0000	1.3000
PBUFF	sword_muse	mage	50	1.0000	1.0000	1.3000
PBUFF	sword_muse	mage	51	1.0000	1.0000	1.3000
PBUFF	sword_muse	mage	52	1.0000	1.0000	1.3000
PBUFF	sword_muse	mage	53	1.0000	1.0000	1.3000
PBUFF	sword_muse	mage	54	1.0000	1.0000	1.3000
PBUFF	sword_muse	mage	55	1.0000	1.2500	1.3000
PBUFF	sword_muse	mage	56	1.0000	1.2500	1.3000
PBUFF	sword_muse	mage	57	1.0000	1.2500	1.3000
PBUFF	sword_muse	mage	58	1.0000	1.2500	1.3000
PBUFF	sword_muse	mage	59	1.0000	1.2500	1.3000
PBUFF	sword_muse	mage	60	1.0000	1.2500	1.3000
PBUFF	sword_muse	mage	61	1.0000	1.2500	1.3000
PBUFF	sword_muse	mage	62	1.0000	1.2500	1.3000
PBUFF	sword_muse	mage	63	1.0000	1.2500	1.3000
PBUFF	sword_muse	mage	64	1.0000	1.2500	1.3000
PBUFF	sword_muse	mage	65	1.0000	1.2500	1.3000
PBUFF	sword_muse	mage	66	1.0000	1.2500	1.3000
PBUFF	sword_muse	mage	67	1.0000	1.2500	1.3000
PBUFF	sword_muse	mage	68	1.0000	1.2500	1.3000
PBUFF	sword_muse	mage	69	1.0000	1.2500	1.3000
PBUFF	sword_muse	mage	70	1.0000	1.2500	1.3000
PBUFF	sword_muse	mage	71	1.0000	1.2500	1.3000
PBUFF	sword_muse	mage	72	1.0000	1.2500	1.3000
PBUFF	sword_muse	mage	73	1.0000	1.2500	1.3000
PBUFF	sword_muse	mage	74	1.0000	1.2500	1.3000
PBUFF	sword_muse	mage	75	1.0000	1.2500	1.3000
PBUFF	sword_muse	mage	76	1.0000	1.2500	1.3000
PBUFF	sword_muse	mage	77	1.0000	1.2500	1.3000
PBUFF	sword_muse	mage	78	1.0000	1.2500	1.3000
PBUFF	sword_muse	mage	79	1.0000	1.2500	1.3000
PBUFF	sword_muse	mage	80	1.0000	1.2500	1.3000
PBUFF	sword_muse	mage	81	1.0000	1.2500	1.3000
PBUFF	sword_muse	mage	82	1.0000	1.2500	1.3000
PBUFF	sword_muse	mage	83	1.0000	1.2500	1.3000
PBUFF	sword_muse	mage	84	1.0000	1.2500	1.3000
PBUFF	sword_muse	mage	85	1.0000	1.2500	1.3000
PBUFF	spectral_dancer	tank	1	1.0000	1.0000	1.0000
PBUFF	spectral_dancer	tank	2	1.0000	1.0000	1.0000
PBUFF	spectral_dancer	tank	3	1.0000	1.0000	1.0000
PBUFF	spectral_dancer	tank	4	1.0000	1.0000	1.0000
PBUFF	spectral_dancer	tank	5	1.0000	1.0000	1.0000
PBUFF	spectral_dancer	tank	6	1.0000	1.0000	1.0000
PBUFF	spectral_dancer	tank	7	1.0000	1.0000	1.0000
PBUFF	spectral_dancer	tank	8	1.0000	1.0000	1.0000
PBUFF	spectral_dancer	tank	9	1.0000	1.0000	1.0000
PBUFF	spectral_dancer	tank	10	1.0000	1.0000	1.0000
PBUFF	spectral_dancer	tank	11	1.0000	1.0000	1.0000
PBUFF	spectral_dancer	tank	12	1.0000	1.0000	1.0000
PBUFF	spectral_dancer	tank	13	1.0000	1.0000	1.0000
PBUFF	spectral_dancer	tank	14	1.0000	1.0000	1.0000
PBUFF	spectral_dancer	tank	15	1.0000	1.0000	1.0000
PBUFF	spectral_dancer	tank	16	1.0000	1.0000	1.0000
PBUFF	spectral_dancer	tank	17	1.0000	1.0000	1.0000
PBUFF	spectral_dancer	tank	18	1.0000	1.0000	1.0000
PBUFF	spectral_dancer	tank	19	1.0000	1.0000	1.0000
PBUFF	spectral_dancer	tank	20	1.0000	1.0000	1.0000
PBUFF	spectral_dancer	tank	21	1.0000	1.0000	1.0000
PBUFF	spectral_dancer	tank	22	1.0000	1.0000	1.0000
PBUFF	spectral_dancer	tank	23	1.0000	1.0000	1.0000
PBUFF	spectral_dancer	tank	24	1.0000	1.0000	1.0000
PBUFF	spectral_dancer	tank	25	1.0000	1.0000	1.0000
PBUFF	spectral_dancer	tank	26	1.0000	1.0000	1.0000
PBUFF	spectral_dancer	tank	27	1.0000	1.0000	1.0000
PBUFF	spectral_dancer	tank	28	1.0000	1.0000	1.0000
PBUFF	spectral_dancer	tank	29	1.0000	1.0000	1.0000
PBUFF	spectral_dancer	tank	30	1.0000	1.0000	1.0000
PBUFF	spectral_dancer	tank	31	1.0000	1.0000	1.0000
PBUFF	spectral_dancer	tank	32	1.0000	1.0000	1.0000
PBUFF	spectral_dancer	tank	33	1.0000	1.0000	1.0000
PBUFF	spectral_dancer	tank	34	1.0000	1.0000	1.0000
PBUFF	spectral_dancer	tank	35	1.0000	1.0000	1.0000
PBUFF	spectral_dancer	tank	36	1.0000	1.0000	1.0000
PBUFF	spectral_dancer	tank	37	1.0000	1.0000	1.0000
PBUFF	spectral_dancer	tank	38	1.0000	1.0000	1.0000
PBUFF	spectral_dancer	tank	39	1.0000	1.0000	1.0000
PBUFF	spectral_dancer	tank	40	1.0000	1.0000	1.0000
PBUFF	spectral_dancer	tank	41	1.0000	1.0000	1.0000
PBUFF	spectral_dancer	tank	42	1.0000	1.0000	1.0000
PBUFF	spectral_dancer	tank	43	1.0000	1.0000	1.0000
PBUFF	spectral_dancer	tank	44	1.0000	1.0000	1.0000
PBUFF	spectral_dancer	tank	45	1.0000	1.0000	1.0000
PBUFF	spectral_dancer	tank	46	1.0000	1.0000	1.0000
PBUFF	spectral_dancer	tank	47	1.0000	1.0000	1.0000
PBUFF	spectral_dancer	tank	48	1.0000	1.0000	1.0000
PBUFF	spectral_dancer	tank	49	1.0000	1.0000	1.0000
PBUFF	spectral_dancer	tank	50	1.0000	1.0000	1.0000
PBUFF	spectral_dancer	tank	51	1.0000	1.0000	1.0000
PBUFF	spectral_dancer	tank	52	1.0000	1.0000	1.0000
PBUFF	spectral_dancer	tank	53	1.0000	1.0000	1.0000
PBUFF	spectral_dancer	tank	54	1.0000	1.0000	1.0000
PBUFF	spectral_dancer	tank	55	1.0000	1.0000	1.0000
PBUFF	spectral_dancer	tank	56	1.0000	1.0000	1.0000
PBUFF	spectral_dancer	tank	57	1.0000	1.0000	1.0000
PBUFF	spectral_dancer	tank	58	1.0000	1.0000	1.0000
PBUFF	spectral_dancer	tank	59	1.0000	1.0000	1.0000
PBUFF	spectral_dancer	tank	60	1.0000	1.0000	1.0000
PBUFF	spectral_dancer	tank	61	1.0000	1.0000	1.0000
PBUFF	spectral_dancer	tank	62	1.0000	1.0000	1.0000
PBUFF	spectral_dancer	tank	63	1.0000	1.0000	1.0000
PBUFF	spectral_dancer	tank	64	1.0000	1.0000	1.0000
PBUFF	spectral_dancer	tank	65	1.0000	1.0000	1.0000
PBUFF	spectral_dancer	tank	66	1.0000	1.0000	1.0000
PBUFF	spectral_dancer	tank	67	1.0000	1.0000	1.0000
PBUFF	spectral_dancer	tank	68	1.0000	1.0000	1.0000
PBUFF	spectral_dancer	tank	69	1.0000	1.0000	1.0000
PBUFF	spectral_dancer	tank	70	1.0000	1.0000	1.0000
PBUFF	spectral_dancer	tank	71	1.0000	1.0000	1.0000
PBUFF	spectral_dancer	tank	72	1.0000	1.0000	1.0000
PBUFF	spectral_dancer	tank	73	1.0000	1.0000	1.0000
PBUFF	spectral_dancer	tank	74	1.0000	1.0000	1.0000
PBUFF	spectral_dancer	tank	75	1.0000	1.0000	1.0000
PBUFF	spectral_dancer	tank	76	1.2728	1.0000	1.0000
PBUFF	spectral_dancer	tank	77	1.2729	1.0000	1.0000
PBUFF	spectral_dancer	tank	78	1.2729	1.0000	1.0000
PBUFF	spectral_dancer	tank	79	1.2730	1.0000	1.0000
PBUFF	spectral_dancer	tank	80	1.2731	1.0000	1.0000
PBUFF	spectral_dancer	tank	81	1.2732	1.0000	1.0000
PBUFF	spectral_dancer	tank	82	1.2733	1.0000	1.0000
PBUFF	spectral_dancer	tank	83	1.2733	1.0000	1.0000
PBUFF	spectral_dancer	tank	84	1.2734	1.0000	1.0000
PBUFF	spectral_dancer	tank	85	1.2735	1.0000	1.0000
PBUFF	spectral_dancer	melee	1	1.0000	1.0000	1.0000
PBUFF	spectral_dancer	melee	2	1.0000	1.0000	1.0000
PBUFF	spectral_dancer	melee	3	1.0000	1.0000	1.0000
PBUFF	spectral_dancer	melee	4	1.0000	1.0000	1.0000
PBUFF	spectral_dancer	melee	5	1.0000	1.0000	1.0000
PBUFF	spectral_dancer	melee	6	1.0000	1.0000	1.0000
PBUFF	spectral_dancer	melee	7	1.0000	1.0000	1.0000
PBUFF	spectral_dancer	melee	8	1.0000	1.0000	1.0000
PBUFF	spectral_dancer	melee	9	1.0000	1.0000	1.0000
PBUFF	spectral_dancer	melee	10	1.0000	1.0000	1.0000
PBUFF	spectral_dancer	melee	11	1.0000	1.0000	1.0000
PBUFF	spectral_dancer	melee	12	1.0000	1.0000	1.0000
PBUFF	spectral_dancer	melee	13	1.0000	1.0000	1.0000
PBUFF	spectral_dancer	melee	14	1.0000	1.0000	1.0000
PBUFF	spectral_dancer	melee	15	1.0000	1.0000	1.0000
PBUFF	spectral_dancer	melee	16	1.0000	1.0000	1.0000
PBUFF	spectral_dancer	melee	17	1.0000	1.0000	1.0000
PBUFF	spectral_dancer	melee	18	1.0000	1.0000	1.0000
PBUFF	spectral_dancer	melee	19	1.0000	1.0000	1.0000
PBUFF	spectral_dancer	melee	20	1.0000	1.0000	1.0000
PBUFF	spectral_dancer	melee	21	1.0000	1.0000	1.0000
PBUFF	spectral_dancer	melee	22	1.0000	1.0000	1.0000
PBUFF	spectral_dancer	melee	23	1.0000	1.0000	1.0000
PBUFF	spectral_dancer	melee	24	1.0000	1.0000	1.0000
PBUFF	spectral_dancer	melee	25	1.0000	1.0000	1.0000
PBUFF	spectral_dancer	melee	26	1.0000	1.0000	1.0000
PBUFF	spectral_dancer	melee	27	1.0000	1.0000	1.0000
PBUFF	spectral_dancer	melee	28	1.0000	1.0000	1.0000
PBUFF	spectral_dancer	melee	29	1.0000	1.0000	1.0000
PBUFF	spectral_dancer	melee	30	1.0000	1.0000	1.0000
PBUFF	spectral_dancer	melee	31	1.0000	1.0000	1.0000
PBUFF	spectral_dancer	melee	32	1.0000	1.0000	1.0000
PBUFF	spectral_dancer	melee	33	1.0000	1.0000	1.0000
PBUFF	spectral_dancer	melee	34	1.0000	1.0000	1.0000
PBUFF	spectral_dancer	melee	35	1.0000	1.0000	1.0000
PBUFF	spectral_dancer	melee	36	1.0000	1.0000	1.0000
PBUFF	spectral_dancer	melee	37	1.0000	1.0000	1.0000
PBUFF	spectral_dancer	melee	38	1.0000	1.0000	1.0000
PBUFF	spectral_dancer	melee	39	1.0000	1.0000	1.0000
PBUFF	spectral_dancer	melee	40	1.0000	1.0000	1.0000
PBUFF	spectral_dancer	melee	41	1.0000	1.0000	1.0000
PBUFF	spectral_dancer	melee	42	1.0000	1.0000	1.0000
PBUFF	spectral_dancer	melee	43	1.0000	1.0000	1.0000
PBUFF	spectral_dancer	melee	44	1.0000	1.0000	1.0000
PBUFF	spectral_dancer	melee	45	1.0000	1.0000	1.0000
PBUFF	spectral_dancer	melee	46	1.0000	1.0000	1.0000
PBUFF	spectral_dancer	melee	47	1.0000	1.0000	1.0000
PBUFF	spectral_dancer	melee	48	1.0000	1.0000	1.0000
PBUFF	spectral_dancer	melee	49	1.0000	1.0000	1.0000
PBUFF	spectral_dancer	melee	50	1.0000	1.0000	1.0000
PBUFF	spectral_dancer	melee	51	1.0000	1.0000	1.0000
PBUFF	spectral_dancer	melee	52	1.0000	1.0000	1.0000
PBUFF	spectral_dancer	melee	53	1.0000	1.0000	1.0000
PBUFF	spectral_dancer	melee	54	1.0000	1.0000	1.0000
PBUFF	spectral_dancer	melee	55	1.0000	1.0000	1.0000
PBUFF	spectral_dancer	melee	56	1.0000	1.0000	1.0000
PBUFF	spectral_dancer	melee	57	1.0000	1.0000	1.0000
PBUFF	spectral_dancer	melee	58	1.0000	1.0000	1.0000
PBUFF	spectral_dancer	melee	59	1.0000	1.0000	1.0000
PBUFF	spectral_dancer	melee	60	1.0000	1.0000	1.0000
PBUFF	spectral_dancer	melee	61	1.0000	1.0000	1.0000
PBUFF	spectral_dancer	melee	62	1.0000	1.0000	1.0000
PBUFF	spectral_dancer	melee	63	1.0000	1.0000	1.0000
PBUFF	spectral_dancer	melee	64	1.0000	1.0000	1.0000
PBUFF	spectral_dancer	melee	65	1.0000	1.0000	1.0000
PBUFF	spectral_dancer	melee	66	1.0000	1.0000	1.0000
PBUFF	spectral_dancer	melee	67	1.0000	1.0000	1.0000
PBUFF	spectral_dancer	melee	68	1.0000	1.0000	1.0000
PBUFF	spectral_dancer	melee	69	1.0000	1.0000	1.0000
PBUFF	spectral_dancer	melee	70	1.0000	1.0000	1.0000
PBUFF	spectral_dancer	melee	71	1.0000	1.0000	1.0000
PBUFF	spectral_dancer	melee	72	1.0000	1.0000	1.0000
PBUFF	spectral_dancer	melee	73	1.0000	1.0000	1.0000
PBUFF	spectral_dancer	melee	74	1.0000	1.0000	1.0000
PBUFF	spectral_dancer	melee	75	1.0000	1.0000	1.0000
PBUFF	spectral_dancer	melee	76	1.2645	1.0000	1.0000
PBUFF	spectral_dancer	melee	77	1.2646	1.0000	1.0000
PBUFF	spectral_dancer	melee	78	1.2542	1.0000	1.0000
PBUFF	spectral_dancer	melee	79	1.2543	1.0000	1.0000
PBUFF	spectral_dancer	melee	80	1.2545	1.0000	1.0000
PBUFF	spectral_dancer	melee	81	1.2546	1.0000	1.0000
PBUFF	spectral_dancer	melee	82	1.2548	1.0000	1.0000
PBUFF	spectral_dancer	melee	83	1.2549	1.0000	1.0000
PBUFF	spectral_dancer	melee	84	1.2551	1.0000	1.0000
PBUFF	spectral_dancer	melee	85	1.2552	1.0000	1.0000
PBUFF	spectral_dancer	bow	1	1.0000	1.0000	1.0000
PBUFF	spectral_dancer	bow	2	1.0000	1.0000	1.0000
PBUFF	spectral_dancer	bow	3	1.0000	1.0000	1.0000
PBUFF	spectral_dancer	bow	4	1.0000	1.0000	1.0000
PBUFF	spectral_dancer	bow	5	1.0000	1.0000	1.0000
PBUFF	spectral_dancer	bow	6	1.0000	1.0000	1.0000
PBUFF	spectral_dancer	bow	7	1.0000	1.0000	1.0000
PBUFF	spectral_dancer	bow	8	1.0000	1.0000	1.0000
PBUFF	spectral_dancer	bow	9	1.0000	1.0000	1.0000
PBUFF	spectral_dancer	bow	10	1.0000	1.0000	1.0000
PBUFF	spectral_dancer	bow	11	1.0000	1.0000	1.0000
PBUFF	spectral_dancer	bow	12	1.0000	1.0000	1.0000
PBUFF	spectral_dancer	bow	13	1.0000	1.0000	1.0000
PBUFF	spectral_dancer	bow	14	1.0000	1.0000	1.0000
PBUFF	spectral_dancer	bow	15	1.0000	1.0000	1.0000
PBUFF	spectral_dancer	bow	16	1.0000	1.0000	1.0000
PBUFF	spectral_dancer	bow	17	1.0000	1.0000	1.0000
PBUFF	spectral_dancer	bow	18	1.0000	1.0000	1.0000
PBUFF	spectral_dancer	bow	19	1.0000	1.0000	1.0000
PBUFF	spectral_dancer	bow	20	1.0000	1.0000	1.0000
PBUFF	spectral_dancer	bow	21	1.0000	1.0000	1.0000
PBUFF	spectral_dancer	bow	22	1.0000	1.0000	1.0000
PBUFF	spectral_dancer	bow	23	1.0000	1.0000	1.0000
PBUFF	spectral_dancer	bow	24	1.0000	1.0000	1.0000
PBUFF	spectral_dancer	bow	25	1.0000	1.0000	1.0000
PBUFF	spectral_dancer	bow	26	1.0000	1.0000	1.0000
PBUFF	spectral_dancer	bow	27	1.0000	1.0000	1.0000
PBUFF	spectral_dancer	bow	28	1.0000	1.0000	1.0000
PBUFF	spectral_dancer	bow	29	1.0000	1.0000	1.0000
PBUFF	spectral_dancer	bow	30	1.0000	1.0000	1.0000
PBUFF	spectral_dancer	bow	31	1.0000	1.0000	1.0000
PBUFF	spectral_dancer	bow	32	1.0000	1.0000	1.0000
PBUFF	spectral_dancer	bow	33	1.0000	1.0000	1.0000
PBUFF	spectral_dancer	bow	34	1.0000	1.0000	1.0000
PBUFF	spectral_dancer	bow	35	1.0000	1.0000	1.0000
PBUFF	spectral_dancer	bow	36	1.0000	1.0000	1.0000
PBUFF	spectral_dancer	bow	37	1.0000	1.0000	1.0000
PBUFF	spectral_dancer	bow	38	1.0000	1.0000	1.0000
PBUFF	spectral_dancer	bow	39	1.0000	1.0000	1.0000
PBUFF	spectral_dancer	bow	40	1.0000	1.0000	1.0000
PBUFF	spectral_dancer	bow	41	1.0000	1.0000	1.0000
PBUFF	spectral_dancer	bow	42	1.0000	1.0000	1.0000
PBUFF	spectral_dancer	bow	43	1.0000	1.0000	1.0000
PBUFF	spectral_dancer	bow	44	1.0000	1.0000	1.0000
PBUFF	spectral_dancer	bow	45	1.0000	1.0000	1.0000
PBUFF	spectral_dancer	bow	46	1.0000	1.0000	1.0000
PBUFF	spectral_dancer	bow	47	1.0000	1.0000	1.0000
PBUFF	spectral_dancer	bow	48	1.0000	1.0000	1.0000
PBUFF	spectral_dancer	bow	49	1.0000	1.0000	1.0000
PBUFF	spectral_dancer	bow	50	1.0000	1.0000	1.0000
PBUFF	spectral_dancer	bow	51	1.0000	1.0000	1.0000
PBUFF	spectral_dancer	bow	52	1.0000	1.0000	1.0000
PBUFF	spectral_dancer	bow	53	1.0000	1.0000	1.0000
PBUFF	spectral_dancer	bow	54	1.0000	1.0000	1.0000
PBUFF	spectral_dancer	bow	55	1.0000	1.0000	1.0000
PBUFF	spectral_dancer	bow	56	1.0000	1.0000	1.0000
PBUFF	spectral_dancer	bow	57	1.0000	1.0000	1.0000
PBUFF	spectral_dancer	bow	58	1.0000	1.0000	1.0000
PBUFF	spectral_dancer	bow	59	1.0000	1.0000	1.0000
PBUFF	spectral_dancer	bow	60	1.0000	1.0000	1.0000
PBUFF	spectral_dancer	bow	61	1.0000	1.0000	1.0000
PBUFF	spectral_dancer	bow	62	1.0000	1.0000	1.0000
PBUFF	spectral_dancer	bow	63	1.0000	1.0000	1.0000
PBUFF	spectral_dancer	bow	64	1.0000	1.0000	1.0000
PBUFF	spectral_dancer	bow	65	1.0000	1.0000	1.0000
PBUFF	spectral_dancer	bow	66	1.0000	1.0000	1.0000
PBUFF	spectral_dancer	bow	67	1.0000	1.0000	1.0000
PBUFF	spectral_dancer	bow	68	1.0000	1.0000	1.0000
PBUFF	spectral_dancer	bow	69	1.0000	1.0000	1.0000
PBUFF	spectral_dancer	bow	70	1.0000	1.0000	1.0000
PBUFF	spectral_dancer	bow	71	1.0000	1.0000	1.0000
PBUFF	spectral_dancer	bow	72	1.0000	1.0000	1.0000
PBUFF	spectral_dancer	bow	73	1.0000	1.0000	1.0000
PBUFF	spectral_dancer	bow	74	1.0000	1.0000	1.0000
PBUFF	spectral_dancer	bow	75	1.0000	1.0000	1.0000
PBUFF	spectral_dancer	bow	76	1.2365	1.0000	1.0000
PBUFF	spectral_dancer	bow	77	1.2367	1.0000	1.0000
PBUFF	spectral_dancer	bow	78	1.2295	1.0000	1.0000
PBUFF	spectral_dancer	bow	79	1.2297	1.0000	1.0000
PBUFF	spectral_dancer	bow	80	1.2299	1.0000	1.0000
PBUFF	spectral_dancer	bow	81	1.2301	1.0000	1.0000
PBUFF	spectral_dancer	bow	82	1.2303	1.0000	1.0000
PBUFF	spectral_dancer	bow	83	1.2305	1.0000	1.0000
PBUFF	spectral_dancer	bow	84	1.2307	1.0000	1.0000
PBUFF	spectral_dancer	bow	85	1.2309	1.0000	1.0000
PBUFF	spectral_dancer	mage	1	1.0000	1.0000	1.0000
PBUFF	spectral_dancer	mage	2	1.0000	1.0000	1.0000
PBUFF	spectral_dancer	mage	3	1.0000	1.0000	1.0000
PBUFF	spectral_dancer	mage	4	1.0000	1.0000	1.0000
PBUFF	spectral_dancer	mage	5	1.0000	1.0000	1.0000
PBUFF	spectral_dancer	mage	6	1.0000	1.0000	1.0000
PBUFF	spectral_dancer	mage	7	1.0000	1.0000	1.0000
PBUFF	spectral_dancer	mage	8	1.0000	1.0000	1.0000
PBUFF	spectral_dancer	mage	9	1.0000	1.0000	1.0000
PBUFF	spectral_dancer	mage	10	1.0000	1.0000	1.0000
PBUFF	spectral_dancer	mage	11	1.0000	1.0000	1.0000
PBUFF	spectral_dancer	mage	12	1.0000	1.0000	1.0000
PBUFF	spectral_dancer	mage	13	1.0000	1.0000	1.0000
PBUFF	spectral_dancer	mage	14	1.0000	1.0000	1.0000
PBUFF	spectral_dancer	mage	15	1.0000	1.0000	1.0000
PBUFF	spectral_dancer	mage	16	1.0000	1.0000	1.0000
PBUFF	spectral_dancer	mage	17	1.0000	1.0000	1.0000
PBUFF	spectral_dancer	mage	18	1.0000	1.0000	1.0000
PBUFF	spectral_dancer	mage	19	1.0000	1.0000	1.0000
PBUFF	spectral_dancer	mage	20	1.0000	1.0000	1.0000
PBUFF	spectral_dancer	mage	21	1.0000	1.0000	1.0000
PBUFF	spectral_dancer	mage	22	1.0000	1.0000	1.0000
PBUFF	spectral_dancer	mage	23	1.0000	1.0000	1.0000
PBUFF	spectral_dancer	mage	24	1.0000	1.0000	1.0000
PBUFF	spectral_dancer	mage	25	1.0000	1.0000	1.0000
PBUFF	spectral_dancer	mage	26	1.0000	1.0000	1.0000
PBUFF	spectral_dancer	mage	27	1.0000	1.0000	1.0000
PBUFF	spectral_dancer	mage	28	1.0000	1.0000	1.0000
PBUFF	spectral_dancer	mage	29	1.0000	1.0000	1.0000
PBUFF	spectral_dancer	mage	30	1.0000	1.0000	1.0000
PBUFF	spectral_dancer	mage	31	1.0000	1.0000	1.0000
PBUFF	spectral_dancer	mage	32	1.0000	1.0000	1.0000
PBUFF	spectral_dancer	mage	33	1.0000	1.0000	1.0000
PBUFF	spectral_dancer	mage	34	1.0000	1.0000	1.0000
PBUFF	spectral_dancer	mage	35	1.0000	1.0000	1.0000
PBUFF	spectral_dancer	mage	36	1.0000	1.0000	1.0000
PBUFF	spectral_dancer	mage	37	1.0000	1.0000	1.0000
PBUFF	spectral_dancer	mage	38	1.0000	1.0000	1.0000
PBUFF	spectral_dancer	mage	39	1.0000	1.0000	1.0000
PBUFF	spectral_dancer	mage	40	1.0000	1.0000	1.0000
PBUFF	spectral_dancer	mage	41	1.0000	1.0000	1.0000
PBUFF	spectral_dancer	mage	42	1.0000	1.0000	1.0000
PBUFF	spectral_dancer	mage	43	1.0000	1.0000	1.0000
PBUFF	spectral_dancer	mage	44	1.0000	1.0000	1.0000
PBUFF	spectral_dancer	mage	45	1.0000	1.0000	1.0000
PBUFF	spectral_dancer	mage	46	1.0000	1.0000	1.0000
PBUFF	spectral_dancer	mage	47	1.0000	1.0000	1.0000
PBUFF	spectral_dancer	mage	48	1.0000	1.0000	1.0000
PBUFF	spectral_dancer	mage	49	1.0000	1.0000	1.0000
PBUFF	spectral_dancer	mage	50	1.0000	1.0000	1.0000
PBUFF	spectral_dancer	mage	51	1.0000	1.0000	1.0000
PBUFF	spectral_dancer	mage	52	1.0000	1.0000	1.0000
PBUFF	spectral_dancer	mage	53	1.0000	1.0000	1.0000
PBUFF	spectral_dancer	mage	54	1.0000	1.0000	1.0000
PBUFF	spectral_dancer	mage	55	1.0000	1.0000	1.0000
PBUFF	spectral_dancer	mage	56	1.0000	1.0000	1.0000
PBUFF	spectral_dancer	mage	57	1.0000	1.0000	1.0000
PBUFF	spectral_dancer	mage	58	1.0000	1.0000	1.0000
PBUFF	spectral_dancer	mage	59	1.0000	1.0000	1.0000
PBUFF	spectral_dancer	mage	60	1.0000	1.0000	1.0000
PBUFF	spectral_dancer	mage	61	1.0000	1.0000	1.0000
PBUFF	spectral_dancer	mage	62	1.0000	1.0000	1.0000
PBUFF	spectral_dancer	mage	63	1.0000	1.0000	1.0000
PBUFF	spectral_dancer	mage	64	1.0000	1.0000	1.0000
PBUFF	spectral_dancer	mage	65	1.0000	1.0000	1.0000
PBUFF	spectral_dancer	mage	66	1.0000	1.0000	1.0000
PBUFF	spectral_dancer	mage	67	1.0000	1.0000	1.0000
PBUFF	spectral_dancer	mage	68	1.0000	1.0000	1.0000
PBUFF	spectral_dancer	mage	69	1.0000	1.0000	1.0000
PBUFF	spectral_dancer	mage	70	1.0000	1.0000	1.0000
PBUFF	spectral_dancer	mage	71	1.0000	1.0000	1.0000
PBUFF	spectral_dancer	mage	72	1.0000	1.0000	1.0000
PBUFF	spectral_dancer	mage	73	1.0000	1.0000	1.0000
PBUFF	spectral_dancer	mage	74	1.0000	1.0000	1.0000
PBUFF	spectral_dancer	mage	75	1.0000	1.0000	1.0000
PBUFF	spectral_dancer	mage	76	1.4132	1.0000	1.0000
PBUFF	spectral_dancer	mage	77	1.4133	1.0000	1.0000
PBUFF	spectral_dancer	mage	78	1.4137	1.0000	1.0000
PBUFF	spectral_dancer	mage	79	1.4138	1.0000	1.0000
PBUFF	spectral_dancer	mage	80	1.4139	1.0000	1.0000
PBUFF	spectral_dancer	mage	81	1.4140	1.0000	1.0000
PBUFF	spectral_dancer	mage	82	1.4141	1.0000	1.0000
PBUFF	spectral_dancer	mage	83	1.4143	1.0000	1.0000
PBUFF	spectral_dancer	mage	84	1.4144	1.0000	1.0000
PBUFF	spectral_dancer	mage	85	1.4145	1.0000	1.0000
PBUFF	dominator	tank	1	1.0000	1.0000	1.0000
PBUFF	dominator	tank	2	1.0000	1.0000	1.0000
PBUFF	dominator	tank	3	1.0000	1.0000	1.0000
PBUFF	dominator	tank	4	1.0000	1.0000	1.0000
PBUFF	dominator	tank	5	1.0000	1.0000	1.0000
PBUFF	dominator	tank	6	1.0000	1.0000	1.0000
PBUFF	dominator	tank	7	1.0000	1.0800	1.0000
PBUFF	dominator	tank	8	1.0000	1.0800	1.0000
PBUFF	dominator	tank	9	1.0000	1.0800	1.0000
PBUFF	dominator	tank	10	1.0000	1.0800	1.0000
PBUFF	dominator	tank	11	1.0000	1.0800	1.0000
PBUFF	dominator	tank	12	1.0000	1.0800	1.0000
PBUFF	dominator	tank	13	1.0000	1.0800	1.0000
PBUFF	dominator	tank	14	1.0770	1.0800	1.0000
PBUFF	dominator	tank	15	1.0761	1.0800	1.0000
PBUFF	dominator	tank	16	1.0762	1.0800	1.0000
PBUFF	dominator	tank	17	1.0762	1.0800	1.0000
PBUFF	dominator	tank	18	1.0762	1.0800	1.0000
PBUFF	dominator	tank	19	1.0763	1.0800	1.0000
PBUFF	dominator	tank	20	1.0768	1.0800	1.1500
PBUFF	dominator	tank	21	1.0768	1.0800	1.1500
PBUFF	dominator	tank	22	1.0768	1.0800	1.1500
PBUFF	dominator	tank	23	1.0768	1.0800	1.1500
PBUFF	dominator	tank	24	1.0760	1.0800	1.1500
PBUFF	dominator	tank	25	1.1141	1.1200	1.1500
PBUFF	dominator	tank	26	1.1141	1.1200	1.1500
PBUFF	dominator	tank	27	1.1142	1.1200	1.1500
PBUFF	dominator	tank	28	1.1126	1.1200	1.1500
PBUFF	dominator	tank	29	1.1127	1.1200	1.1500
PBUFF	dominator	tank	30	1.1127	1.1200	1.1500
PBUFF	dominator	tank	31	1.1128	1.1200	1.1500
PBUFF	dominator	tank	32	1.1109	1.1200	1.1500
PBUFF	dominator	tank	33	1.1110	1.1200	1.1500
PBUFF	dominator	tank	34	1.1110	1.1200	1.1500
PBUFF	dominator	tank	35	1.1111	1.1500	1.1500
PBUFF	dominator	tank	36	1.1090	1.1500	1.1500
PBUFF	dominator	tank	37	1.1091	1.1500	1.1500
PBUFF	dominator	tank	38	1.1092	1.1500	1.1500
PBUFF	dominator	tank	39	1.1092	1.1500	1.1500
PBUFF	dominator	tank	40	1.1118	1.1500	1.1500
PBUFF	dominator	tank	41	1.1119	1.1500	1.1500
PBUFF	dominator	tank	42	1.1120	1.1500	1.1500
PBUFF	dominator	tank	43	1.1107	1.1500	1.1500
PBUFF	dominator	tank	44	1.1108	1.1500	1.1500
PBUFF	dominator	tank	45	1.1108	1.1500	1.1500
PBUFF	dominator	tank	46	1.1095	1.1500	1.1500
PBUFF	dominator	tank	47	1.1095	1.1500	1.1500
PBUFF	dominator	tank	48	1.1096	1.1500	1.1500
PBUFF	dominator	tank	49	1.1081	1.1500	1.1500
PBUFF	dominator	tank	50	1.1082	1.1500	1.1500
PBUFF	dominator	tank	51	1.1083	1.1500	1.1500
PBUFF	dominator	tank	52	1.1101	1.1500	1.1500
PBUFF	dominator	tank	53	1.1101	1.1500	1.1500
PBUFF	dominator	tank	54	1.1102	1.1500	1.1500
PBUFF	dominator	tank	55	1.1090	1.1500	1.1500
PBUFF	dominator	tank	56	1.1090	1.1500	1.1500
PBUFF	dominator	tank	57	1.1091	1.1500	1.1500
PBUFF	dominator	tank	58	1.1078	1.1500	1.1500
PBUFF	dominator	tank	59	1.1079	1.1500	1.1500
PBUFF	dominator	tank	60	1.1071	1.1500	1.1500
PBUFF	dominator	tank	61	1.1092	1.1500	1.1500
PBUFF	dominator	tank	62	1.1085	1.1500	1.1500
PBUFF	dominator	tank	63	1.1086	1.1500	1.1500
PBUFF	dominator	tank	64	1.1078	1.1500	1.1500
PBUFF	dominator	tank	65	1.1079	1.1500	1.1500
PBUFF	dominator	tank	66	1.1072	1.1500	1.1500
PBUFF	dominator	tank	67	1.1073	1.1500	1.1500
PBUFF	dominator	tank	68	1.1066	1.1500	1.1500
PBUFF	dominator	tank	69	1.1066	1.1500	1.1500
PBUFF	dominator	tank	70	1.1060	1.1500	1.1500
PBUFF	dominator	tank	71	1.1060	1.1500	1.1500
PBUFF	dominator	tank	72	1.1054	1.1500	1.1500
PBUFF	dominator	tank	73	1.1054	1.1500	1.1500
PBUFF	dominator	tank	74	1.1048	1.1500	1.1500
PBUFF	dominator	tank	75	1.1049	1.1500	1.1500
PBUFF	dominator	tank	76	1.1068	1.1500	1.1500
PBUFF	dominator	tank	77	1.1068	1.1500	1.1500
PBUFF	dominator	tank	78	1.1069	1.1500	1.1500
PBUFF	dominator	tank	79	1.1070	1.1500	1.1500
PBUFF	dominator	tank	80	1.1071	1.1500	1.1500
PBUFF	dominator	tank	81	1.1071	1.1500	1.1500
PBUFF	dominator	tank	82	1.1072	1.1500	1.1500
PBUFF	dominator	tank	83	1.1073	1.1500	1.1500
PBUFF	dominator	tank	84	1.1073	1.1500	1.1500
PBUFF	dominator	tank	85	1.1074	1.1500	1.1500
PBUFF	dominator	melee	1	1.0000	1.0000	1.0000
PBUFF	dominator	melee	2	1.0000	1.0000	1.0000
PBUFF	dominator	melee	3	1.0000	1.0000	1.0000
PBUFF	dominator	melee	4	1.0000	1.0000	1.0000
PBUFF	dominator	melee	5	1.0000	1.0000	1.0000
PBUFF	dominator	melee	6	1.0000	1.0000	1.0000
PBUFF	dominator	melee	7	1.0000	1.0800	1.0000
PBUFF	dominator	melee	8	1.0000	1.0800	1.0000
PBUFF	dominator	melee	9	1.0000	1.0800	1.0000
PBUFF	dominator	melee	10	1.0000	1.0800	1.0000
PBUFF	dominator	melee	11	1.0000	1.0800	1.0000
PBUFF	dominator	melee	12	1.0000	1.0800	1.0000
PBUFF	dominator	melee	13	1.0000	1.0800	1.0000
PBUFF	dominator	melee	14	1.0770	1.0800	1.0000
PBUFF	dominator	melee	15	1.0761	1.0800	1.0000
PBUFF	dominator	melee	16	1.0762	1.0800	1.0000
PBUFF	dominator	melee	17	1.0762	1.0800	1.0000
PBUFF	dominator	melee	18	1.0762	1.0800	1.0000
PBUFF	dominator	melee	19	1.0763	1.0800	1.0000
PBUFF	dominator	melee	20	1.0751	1.0800	1.1500
PBUFF	dominator	melee	21	1.0752	1.0800	1.1500
PBUFF	dominator	melee	22	1.0752	1.0800	1.1500
PBUFF	dominator	melee	23	1.0752	1.0800	1.1500
PBUFF	dominator	melee	24	1.0738	1.0800	1.1500
PBUFF	dominator	melee	25	1.1108	1.1200	1.1500
PBUFF	dominator	melee	26	1.1109	1.1200	1.1500
PBUFF	dominator	melee	27	1.1110	1.1200	1.1500
PBUFF	dominator	melee	28	1.1086	1.1200	1.1500
PBUFF	dominator	melee	29	1.1087	1.1200	1.1500
PBUFF	dominator	melee	30	1.1088	1.1200	1.1500
PBUFF	dominator	melee	31	1.1089	1.1200	1.1500
PBUFF	dominator	melee	32	1.1060	1.1200	1.1500
PBUFF	dominator	melee	33	1.1061	1.1200	1.1500
PBUFF	dominator	melee	34	1.1062	1.1200	1.1500
PBUFF	dominator	melee	35	1.1063	1.1500	1.1500
PBUFF	dominator	melee	36	1.1031	1.1500	1.1500
PBUFF	dominator	melee	37	1.1032	1.1500	1.1500
PBUFF	dominator	melee	38	1.1034	1.1500	1.1500
PBUFF	dominator	melee	39	1.1035	1.1500	1.1500
PBUFF	dominator	melee	40	1.1088	1.1500	1.1500
PBUFF	dominator	melee	41	1.1089	1.1500	1.1500
PBUFF	dominator	melee	42	1.1089	1.1500	1.1500
PBUFF	dominator	melee	43	1.1072	1.1500	1.1500
PBUFF	dominator	melee	44	1.1073	1.1500	1.1500
PBUFF	dominator	melee	45	1.1073	1.1500	1.1500
PBUFF	dominator	melee	46	1.1055	1.1500	1.1500
PBUFF	dominator	melee	47	1.1056	1.1500	1.1500
PBUFF	dominator	melee	48	1.1057	1.1500	1.1500
PBUFF	dominator	melee	49	1.1037	1.1500	1.1500
PBUFF	dominator	melee	50	1.1038	1.1500	1.1500
PBUFF	dominator	melee	51	1.1039	1.1500	1.1500
PBUFF	dominator	melee	52	1.1045	1.1500	1.1500
PBUFF	dominator	melee	53	1.1046	1.1500	1.1500
PBUFF	dominator	melee	54	1.1047	1.1500	1.1500
PBUFF	dominator	melee	55	1.1028	1.1500	1.1500
PBUFF	dominator	melee	56	1.1029	1.1500	1.1500
PBUFF	dominator	melee	57	1.1030	1.1500	1.1500
PBUFF	dominator	melee	58	1.1011	1.1500	1.1500
PBUFF	dominator	melee	59	1.1013	1.1500	1.1500
PBUFF	dominator	melee	60	1.1000	1.1500	1.1500
PBUFF	dominator	melee	61	1.1031	1.1500	1.1500
PBUFF	dominator	melee	62	1.1021	1.1500	1.1500
PBUFF	dominator	melee	63	1.1022	1.1500	1.1500
PBUFF	dominator	melee	64	1.1011	1.1500	1.1500
PBUFF	dominator	melee	65	1.1012	1.1500	1.1500
PBUFF	dominator	melee	66	1.1002	1.1500	1.1500
PBUFF	dominator	melee	67	1.1003	1.1500	1.1500
PBUFF	dominator	melee	68	1.0993	1.1500	1.1500
PBUFF	dominator	melee	69	1.0994	1.1500	1.1500
PBUFF	dominator	melee	70	1.0984	1.1500	1.1500
PBUFF	dominator	melee	71	1.0985	1.1500	1.1500
PBUFF	dominator	melee	72	1.0975	1.1500	1.1500
PBUFF	dominator	melee	73	1.0976	1.1500	1.1500
PBUFF	dominator	melee	74	1.0967	1.1500	1.1500
PBUFF	dominator	melee	75	1.0968	1.1500	1.1500
PBUFF	dominator	melee	76	1.0995	1.1500	1.1500
PBUFF	dominator	melee	77	1.0996	1.1500	1.1500
PBUFF	dominator	melee	78	1.0906	1.1500	1.1500
PBUFF	dominator	melee	79	1.0907	1.1500	1.1500
PBUFF	dominator	melee	80	1.0908	1.1500	1.1500
PBUFF	dominator	melee	81	1.0910	1.1500	1.1500
PBUFF	dominator	melee	82	1.0911	1.1500	1.1500
PBUFF	dominator	melee	83	1.0912	1.1500	1.1500
PBUFF	dominator	melee	84	1.0914	1.1500	1.1500
PBUFF	dominator	melee	85	1.0915	1.1500	1.1500
PBUFF	dominator	bow	1	1.0000	1.0000	1.0000
PBUFF	dominator	bow	2	1.0000	1.0000	1.0000
PBUFF	dominator	bow	3	1.0000	1.0000	1.0000
PBUFF	dominator	bow	4	1.0000	1.0000	1.0000
PBUFF	dominator	bow	5	1.0000	1.0000	1.0000
PBUFF	dominator	bow	6	1.0000	1.0000	1.0000
PBUFF	dominator	bow	7	1.0000	1.0800	1.0000
PBUFF	dominator	bow	8	1.0000	1.0800	1.0000
PBUFF	dominator	bow	9	1.0000	1.0800	1.0000
PBUFF	dominator	bow	10	1.0000	1.0800	1.0000
PBUFF	dominator	bow	11	1.0000	1.0800	1.0000
PBUFF	dominator	bow	12	1.0000	1.0800	1.0000
PBUFF	dominator	bow	13	1.0000	1.0800	1.0000
PBUFF	dominator	bow	14	1.0773	1.0800	1.0000
PBUFF	dominator	bow	15	1.0765	1.0800	1.0000
PBUFF	dominator	bow	16	1.0765	1.0800	1.0000
PBUFF	dominator	bow	17	1.0765	1.0800	1.0000
PBUFF	dominator	bow	18	1.0766	1.0800	1.0000
PBUFF	dominator	bow	19	1.0766	1.0800	1.0000
PBUFF	dominator	bow	20	1.0716	1.0800	1.1500
PBUFF	dominator	bow	21	1.0717	1.0800	1.1500
PBUFF	dominator	bow	22	1.0718	1.0800	1.1500
PBUFF	dominator	bow	23	1.0718	1.0800	1.1500
PBUFF	dominator	bow	24	1.0695	1.0800	1.1500
PBUFF	dominator	bow	25	1.1043	1.1200	1.1500
PBUFF	dominator	bow	26	1.1044	1.1200	1.1500
PBUFF	dominator	bow	27	1.1046	1.1200	1.1500
PBUFF	dominator	bow	28	1.1004	1.1200	1.1500
PBUFF	dominator	bow	29	1.1006	1.1200	1.1500
PBUFF	dominator	bow	30	1.1007	1.1200	1.1500
PBUFF	dominator	bow	31	1.1008	1.1200	1.1500
PBUFF	dominator	bow	32	1.0962	1.1200	1.1500
PBUFF	dominator	bow	33	1.0964	1.1200	1.1500
PBUFF	dominator	bow	34	1.0965	1.1200	1.1500
PBUFF	dominator	bow	35	1.0967	1.1500	1.1500
PBUFF	dominator	bow	36	1.0916	1.1500	1.1500
PBUFF	dominator	bow	37	1.0918	1.1500	1.1500
PBUFF	dominator	bow	38	1.0919	1.1500	1.1500
PBUFF	dominator	bow	39	1.0921	1.1500	1.1500
PBUFF	dominator	bow	40	1.0928	1.1500	1.1500
PBUFF	dominator	bow	41	1.0930	1.1500	1.1500
PBUFF	dominator	bow	42	1.0931	1.1500	1.1500
PBUFF	dominator	bow	43	1.0895	1.1500	1.1500
PBUFF	dominator	bow	44	1.0897	1.1500	1.1500
PBUFF	dominator	bow	45	1.0898	1.1500	1.1500
PBUFF	dominator	bow	46	1.0861	1.1500	1.1500
PBUFF	dominator	bow	47	1.0863	1.1500	1.1500
PBUFF	dominator	bow	48	1.0865	1.1500	1.1500
PBUFF	dominator	bow	49	1.0828	1.1500	1.1500
PBUFF	dominator	bow	50	1.0829	1.1500	1.1500
PBUFF	dominator	bow	51	1.0831	1.1500	1.1500
PBUFF	dominator	bow	52	1.0812	1.1500	1.1500
PBUFF	dominator	bow	53	1.0814	1.1500	1.1500
PBUFF	dominator	bow	54	1.0816	1.1500	1.1500
PBUFF	dominator	bow	55	1.0780	1.1500	1.1500
PBUFF	dominator	bow	56	1.0782	1.1500	1.1500
PBUFF	dominator	bow	57	1.0784	1.1500	1.1500
PBUFF	dominator	bow	58	1.0749	1.1500	1.1500
PBUFF	dominator	bow	59	1.0751	1.1500	1.1500
PBUFF	dominator	bow	60	1.0729	1.1500	1.1500
PBUFF	dominator	bow	61	1.0848	1.1500	1.1500
PBUFF	dominator	bow	62	1.0829	1.1500	1.1500
PBUFF	dominator	bow	63	1.0831	1.1500	1.1500
PBUFF	dominator	bow	64	1.0813	1.1500	1.1500
PBUFF	dominator	bow	65	1.0815	1.1500	1.1500
PBUFF	dominator	bow	66	1.0798	1.1500	1.1500
PBUFF	dominator	bow	67	1.0799	1.1500	1.1500
PBUFF	dominator	bow	68	1.0783	1.1500	1.1500
PBUFF	dominator	bow	69	1.0785	1.1500	1.1500
PBUFF	dominator	bow	70	1.0769	1.1500	1.1500
PBUFF	dominator	bow	71	1.0771	1.1500	1.1500
PBUFF	dominator	bow	72	1.0756	1.1500	1.1500
PBUFF	dominator	bow	73	1.0757	1.1500	1.1500
PBUFF	dominator	bow	74	1.0743	1.1500	1.1500
PBUFF	dominator	bow	75	1.0745	1.1500	1.1500
PBUFF	dominator	bow	76	1.0752	1.1500	1.1500
PBUFF	dominator	bow	77	1.0754	1.1500	1.1500
PBUFF	dominator	bow	78	1.0691	1.1500	1.1500
PBUFF	dominator	bow	79	1.0693	1.1500	1.1500
PBUFF	dominator	bow	80	1.0695	1.1500	1.1500
PBUFF	dominator	bow	81	1.0697	1.1500	1.1500
PBUFF	dominator	bow	82	1.0698	1.1500	1.1500
PBUFF	dominator	bow	83	1.0700	1.1500	1.1500
PBUFF	dominator	bow	84	1.0702	1.1500	1.1500
PBUFF	dominator	bow	85	1.0703	1.1500	1.1500
PBUFF	dominator	mage	1	1.0000	1.0000	1.0000
PBUFF	dominator	mage	2	1.0000	1.0000	1.0000
PBUFF	dominator	mage	3	1.0000	1.0000	1.0000
PBUFF	dominator	mage	4	1.0000	1.0000	1.0000
PBUFF	dominator	mage	5	1.0000	1.0000	1.0000
PBUFF	dominator	mage	6	1.0000	1.0000	1.0000
PBUFF	dominator	mage	7	1.0000	1.0800	1.0000
PBUFF	dominator	mage	8	1.0000	1.0800	1.0000
PBUFF	dominator	mage	9	1.0000	1.0800	1.0000
PBUFF	dominator	mage	10	1.0000	1.0800	1.0000
PBUFF	dominator	mage	11	1.0000	1.0800	1.0000
PBUFF	dominator	mage	12	1.0000	1.0800	1.0000
PBUFF	dominator	mage	13	1.0000	1.0800	1.0000
PBUFF	dominator	mage	14	1.0000	1.0800	1.0000
PBUFF	dominator	mage	15	1.0000	1.0800	1.0000
PBUFF	dominator	mage	16	1.0000	1.0800	1.0000
PBUFF	dominator	mage	17	1.0000	1.0800	1.0000
PBUFF	dominator	mage	18	1.0000	1.0800	1.0000
PBUFF	dominator	mage	19	1.0000	1.0800	1.0000
PBUFF	dominator	mage	20	1.0000	1.0800	1.1500
PBUFF	dominator	mage	21	1.0000	1.0800	1.1500
PBUFF	dominator	mage	22	1.0000	1.0800	1.1500
PBUFF	dominator	mage	23	1.0000	1.0800	1.1500
PBUFF	dominator	mage	24	1.0000	1.0800	1.1500
PBUFF	dominator	mage	25	1.0000	1.1200	1.1500
PBUFF	dominator	mage	26	1.0000	1.1200	1.1500
PBUFF	dominator	mage	27	1.0000	1.1200	1.1500
PBUFF	dominator	mage	28	1.0000	1.1200	1.1500
PBUFF	dominator	mage	29	1.0000	1.1200	1.1500
PBUFF	dominator	mage	30	1.1500	1.1200	1.1500
PBUFF	dominator	mage	31	1.1500	1.1200	1.1500
PBUFF	dominator	mage	32	1.1500	1.1200	1.1500
PBUFF	dominator	mage	33	1.1500	1.1200	1.1500
PBUFF	dominator	mage	34	1.1500	1.1200	1.1500
PBUFF	dominator	mage	35	1.1500	1.1500	1.1500
PBUFF	dominator	mage	36	1.1500	1.1500	1.1500
PBUFF	dominator	mage	37	1.1500	1.1500	1.1500
PBUFF	dominator	mage	38	1.1500	1.1500	1.1500
PBUFF	dominator	mage	39	1.1500	1.1500	1.1500
PBUFF	dominator	mage	40	1.1500	1.1500	1.1500
PBUFF	dominator	mage	41	1.1500	1.1500	1.1500
PBUFF	dominator	mage	42	1.1500	1.1500	1.1500
PBUFF	dominator	mage	43	1.1500	1.1500	1.1500
PBUFF	dominator	mage	44	1.1500	1.1500	1.1500
PBUFF	dominator	mage	45	1.1500	1.1500	1.1500
PBUFF	dominator	mage	46	1.1500	1.1500	1.1500
PBUFF	dominator	mage	47	1.1500	1.1500	1.1500
PBUFF	dominator	mage	48	1.1500	1.1500	1.1500
PBUFF	dominator	mage	49	1.1500	1.1500	1.1500
PBUFF	dominator	mage	50	1.1500	1.1500	1.1500
PBUFF	dominator	mage	51	1.1500	1.1500	1.1500
PBUFF	dominator	mage	52	1.1500	1.1500	1.1500
PBUFF	dominator	mage	53	1.1500	1.1500	1.1500
PBUFF	dominator	mage	54	1.1500	1.1500	1.1500
PBUFF	dominator	mage	55	1.1500	1.1500	1.1500
PBUFF	dominator	mage	56	1.1500	1.1500	1.1500
PBUFF	dominator	mage	57	1.1500	1.1500	1.1500
PBUFF	dominator	mage	58	1.1500	1.1500	1.1500
PBUFF	dominator	mage	59	1.1500	1.1500	1.1500
PBUFF	dominator	mage	60	1.1500	1.1500	1.1500
PBUFF	dominator	mage	61	1.1500	1.1500	1.1500
PBUFF	dominator	mage	62	1.1500	1.1500	1.1500
PBUFF	dominator	mage	63	1.1500	1.1500	1.1500
PBUFF	dominator	mage	64	1.1500	1.1500	1.1500
PBUFF	dominator	mage	65	1.1500	1.1500	1.1500
PBUFF	dominator	mage	66	1.1500	1.1500	1.1500
PBUFF	dominator	mage	67	1.1500	1.1500	1.1500
PBUFF	dominator	mage	68	1.1500	1.1500	1.1500
PBUFF	dominator	mage	69	1.1500	1.1500	1.1500
PBUFF	dominator	mage	70	1.1500	1.1500	1.1500
PBUFF	dominator	mage	71	1.1500	1.1500	1.1500
PBUFF	dominator	mage	72	1.1500	1.1500	1.1500
PBUFF	dominator	mage	73	1.1500	1.1500	1.1500
PBUFF	dominator	mage	74	1.1500	1.1500	1.1500
PBUFF	dominator	mage	75	1.1500	1.1500	1.1500
PBUFF	dominator	mage	76	1.1500	1.1500	1.1500
PBUFF	dominator	mage	77	1.1500	1.1500	1.1500
PBUFF	dominator	mage	78	1.1500	1.1500	1.1500
PBUFF	dominator	mage	79	1.1500	1.1500	1.1500
PBUFF	dominator	mage	80	1.1500	1.1500	1.1500
PBUFF	dominator	mage	81	1.1500	1.1500	1.1500
PBUFF	dominator	mage	82	1.1500	1.1500	1.1500
PBUFF	dominator	mage	83	1.1500	1.1500	1.1500
PBUFF	dominator	mage	84	1.1500	1.1500	1.1500
PBUFF	dominator	mage	85	1.1500	1.1500	1.1500
PBUFF	doom_cryer	tank	1	1.0000	1.0000	1.0000
PBUFF	doom_cryer	tank	2	1.0000	1.0000	1.0000
PBUFF	doom_cryer	tank	3	1.0000	1.0000	1.0000
PBUFF	doom_cryer	tank	4	1.0000	1.0000	1.0000
PBUFF	doom_cryer	tank	5	1.0000	1.0000	1.0000
PBUFF	doom_cryer	tank	6	1.0000	1.0000	1.0000
PBUFF	doom_cryer	tank	7	1.0000	1.0800	1.0000
PBUFF	doom_cryer	tank	8	1.0000	1.0800	1.0000
PBUFF	doom_cryer	tank	9	1.0000	1.0800	1.0000
PBUFF	doom_cryer	tank	10	1.0000	1.0800	1.0000
PBUFF	doom_cryer	tank	11	1.0000	1.0800	1.0000
PBUFF	doom_cryer	tank	12	1.0000	1.0800	1.0000
PBUFF	doom_cryer	tank	13	1.0000	1.0800	1.0000
PBUFF	doom_cryer	tank	14	1.0770	1.0800	1.0000
PBUFF	doom_cryer	tank	15	1.0761	1.0800	1.0000
PBUFF	doom_cryer	tank	16	1.0762	1.0800	1.0000
PBUFF	doom_cryer	tank	17	1.0762	1.0800	1.0000
PBUFF	doom_cryer	tank	18	1.0762	1.0800	1.0000
PBUFF	doom_cryer	tank	19	1.0763	1.0800	1.0000
PBUFF	doom_cryer	tank	20	1.0768	1.0800	1.1500
PBUFF	doom_cryer	tank	21	1.0768	1.0800	1.1500
PBUFF	doom_cryer	tank	22	1.0768	1.0800	1.1500
PBUFF	doom_cryer	tank	23	1.0768	1.0800	1.1500
PBUFF	doom_cryer	tank	24	1.0760	1.0800	1.1500
PBUFF	doom_cryer	tank	25	1.1141	1.1200	1.1500
PBUFF	doom_cryer	tank	26	1.1141	1.1200	1.1500
PBUFF	doom_cryer	tank	27	1.1142	1.1200	1.1500
PBUFF	doom_cryer	tank	28	1.1126	1.1200	1.1500
PBUFF	doom_cryer	tank	29	1.1127	1.1200	1.1500
PBUFF	doom_cryer	tank	30	1.1127	1.1200	1.1500
PBUFF	doom_cryer	tank	31	1.1128	1.1200	1.1500
PBUFF	doom_cryer	tank	32	1.1109	1.1200	1.1500
PBUFF	doom_cryer	tank	33	1.1110	1.1200	1.1500
PBUFF	doom_cryer	tank	34	1.1110	1.1200	1.1500
PBUFF	doom_cryer	tank	35	1.1111	1.1500	1.1500
PBUFF	doom_cryer	tank	36	1.1090	1.1500	1.1500
PBUFF	doom_cryer	tank	37	1.1091	1.1500	1.1500
PBUFF	doom_cryer	tank	38	1.1092	1.1500	1.1500
PBUFF	doom_cryer	tank	39	1.1092	1.1500	1.1500
PBUFF	doom_cryer	tank	40	1.1118	1.1500	1.2300
PBUFF	doom_cryer	tank	41	1.1119	1.1500	1.2300
PBUFF	doom_cryer	tank	42	1.1120	1.1500	1.2300
PBUFF	doom_cryer	tank	43	1.1107	1.1500	1.2300
PBUFF	doom_cryer	tank	44	1.1385	1.1500	1.2300
PBUFF	doom_cryer	tank	45	1.1385	1.1500	1.2300
PBUFF	doom_cryer	tank	46	1.1368	1.1500	1.2300
PBUFF	doom_cryer	tank	47	1.1369	1.1500	1.2300
PBUFF	doom_cryer	tank	48	1.3076	1.1500	1.2300
PBUFF	doom_cryer	tank	49	1.3054	1.1500	1.2300
PBUFF	doom_cryer	tank	50	1.3055	1.1500	1.2300
PBUFF	doom_cryer	tank	51	1.3056	1.1500	1.2300
PBUFF	doom_cryer	tank	52	1.3082	1.1500	1.3000
PBUFF	doom_cryer	tank	53	1.3083	1.1500	1.3000
PBUFF	doom_cryer	tank	54	1.3084	1.1500	1.3000
PBUFF	doom_cryer	tank	55	1.3066	1.1500	1.3000
PBUFF	doom_cryer	tank	56	1.5113	1.1500	1.3000
PBUFF	doom_cryer	tank	57	1.5114	1.1500	1.3000
PBUFF	doom_cryer	tank	58	1.5643	1.2075	1.3000
PBUFF	doom_cryer	tank	59	1.5644	1.2075	1.3000
PBUFF	doom_cryer	tank	60	1.5626	1.2075	1.3000
PBUFF	doom_cryer	tank	61	1.5672	1.2075	1.3000
PBUFF	doom_cryer	tank	62	1.5657	1.2075	1.3000
PBUFF	doom_cryer	tank	63	1.5658	1.2075	1.3000
PBUFF	doom_cryer	tank	64	1.5643	1.2075	1.3000
PBUFF	doom_cryer	tank	65	1.5644	1.2075	1.3000
PBUFF	doom_cryer	tank	66	1.6039	1.2650	1.3000
PBUFF	doom_cryer	tank	67	1.6041	1.2650	1.3000
PBUFF	doom_cryer	tank	68	1.6022	1.2650	1.3000
PBUFF	doom_cryer	tank	69	1.6024	1.2650	1.3000
PBUFF	doom_cryer	tank	70	1.6007	1.2650	1.3000
PBUFF	doom_cryer	tank	71	1.6009	1.2650	1.3000
PBUFF	doom_cryer	tank	72	1.5992	1.2650	1.3000
PBUFF	doom_cryer	tank	73	1.5994	1.2650	1.3000
PBUFF	doom_cryer	tank	74	1.6378	1.3225	1.3000
PBUFF	doom_cryer	tank	75	1.6380	1.3225	1.3000
PBUFF	doom_cryer	tank	76	1.6436	1.3225	1.3000
PBUFF	doom_cryer	tank	77	1.6438	1.3225	1.3000
PBUFF	doom_cryer	tank	78	2.1527	1.5870	1.5600
PBUFF	doom_cryer	tank	79	2.1531	1.5870	1.5600
PBUFF	doom_cryer	tank	80	2.1534	1.5870	1.5600
PBUFF	doom_cryer	tank	81	2.1538	1.5870	1.5600
PBUFF	doom_cryer	tank	82	2.1541	1.5870	1.5600
PBUFF	doom_cryer	tank	83	2.1545	1.5870	1.5600
PBUFF	doom_cryer	tank	84	2.1548	1.5870	1.5600
PBUFF	doom_cryer	tank	85	2.1551	1.5870	1.5600
PBUFF	doom_cryer	melee	1	1.0000	1.0000	1.0000
PBUFF	doom_cryer	melee	2	1.0000	1.0000	1.0000
PBUFF	doom_cryer	melee	3	1.0000	1.0000	1.0000
PBUFF	doom_cryer	melee	4	1.0000	1.0000	1.0000
PBUFF	doom_cryer	melee	5	1.0000	1.0000	1.0000
PBUFF	doom_cryer	melee	6	1.0000	1.0000	1.0000
PBUFF	doom_cryer	melee	7	1.0000	1.0800	1.0000
PBUFF	doom_cryer	melee	8	1.0000	1.0800	1.0000
PBUFF	doom_cryer	melee	9	1.0000	1.0800	1.0000
PBUFF	doom_cryer	melee	10	1.0000	1.0800	1.0000
PBUFF	doom_cryer	melee	11	1.0000	1.0800	1.0000
PBUFF	doom_cryer	melee	12	1.0000	1.0800	1.0000
PBUFF	doom_cryer	melee	13	1.0000	1.0800	1.0000
PBUFF	doom_cryer	melee	14	1.0770	1.0800	1.0000
PBUFF	doom_cryer	melee	15	1.0761	1.0800	1.0000
PBUFF	doom_cryer	melee	16	1.0762	1.0800	1.0000
PBUFF	doom_cryer	melee	17	1.0762	1.0800	1.0000
PBUFF	doom_cryer	melee	18	1.0762	1.0800	1.0000
PBUFF	doom_cryer	melee	19	1.0763	1.0800	1.0000
PBUFF	doom_cryer	melee	20	1.0751	1.0800	1.1500
PBUFF	doom_cryer	melee	21	1.0752	1.0800	1.1500
PBUFF	doom_cryer	melee	22	1.0752	1.0800	1.1500
PBUFF	doom_cryer	melee	23	1.0752	1.0800	1.1500
PBUFF	doom_cryer	melee	24	1.0738	1.0800	1.1500
PBUFF	doom_cryer	melee	25	1.1108	1.1200	1.1500
PBUFF	doom_cryer	melee	26	1.1109	1.1200	1.1500
PBUFF	doom_cryer	melee	27	1.1110	1.1200	1.1500
PBUFF	doom_cryer	melee	28	1.1086	1.1200	1.1500
PBUFF	doom_cryer	melee	29	1.1087	1.1200	1.1500
PBUFF	doom_cryer	melee	30	1.1088	1.1200	1.1500
PBUFF	doom_cryer	melee	31	1.1089	1.1200	1.1500
PBUFF	doom_cryer	melee	32	1.1060	1.1200	1.1500
PBUFF	doom_cryer	melee	33	1.1061	1.1200	1.1500
PBUFF	doom_cryer	melee	34	1.1062	1.1200	1.1500
PBUFF	doom_cryer	melee	35	1.1063	1.1500	1.1500
PBUFF	doom_cryer	melee	36	1.1031	1.1500	1.1500
PBUFF	doom_cryer	melee	37	1.1032	1.1500	1.1500
PBUFF	doom_cryer	melee	38	1.1034	1.1500	1.1500
PBUFF	doom_cryer	melee	39	1.1035	1.1500	1.1500
PBUFF	doom_cryer	melee	40	1.1088	1.1500	1.2300
PBUFF	doom_cryer	melee	41	1.1089	1.1500	1.2300
PBUFF	doom_cryer	melee	42	1.1089	1.1500	1.2300
PBUFF	doom_cryer	melee	43	1.1072	1.1500	1.2300
PBUFF	doom_cryer	melee	44	1.1341	1.1500	1.2300
PBUFF	doom_cryer	melee	45	1.1342	1.1500	1.2300
PBUFF	doom_cryer	melee	46	1.1319	1.1500	1.2300
PBUFF	doom_cryer	melee	47	1.1320	1.1500	1.2300
PBUFF	doom_cryer	melee	48	1.3019	1.1500	1.2300
PBUFF	doom_cryer	melee	49	1.2991	1.1500	1.2300
PBUFF	doom_cryer	melee	50	1.2992	1.1500	1.2300
PBUFF	doom_cryer	melee	51	1.2994	1.1500	1.2300
PBUFF	doom_cryer	melee	52	1.3002	1.1500	1.3000
PBUFF	doom_cryer	melee	53	1.3003	1.1500	1.3000
PBUFF	doom_cryer	melee	54	1.3005	1.1500	1.3000
PBUFF	doom_cryer	melee	55	1.2978	1.1500	1.3000
PBUFF	doom_cryer	melee	56	1.5011	1.1500	1.3000
PBUFF	doom_cryer	melee	57	1.5013	1.1500	1.3000
PBUFF	doom_cryer	melee	58	1.5497	1.2075	1.3000
PBUFF	doom_cryer	melee	59	1.5500	1.2075	1.3000
PBUFF	doom_cryer	melee	60	1.5473	1.2075	1.3000
PBUFF	doom_cryer	melee	61	1.5541	1.2075	1.3000
PBUFF	doom_cryer	melee	62	1.5517	1.2075	1.3000
PBUFF	doom_cryer	melee	63	1.5520	1.2075	1.3000
PBUFF	doom_cryer	melee	64	1.5497	1.2075	1.3000
PBUFF	doom_cryer	melee	65	1.5499	1.2075	1.3000
PBUFF	doom_cryer	melee	66	1.5859	1.2650	1.3000
PBUFF	doom_cryer	melee	67	1.5862	1.2650	1.3000
PBUFF	doom_cryer	melee	68	1.5836	1.2650	1.3000
PBUFF	doom_cryer	melee	69	1.5839	1.2650	1.3000
PBUFF	doom_cryer	melee	70	1.5813	1.2650	1.3000
PBUFF	doom_cryer	melee	71	1.5816	1.2650	1.3000
PBUFF	doom_cryer	melee	72	1.5791	1.2650	1.3000
PBUFF	doom_cryer	melee	73	1.5794	1.2650	1.3000
PBUFF	doom_cryer	melee	74	1.6141	1.3225	1.3000
PBUFF	doom_cryer	melee	75	1.6144	1.3225	1.3000
PBUFF	doom_cryer	melee	76	1.6224	1.3225	1.3000
PBUFF	doom_cryer	melee	77	1.6227	1.3225	1.3000
PBUFF	doom_cryer	melee	78	2.0676	1.5870	1.5600
PBUFF	doom_cryer	melee	79	2.0683	1.5870	1.5600
PBUFF	doom_cryer	melee	80	2.0690	1.5870	1.5600
PBUFF	doom_cryer	melee	81	2.0697	1.5870	1.5600
PBUFF	doom_cryer	melee	82	2.0703	1.5870	1.5600
PBUFF	doom_cryer	melee	83	2.0710	1.5870	1.5600
PBUFF	doom_cryer	melee	84	2.0717	1.5870	1.5600
PBUFF	doom_cryer	melee	85	2.0723	1.5870	1.5600
PBUFF	doom_cryer	bow	1	1.0000	1.0000	1.0000
PBUFF	doom_cryer	bow	2	1.0000	1.0000	1.0000
PBUFF	doom_cryer	bow	3	1.0000	1.0000	1.0000
PBUFF	doom_cryer	bow	4	1.0000	1.0000	1.0000
PBUFF	doom_cryer	bow	5	1.0000	1.0000	1.0000
PBUFF	doom_cryer	bow	6	1.0000	1.0000	1.0000
PBUFF	doom_cryer	bow	7	1.0000	1.0800	1.0000
PBUFF	doom_cryer	bow	8	1.0000	1.0800	1.0000
PBUFF	doom_cryer	bow	9	1.0000	1.0800	1.0000
PBUFF	doom_cryer	bow	10	1.0000	1.0800	1.0000
PBUFF	doom_cryer	bow	11	1.0000	1.0800	1.0000
PBUFF	doom_cryer	bow	12	1.0000	1.0800	1.0000
PBUFF	doom_cryer	bow	13	1.0000	1.0800	1.0000
PBUFF	doom_cryer	bow	14	1.0773	1.0800	1.0000
PBUFF	doom_cryer	bow	15	1.0765	1.0800	1.0000
PBUFF	doom_cryer	bow	16	1.0765	1.0800	1.0000
PBUFF	doom_cryer	bow	17	1.0765	1.0800	1.0000
PBUFF	doom_cryer	bow	18	1.0766	1.0800	1.0000
PBUFF	doom_cryer	bow	19	1.0766	1.0800	1.0000
PBUFF	doom_cryer	bow	20	1.0716	1.0800	1.1500
PBUFF	doom_cryer	bow	21	1.0717	1.0800	1.1500
PBUFF	doom_cryer	bow	22	1.0718	1.0800	1.1500
PBUFF	doom_cryer	bow	23	1.0718	1.0800	1.1500
PBUFF	doom_cryer	bow	24	1.0695	1.0800	1.1500
PBUFF	doom_cryer	bow	25	1.1043	1.1200	1.1500
PBUFF	doom_cryer	bow	26	1.1044	1.1200	1.1500
PBUFF	doom_cryer	bow	27	1.1046	1.1200	1.1500
PBUFF	doom_cryer	bow	28	1.1004	1.1200	1.1500
PBUFF	doom_cryer	bow	29	1.1006	1.1200	1.1500
PBUFF	doom_cryer	bow	30	1.1007	1.1200	1.1500
PBUFF	doom_cryer	bow	31	1.1008	1.1200	1.1500
PBUFF	doom_cryer	bow	32	1.0962	1.1200	1.1500
PBUFF	doom_cryer	bow	33	1.0964	1.1200	1.1500
PBUFF	doom_cryer	bow	34	1.0965	1.1200	1.1500
PBUFF	doom_cryer	bow	35	1.0967	1.1500	1.1500
PBUFF	doom_cryer	bow	36	1.0916	1.1500	1.1500
PBUFF	doom_cryer	bow	37	1.0918	1.1500	1.1500
PBUFF	doom_cryer	bow	38	1.0919	1.1500	1.1500
PBUFF	doom_cryer	bow	39	1.0921	1.1500	1.1500
PBUFF	doom_cryer	bow	40	1.0928	1.1500	1.2300
PBUFF	doom_cryer	bow	41	1.0930	1.1500	1.2300
PBUFF	doom_cryer	bow	42	1.0931	1.1500	1.2300
PBUFF	doom_cryer	bow	43	1.0895	1.1500	1.2300
PBUFF	doom_cryer	bow	44	1.1121	1.1500	1.2300
PBUFF	doom_cryer	bow	45	1.1123	1.1500	1.2300
PBUFF	doom_cryer	bow	46	1.1077	1.1500	1.2300
PBUFF	doom_cryer	bow	47	1.1079	1.1500	1.2300
PBUFF	doom_cryer	bow	48	1.2743	1.1500	1.2300
PBUFF	doom_cryer	bow	49	1.2690	1.1500	1.2300
PBUFF	doom_cryer	bow	50	1.2692	1.1500	1.2300
PBUFF	doom_cryer	bow	51	1.2695	1.1500	1.2300
PBUFF	doom_cryer	bow	52	1.2667	1.1500	1.3000
PBUFF	doom_cryer	bow	53	1.2670	1.1500	1.3000
PBUFF	doom_cryer	bow	54	1.2672	1.1500	1.3000
PBUFF	doom_cryer	bow	55	1.2621	1.1500	1.3000
PBUFF	doom_cryer	bow	56	1.4600	1.1500	1.3000
PBUFF	doom_cryer	bow	57	1.4603	1.1500	1.3000
PBUFF	doom_cryer	bow	58	1.4927	1.2075	1.3000
PBUFF	doom_cryer	bow	59	1.4931	1.2075	1.3000
PBUFF	doom_cryer	bow	60	1.4884	1.2075	1.3000
PBUFF	doom_cryer	bow	61	1.5142	1.2075	1.3000
PBUFF	doom_cryer	bow	62	1.5102	1.2075	1.3000
PBUFF	doom_cryer	bow	63	1.5105	1.2075	1.3000
PBUFF	doom_cryer	bow	64	1.5067	1.2075	1.3000
PBUFF	doom_cryer	bow	65	1.5070	1.2075	1.3000
PBUFF	doom_cryer	bow	66	1.5338	1.2650	1.3000
PBUFF	doom_cryer	bow	67	1.5342	1.2650	1.3000
PBUFF	doom_cryer	bow	68	1.5300	1.2650	1.3000
PBUFF	doom_cryer	bow	69	1.5304	1.2650	1.3000
PBUFF	doom_cryer	bow	70	1.5264	1.2650	1.3000
PBUFF	doom_cryer	bow	71	1.5269	1.2650	1.3000
PBUFF	doom_cryer	bow	72	1.5231	1.2650	1.3000
PBUFF	doom_cryer	bow	73	1.5235	1.2650	1.3000
PBUFF	doom_cryer	bow	74	1.5483	1.3225	1.3000
PBUFF	doom_cryer	bow	75	1.5488	1.3225	1.3000
PBUFF	doom_cryer	bow	76	1.5509	1.3225	1.3000
PBUFF	doom_cryer	bow	77	1.5514	1.3225	1.3000
PBUFF	doom_cryer	bow	78	1.9560	1.5870	1.5600
PBUFF	doom_cryer	bow	79	1.9569	1.5870	1.5600
PBUFF	doom_cryer	bow	80	1.9578	1.5870	1.5600
PBUFF	doom_cryer	bow	81	1.9587	1.5870	1.5600
PBUFF	doom_cryer	bow	82	1.9596	1.5870	1.5600
PBUFF	doom_cryer	bow	83	1.9605	1.5870	1.5600
PBUFF	doom_cryer	bow	84	1.9614	1.5870	1.5600
PBUFF	doom_cryer	bow	85	1.9623	1.5870	1.5600
PBUFF	doom_cryer	mage	1	1.0000	1.0000	1.0000
PBUFF	doom_cryer	mage	2	1.0000	1.0000	1.0000
PBUFF	doom_cryer	mage	3	1.0000	1.0000	1.0000
PBUFF	doom_cryer	mage	4	1.0000	1.0000	1.0000
PBUFF	doom_cryer	mage	5	1.0000	1.0000	1.0000
PBUFF	doom_cryer	mage	6	1.0000	1.0000	1.0000
PBUFF	doom_cryer	mage	7	1.0000	1.0800	1.0000
PBUFF	doom_cryer	mage	8	1.0000	1.0800	1.0000
PBUFF	doom_cryer	mage	9	1.0000	1.0800	1.0000
PBUFF	doom_cryer	mage	10	1.0000	1.0800	1.0000
PBUFF	doom_cryer	mage	11	1.0000	1.0800	1.0000
PBUFF	doom_cryer	mage	12	1.0000	1.0800	1.0000
PBUFF	doom_cryer	mage	13	1.0000	1.0800	1.0000
PBUFF	doom_cryer	mage	14	1.0000	1.0800	1.0000
PBUFF	doom_cryer	mage	15	1.0000	1.0800	1.0000
PBUFF	doom_cryer	mage	16	1.0000	1.0800	1.0000
PBUFF	doom_cryer	mage	17	1.0000	1.0800	1.0000
PBUFF	doom_cryer	mage	18	1.0000	1.0800	1.0000
PBUFF	doom_cryer	mage	19	1.0000	1.0800	1.0000
PBUFF	doom_cryer	mage	20	1.0000	1.0800	1.1500
PBUFF	doom_cryer	mage	21	1.0000	1.0800	1.1500
PBUFF	doom_cryer	mage	22	1.0000	1.0800	1.1500
PBUFF	doom_cryer	mage	23	1.0000	1.0800	1.1500
PBUFF	doom_cryer	mage	24	1.0000	1.0800	1.1500
PBUFF	doom_cryer	mage	25	1.0000	1.1200	1.1500
PBUFF	doom_cryer	mage	26	1.0000	1.1200	1.1500
PBUFF	doom_cryer	mage	27	1.0000	1.1200	1.1500
PBUFF	doom_cryer	mage	28	1.0000	1.1200	1.1500
PBUFF	doom_cryer	mage	29	1.0000	1.1200	1.1500
PBUFF	doom_cryer	mage	30	1.1500	1.1200	1.1500
PBUFF	doom_cryer	mage	31	1.1500	1.1200	1.1500
PBUFF	doom_cryer	mage	32	1.1500	1.1200	1.1500
PBUFF	doom_cryer	mage	33	1.1500	1.1200	1.1500
PBUFF	doom_cryer	mage	34	1.1500	1.1200	1.1500
PBUFF	doom_cryer	mage	35	1.1500	1.1500	1.1500
PBUFF	doom_cryer	mage	36	1.1500	1.1500	1.1500
PBUFF	doom_cryer	mage	37	1.1500	1.1500	1.1500
PBUFF	doom_cryer	mage	38	1.1500	1.1500	1.1500
PBUFF	doom_cryer	mage	39	1.1500	1.1500	1.1500
PBUFF	doom_cryer	mage	40	1.1500	1.1500	1.2300
PBUFF	doom_cryer	mage	41	1.1500	1.1500	1.2300
PBUFF	doom_cryer	mage	42	1.1500	1.1500	1.2300
PBUFF	doom_cryer	mage	43	1.1500	1.1500	1.2300
PBUFF	doom_cryer	mage	44	1.2300	1.1500	1.2300
PBUFF	doom_cryer	mage	45	1.2300	1.1500	1.2300
PBUFF	doom_cryer	mage	46	1.2300	1.1500	1.2300
PBUFF	doom_cryer	mage	47	1.2300	1.1500	1.2300
PBUFF	doom_cryer	mage	48	1.2300	1.1500	1.2300
PBUFF	doom_cryer	mage	49	1.2300	1.1500	1.2300
PBUFF	doom_cryer	mage	50	1.2300	1.1500	1.2300
PBUFF	doom_cryer	mage	51	1.2300	1.1500	1.2300
PBUFF	doom_cryer	mage	52	1.2300	1.1500	1.3000
PBUFF	doom_cryer	mage	53	1.2300	1.1500	1.3000
PBUFF	doom_cryer	mage	54	1.2300	1.1500	1.3000
PBUFF	doom_cryer	mage	55	1.2300	1.1500	1.3000
PBUFF	doom_cryer	mage	56	1.3000	1.1500	1.3000
PBUFF	doom_cryer	mage	57	1.3000	1.1500	1.3000
PBUFF	doom_cryer	mage	58	1.3000	1.2075	1.3000
PBUFF	doom_cryer	mage	59	1.3000	1.2075	1.3000
PBUFF	doom_cryer	mage	60	1.3000	1.2075	1.3000
PBUFF	doom_cryer	mage	61	1.3000	1.2075	1.3000
PBUFF	doom_cryer	mage	62	1.3000	1.2075	1.3000
PBUFF	doom_cryer	mage	63	1.3000	1.2075	1.3000
PBUFF	doom_cryer	mage	64	1.3000	1.2075	1.3000
PBUFF	doom_cryer	mage	65	1.3000	1.2075	1.3000
PBUFF	doom_cryer	mage	66	1.3000	1.2650	1.3000
PBUFF	doom_cryer	mage	67	1.3000	1.2650	1.3000
PBUFF	doom_cryer	mage	68	1.3000	1.2650	1.3000
PBUFF	doom_cryer	mage	69	1.3000	1.2650	1.3000
PBUFF	doom_cryer	mage	70	1.3000	1.2650	1.3000
PBUFF	doom_cryer	mage	71	1.3000	1.2650	1.3000
PBUFF	doom_cryer	mage	72	1.3000	1.2650	1.3000
PBUFF	doom_cryer	mage	73	1.3000	1.2650	1.3000
PBUFF	doom_cryer	mage	74	1.3000	1.3225	1.3000
PBUFF	doom_cryer	mage	75	1.3000	1.3225	1.3000
PBUFF	doom_cryer	mage	76	1.3000	1.3225	1.3000
PBUFF	doom_cryer	mage	77	1.3000	1.3225	1.3000
PBUFF	doom_cryer	mage	78	1.6964	1.5870	1.5600
PBUFF	doom_cryer	mage	79	1.6966	1.5870	1.5600
PBUFF	doom_cryer	mage	80	1.6967	1.5870	1.5600
PBUFF	doom_cryer	mage	81	1.6968	1.5870	1.5600
PBUFF	doom_cryer	mage	82	1.6970	1.5870	1.5600
PBUFF	doom_cryer	mage	83	1.6971	1.5870	1.5600
PBUFF	doom_cryer	mage	84	1.6972	1.5870	1.5600
PBUFF	doom_cryer	mage	85	1.6974	1.5870	1.5600
PBUFF	evas_saint	tank	1	1.0000	1.0000	1.0000
PBUFF	evas_saint	tank	2	1.0000	1.0000	1.0000
PBUFF	evas_saint	tank	3	1.0000	1.0000	1.0000
PBUFF	evas_saint	tank	4	1.0000	1.0000	1.0000
PBUFF	evas_saint	tank	5	1.0000	1.0000	1.0000
PBUFF	evas_saint	tank	6	1.0000	1.0000	1.0000
PBUFF	evas_saint	tank	7	1.0779	1.0800	1.0000
PBUFF	evas_saint	tank	8	1.0779	1.0800	1.0000
PBUFF	evas_saint	tank	9	1.0779	1.0800	1.0000
PBUFF	evas_saint	tank	10	1.0769	1.0800	1.0000
PBUFF	evas_saint	tank	11	1.0769	1.0800	1.0000
PBUFF	evas_saint	tank	12	1.0770	1.0800	1.0000
PBUFF	evas_saint	tank	13	1.0770	1.0800	1.0000
PBUFF	evas_saint	tank	14	1.0770	1.0800	1.0000
PBUFF	evas_saint	tank	15	1.0761	1.0800	1.0000
PBUFF	evas_saint	tank	16	1.0762	1.0800	1.0000
PBUFF	evas_saint	tank	17	1.0762	1.0800	1.0000
PBUFF	evas_saint	tank	18	1.0762	1.0800	1.0000
PBUFF	evas_saint	tank	19	1.0763	1.0800	1.0000
PBUFF	evas_saint	tank	20	1.1151	1.0800	1.0000
PBUFF	evas_saint	tank	21	1.1152	1.0800	1.0000
PBUFF	evas_saint	tank	22	1.1152	1.0800	1.0000
PBUFF	evas_saint	tank	23	1.1153	1.0800	1.0000
PBUFF	evas_saint	tank	24	1.1140	1.0800	1.0000
PBUFF	evas_saint	tank	25	1.1141	1.1200	1.0000
PBUFF	evas_saint	tank	26	1.1141	1.1200	1.0000
PBUFF	evas_saint	tank	27	1.1142	1.1200	1.0000
PBUFF	evas_saint	tank	28	1.1126	1.1200	1.0000
PBUFF	evas_saint	tank	29	1.1127	1.1200	1.0000
PBUFF	evas_saint	tank	30	1.1127	1.1200	1.0000
PBUFF	evas_saint	tank	31	1.1128	1.1200	1.0000
PBUFF	evas_saint	tank	32	1.1109	1.1200	1.0000
PBUFF	evas_saint	tank	33	1.1110	1.1200	1.0000
PBUFF	evas_saint	tank	34	1.1110	1.1200	1.0000
PBUFF	evas_saint	tank	35	1.1111	1.1200	1.0000
PBUFF	evas_saint	tank	36	1.1090	1.1200	1.0000
PBUFF	evas_saint	tank	37	1.1091	1.1200	1.0000
PBUFF	evas_saint	tank	38	1.1092	1.1200	1.0000
PBUFF	evas_saint	tank	39	1.1092	1.1200	1.0000
PBUFF	evas_saint	tank	40	1.1398	1.1200	1.0000
PBUFF	evas_saint	tank	41	1.1399	1.1200	1.0000
PBUFF	evas_saint	tank	42	1.1400	1.1200	1.0000
PBUFF	evas_saint	tank	43	1.1384	1.1200	1.0000
PBUFF	evas_saint	tank	44	1.1385	1.1500	1.0000
PBUFF	evas_saint	tank	45	1.1385	1.1500	1.0000
PBUFF	evas_saint	tank	46	1.1368	1.1500	1.0000
PBUFF	evas_saint	tank	47	1.1369	1.1500	1.0000
PBUFF	evas_saint	tank	48	1.1370	1.1500	1.0000
PBUFF	evas_saint	tank	49	1.1351	1.1500	1.0000
PBUFF	evas_saint	tank	50	1.1352	1.1500	1.0000
PBUFF	evas_saint	tank	51	1.1353	1.1500	1.0000
PBUFF	evas_saint	tank	52	1.1376	1.1500	1.0000
PBUFF	evas_saint	tank	53	1.1377	1.1500	1.0000
PBUFF	evas_saint	tank	54	1.1378	1.1500	1.0000
PBUFF	evas_saint	tank	55	1.1362	1.1500	1.0000
PBUFF	evas_saint	tank	56	1.1363	1.1500	1.0000
PBUFF	evas_saint	tank	57	1.1364	1.1500	1.0000
PBUFF	evas_saint	tank	58	1.1348	1.1500	1.0000
PBUFF	evas_saint	tank	59	1.1349	1.1500	1.0000
PBUFF	evas_saint	tank	60	1.1338	1.1500	1.0000
PBUFF	evas_saint	tank	61	1.1365	1.1500	1.0000
PBUFF	evas_saint	tank	62	1.1356	1.1500	1.0000
PBUFF	evas_saint	tank	63	1.1357	1.1500	1.0000
PBUFF	evas_saint	tank	64	1.1348	1.1500	1.0000
PBUFF	evas_saint	tank	65	1.1349	1.1500	1.0000
PBUFF	evas_saint	tank	66	1.1340	1.1500	1.0000
PBUFF	evas_saint	tank	67	1.1341	1.1500	1.0000
PBUFF	evas_saint	tank	68	1.1332	1.1500	1.0000
PBUFF	evas_saint	tank	69	1.1333	1.1500	1.0000
PBUFF	evas_saint	tank	70	1.1325	1.1500	1.0000
PBUFF	evas_saint	tank	71	1.1325	1.1500	1.0000
PBUFF	evas_saint	tank	72	1.1317	1.1500	1.0000
PBUFF	evas_saint	tank	73	1.1318	1.1500	1.0000
PBUFF	evas_saint	tank	74	1.1310	1.1500	1.0000
PBUFF	evas_saint	tank	75	1.1311	1.1500	1.0000
PBUFF	evas_saint	tank	76	1.1335	1.1500	1.0000
PBUFF	evas_saint	tank	77	1.1336	1.1500	1.0000
PBUFF	evas_saint	tank	78	1.1336	1.1500	1.2000
PBUFF	evas_saint	tank	79	1.1337	1.1500	1.2000
PBUFF	evas_saint	tank	80	1.1338	1.1500	1.2000
PBUFF	evas_saint	tank	81	1.1339	1.1500	1.2000
PBUFF	evas_saint	tank	82	1.1340	1.1500	1.2000
PBUFF	evas_saint	tank	83	1.1341	1.1500	1.2000
PBUFF	evas_saint	tank	84	1.1341	1.1500	1.2000
PBUFF	evas_saint	tank	85	1.1342	1.1500	1.2000
PBUFF	evas_saint	melee	1	1.0000	1.0000	1.0000
PBUFF	evas_saint	melee	2	1.0000	1.0000	1.0000
PBUFF	evas_saint	melee	3	1.0000	1.0000	1.0000
PBUFF	evas_saint	melee	4	1.0000	1.0000	1.0000
PBUFF	evas_saint	melee	5	1.0000	1.0000	1.0000
PBUFF	evas_saint	melee	6	1.0000	1.0000	1.0000
PBUFF	evas_saint	melee	7	1.0779	1.0800	1.0000
PBUFF	evas_saint	melee	8	1.0779	1.0800	1.0000
PBUFF	evas_saint	melee	9	1.0779	1.0800	1.0000
PBUFF	evas_saint	melee	10	1.0769	1.0800	1.0000
PBUFF	evas_saint	melee	11	1.0769	1.0800	1.0000
PBUFF	evas_saint	melee	12	1.0770	1.0800	1.0000
PBUFF	evas_saint	melee	13	1.0770	1.0800	1.0000
PBUFF	evas_saint	melee	14	1.0770	1.0800	1.0000
PBUFF	evas_saint	melee	15	1.0761	1.0800	1.0000
PBUFF	evas_saint	melee	16	1.0762	1.0800	1.0000
PBUFF	evas_saint	melee	17	1.0762	1.0800	1.0000
PBUFF	evas_saint	melee	18	1.0762	1.0800	1.0000
PBUFF	evas_saint	melee	19	1.0763	1.0800	1.0000
PBUFF	evas_saint	melee	20	1.1127	1.0800	1.0000
PBUFF	evas_saint	melee	21	1.1127	1.0800	1.0000
PBUFF	evas_saint	melee	22	1.1128	1.0800	1.0000
PBUFF	evas_saint	melee	23	1.1129	1.0800	1.0000
PBUFF	evas_saint	melee	24	1.1108	1.0800	1.0000
PBUFF	evas_saint	melee	25	1.1108	1.1200	1.0000
PBUFF	evas_saint	melee	26	1.1109	1.1200	1.0000
PBUFF	evas_saint	melee	27	1.1110	1.1200	1.0000
PBUFF	evas_saint	melee	28	1.1086	1.1200	1.0000
PBUFF	evas_saint	melee	29	1.1087	1.1200	1.0000
PBUFF	evas_saint	melee	30	1.1088	1.1200	1.0000
PBUFF	evas_saint	melee	31	1.1089	1.1200	1.0000
PBUFF	evas_saint	melee	32	1.1060	1.1200	1.0000
PBUFF	evas_saint	melee	33	1.1061	1.1200	1.0000
PBUFF	evas_saint	melee	34	1.1062	1.1200	1.0000
PBUFF	evas_saint	melee	35	1.1063	1.1200	1.0000
PBUFF	evas_saint	melee	36	1.1031	1.1200	1.0000
PBUFF	evas_saint	melee	37	1.1032	1.1200	1.0000
PBUFF	evas_saint	melee	38	1.1034	1.1200	1.0000
PBUFF	evas_saint	melee	39	1.1035	1.1200	1.0000
PBUFF	evas_saint	melee	40	1.1360	1.1200	1.0000
PBUFF	evas_saint	melee	41	1.1361	1.1200	1.0000
PBUFF	evas_saint	melee	42	1.1362	1.1200	1.0000
PBUFF	evas_saint	melee	43	1.1340	1.1200	1.0000
PBUFF	evas_saint	melee	44	1.1341	1.1500	1.0000
PBUFF	evas_saint	melee	45	1.1342	1.1500	1.0000
PBUFF	evas_saint	melee	46	1.1319	1.1500	1.0000
PBUFF	evas_saint	melee	47	1.1320	1.1500	1.0000
PBUFF	evas_saint	melee	48	1.1321	1.1500	1.0000
PBUFF	evas_saint	melee	49	1.1296	1.1500	1.0000
PBUFF	evas_saint	melee	50	1.1298	1.1500	1.0000
PBUFF	evas_saint	melee	51	1.1299	1.1500	1.0000
PBUFF	evas_saint	melee	52	1.1306	1.1500	1.0000
PBUFF	evas_saint	melee	53	1.1307	1.1500	1.0000
PBUFF	evas_saint	melee	54	1.1308	1.1500	1.0000
PBUFF	evas_saint	melee	55	1.1285	1.1500	1.0000
PBUFF	evas_saint	melee	56	1.1287	1.1500	1.0000
PBUFF	evas_saint	melee	57	1.1288	1.1500	1.0000
PBUFF	evas_saint	melee	58	1.1264	1.1500	1.0000
PBUFF	evas_saint	melee	59	1.1266	1.1500	1.0000
PBUFF	evas_saint	melee	60	1.1250	1.1500	1.0000
PBUFF	evas_saint	melee	61	1.1289	1.1500	1.0000
PBUFF	evas_saint	melee	62	1.1276	1.1500	1.0000
PBUFF	evas_saint	melee	63	1.1277	1.1500	1.0000
PBUFF	evas_saint	melee	64	1.1264	1.1500	1.0000
PBUFF	evas_saint	melee	65	1.1265	1.1500	1.0000
PBUFF	evas_saint	melee	66	1.1252	1.1500	1.0000
PBUFF	evas_saint	melee	67	1.1254	1.1500	1.0000
PBUFF	evas_saint	melee	68	1.1241	1.1500	1.0000
PBUFF	evas_saint	melee	69	1.1242	1.1500	1.0000
PBUFF	evas_saint	melee	70	1.1230	1.1500	1.0000
PBUFF	evas_saint	melee	71	1.1231	1.1500	1.0000
PBUFF	evas_saint	melee	72	1.1219	1.1500	1.0000
PBUFF	evas_saint	melee	73	1.1220	1.1500	1.0000
PBUFF	evas_saint	melee	74	1.1209	1.1500	1.0000
PBUFF	evas_saint	melee	75	1.1211	1.1500	1.0000
PBUFF	evas_saint	melee	76	1.1244	1.1500	1.0000
PBUFF	evas_saint	melee	77	1.1246	1.1500	1.0000
PBUFF	evas_saint	melee	78	1.1132	1.1500	1.2000
PBUFF	evas_saint	melee	79	1.1134	1.1500	1.2000
PBUFF	evas_saint	melee	80	1.1135	1.1500	1.2000
PBUFF	evas_saint	melee	81	1.1137	1.1500	1.2000
PBUFF	evas_saint	melee	82	1.1139	1.1500	1.2000
PBUFF	evas_saint	melee	83	1.1140	1.1500	1.2000
PBUFF	evas_saint	melee	84	1.1142	1.1500	1.2000
PBUFF	evas_saint	melee	85	1.1143	1.1500	1.2000
PBUFF	evas_saint	bow	1	1.0000	1.0000	1.0000
PBUFF	evas_saint	bow	2	1.0000	1.0000	1.0000
PBUFF	evas_saint	bow	3	1.0000	1.0000	1.0000
PBUFF	evas_saint	bow	4	1.0000	1.0000	1.0000
PBUFF	evas_saint	bow	5	1.0000	1.0000	1.0000
PBUFF	evas_saint	bow	6	1.0000	1.0000	1.0000
PBUFF	evas_saint	bow	7	1.0780	1.0800	1.0000
PBUFF	evas_saint	bow	8	1.0781	1.0800	1.0000
PBUFF	evas_saint	bow	9	1.0781	1.0800	1.0000
PBUFF	evas_saint	bow	10	1.0772	1.0800	1.0000
PBUFF	evas_saint	bow	11	1.0772	1.0800	1.0000
PBUFF	evas_saint	bow	12	1.0772	1.0800	1.0000
PBUFF	evas_saint	bow	13	1.0773	1.0800	1.0000
PBUFF	evas_saint	bow	14	1.0773	1.0800	1.0000
PBUFF	evas_saint	bow	15	1.0765	1.0800	1.0000
PBUFF	evas_saint	bow	16	1.0765	1.0800	1.0000
PBUFF	evas_saint	bow	17	1.0765	1.0800	1.0000
PBUFF	evas_saint	bow	18	1.0766	1.0800	1.0000
PBUFF	evas_saint	bow	19	1.0766	1.0800	1.0000
PBUFF	evas_saint	bow	20	1.1075	1.0800	1.0000
PBUFF	evas_saint	bow	21	1.1076	1.0800	1.0000
PBUFF	evas_saint	bow	22	1.1077	1.0800	1.0000
PBUFF	evas_saint	bow	23	1.1078	1.0800	1.0000
PBUFF	evas_saint	bow	24	1.1042	1.0800	1.0000
PBUFF	evas_saint	bow	25	1.1043	1.1200	1.0000
PBUFF	evas_saint	bow	26	1.1044	1.1200	1.0000
PBUFF	evas_saint	bow	27	1.1046	1.1200	1.0000
PBUFF	evas_saint	bow	28	1.1004	1.1200	1.0000
PBUFF	evas_saint	bow	29	1.1006	1.1200	1.0000
PBUFF	evas_saint	bow	30	1.1007	1.1200	1.0000
PBUFF	evas_saint	bow	31	1.1008	1.1200	1.0000
PBUFF	evas_saint	bow	32	1.0962	1.1200	1.0000
PBUFF	evas_saint	bow	33	1.0964	1.1200	1.0000
PBUFF	evas_saint	bow	34	1.0965	1.1200	1.0000
PBUFF	evas_saint	bow	35	1.0967	1.1200	1.0000
PBUFF	evas_saint	bow	36	1.0916	1.1200	1.0000
PBUFF	evas_saint	bow	37	1.0918	1.1200	1.0000
PBUFF	evas_saint	bow	38	1.0919	1.1200	1.0000
PBUFF	evas_saint	bow	39	1.0921	1.1200	1.0000
PBUFF	evas_saint	bow	40	1.1160	1.1200	1.0000
PBUFF	evas_saint	bow	41	1.1162	1.1200	1.0000
PBUFF	evas_saint	bow	42	1.1164	1.1200	1.0000
PBUFF	evas_saint	bow	43	1.1119	1.1200	1.0000
PBUFF	evas_saint	bow	44	1.1121	1.1500	1.0000
PBUFF	evas_saint	bow	45	1.1123	1.1500	1.0000
PBUFF	evas_saint	bow	46	1.1077	1.1500	1.0000
PBUFF	evas_saint	bow	47	1.1079	1.1500	1.0000
PBUFF	evas_saint	bow	48	1.1081	1.1500	1.0000
PBUFF	evas_saint	bow	49	1.1034	1.1500	1.0000
PBUFF	evas_saint	bow	50	1.1037	1.1500	1.0000
PBUFF	evas_saint	bow	51	1.1039	1.1500	1.0000
PBUFF	evas_saint	bow	52	1.1015	1.1500	1.0000
PBUFF	evas_saint	bow	53	1.1017	1.1500	1.0000
PBUFF	evas_saint	bow	54	1.1019	1.1500	1.0000
PBUFF	evas_saint	bow	55	1.0975	1.1500	1.0000
PBUFF	evas_saint	bow	56	1.0977	1.1500	1.0000
PBUFF	evas_saint	bow	57	1.0980	1.1500	1.0000
PBUFF	evas_saint	bow	58	1.0936	1.1500	1.0000
PBUFF	evas_saint	bow	59	1.0939	1.1500	1.0000
PBUFF	evas_saint	bow	60	1.0912	1.1500	1.0000
PBUFF	evas_saint	bow	61	1.1060	1.1500	1.0000
PBUFF	evas_saint	bow	62	1.1037	1.1500	1.0000
PBUFF	evas_saint	bow	63	1.1039	1.1500	1.0000
PBUFF	evas_saint	bow	64	1.1017	1.1500	1.0000
PBUFF	evas_saint	bow	65	1.1019	1.1500	1.0000
PBUFF	evas_saint	bow	66	1.0997	1.1500	1.0000
PBUFF	evas_saint	bow	67	1.0999	1.1500	1.0000
PBUFF	evas_saint	bow	68	1.0979	1.1500	1.0000
PBUFF	evas_saint	bow	69	1.0981	1.1500	1.0000
PBUFF	evas_saint	bow	70	1.0961	1.1500	1.0000
PBUFF	evas_saint	bow	71	1.0963	1.1500	1.0000
PBUFF	evas_saint	bow	72	1.0945	1.1500	1.0000
PBUFF	evas_saint	bow	73	1.0947	1.1500	1.0000
PBUFF	evas_saint	bow	74	1.0929	1.1500	1.0000
PBUFF	evas_saint	bow	75	1.0931	1.1500	1.0000
PBUFF	evas_saint	bow	76	1.0940	1.1500	1.0000
PBUFF	evas_saint	bow	77	1.0942	1.1500	1.0000
PBUFF	evas_saint	bow	78	1.0864	1.1500	1.2000
PBUFF	evas_saint	bow	79	1.0866	1.1500	1.2000
PBUFF	evas_saint	bow	80	1.0869	1.1500	1.2000
PBUFF	evas_saint	bow	81	1.0871	1.1500	1.2000
PBUFF	evas_saint	bow	82	1.0873	1.1500	1.2000
PBUFF	evas_saint	bow	83	1.0875	1.1500	1.2000
PBUFF	evas_saint	bow	84	1.0877	1.1500	1.2000
PBUFF	evas_saint	bow	85	1.0879	1.1500	1.2000
PBUFF	evas_saint	mage	1	1.0000	1.0000	1.0000
PBUFF	evas_saint	mage	2	1.0000	1.0000	1.0000
PBUFF	evas_saint	mage	3	1.0000	1.0000	1.0000
PBUFF	evas_saint	mage	4	1.0000	1.0000	1.0000
PBUFF	evas_saint	mage	5	1.0000	1.0000	1.0000
PBUFF	evas_saint	mage	6	1.0000	1.0000	1.0000
PBUFF	evas_saint	mage	7	1.0000	1.0800	1.0000
PBUFF	evas_saint	mage	8	1.0000	1.0800	1.0000
PBUFF	evas_saint	mage	9	1.0000	1.0800	1.0000
PBUFF	evas_saint	mage	10	1.0000	1.0800	1.0000
PBUFF	evas_saint	mage	11	1.0000	1.0800	1.0000
PBUFF	evas_saint	mage	12	1.0000	1.0800	1.0000
PBUFF	evas_saint	mage	13	1.0000	1.0800	1.0000
PBUFF	evas_saint	mage	14	1.0000	1.0800	1.0000
PBUFF	evas_saint	mage	15	1.0000	1.0800	1.0000
PBUFF	evas_saint	mage	16	1.0000	1.0800	1.0000
PBUFF	evas_saint	mage	17	1.0000	1.0800	1.0000
PBUFF	evas_saint	mage	18	1.0000	1.0800	1.0000
PBUFF	evas_saint	mage	19	1.0000	1.0800	1.0000
PBUFF	evas_saint	mage	20	1.0000	1.0800	1.0000
PBUFF	evas_saint	mage	21	1.0000	1.0800	1.0000
PBUFF	evas_saint	mage	22	1.0000	1.0800	1.0000
PBUFF	evas_saint	mage	23	1.0000	1.0800	1.0000
PBUFF	evas_saint	mage	24	1.0000	1.0800	1.0000
PBUFF	evas_saint	mage	25	1.0000	1.1200	1.0000
PBUFF	evas_saint	mage	26	1.0000	1.1200	1.0000
PBUFF	evas_saint	mage	27	1.0000	1.1200	1.0000
PBUFF	evas_saint	mage	28	1.0000	1.1200	1.0000
PBUFF	evas_saint	mage	29	1.0000	1.1200	1.0000
PBUFF	evas_saint	mage	30	1.0000	1.1200	1.0000
PBUFF	evas_saint	mage	31	1.0000	1.1200	1.0000
PBUFF	evas_saint	mage	32	1.0000	1.1200	1.0000
PBUFF	evas_saint	mage	33	1.0000	1.1200	1.0000
PBUFF	evas_saint	mage	34	1.0000	1.1200	1.0000
PBUFF	evas_saint	mage	35	1.0000	1.1200	1.0000
PBUFF	evas_saint	mage	36	1.0000	1.1200	1.0000
PBUFF	evas_saint	mage	37	1.0000	1.1200	1.0000
PBUFF	evas_saint	mage	38	1.0000	1.1200	1.0000
PBUFF	evas_saint	mage	39	1.0000	1.1200	1.0000
PBUFF	evas_saint	mage	40	1.0000	1.1200	1.0000
PBUFF	evas_saint	mage	41	1.0000	1.1200	1.0000
PBUFF	evas_saint	mage	42	1.0000	1.1200	1.0000
PBUFF	evas_saint	mage	43	1.0000	1.1200	1.0000
PBUFF	evas_saint	mage	44	1.0000	1.1500	1.0000
PBUFF	evas_saint	mage	45	1.0000	1.1500	1.0000
PBUFF	evas_saint	mage	46	1.0000	1.1500	1.0000
PBUFF	evas_saint	mage	47	1.0000	1.1500	1.0000
PBUFF	evas_saint	mage	48	1.0000	1.1500	1.0000
PBUFF	evas_saint	mage	49	1.0000	1.1500	1.0000
PBUFF	evas_saint	mage	50	1.0000	1.1500	1.0000
PBUFF	evas_saint	mage	51	1.0000	1.1500	1.0000
PBUFF	evas_saint	mage	52	1.0000	1.1500	1.0000
PBUFF	evas_saint	mage	53	1.0000	1.1500	1.0000
PBUFF	evas_saint	mage	54	1.0000	1.1500	1.0000
PBUFF	evas_saint	mage	55	1.0000	1.1500	1.0000
PBUFF	evas_saint	mage	56	1.0000	1.1500	1.0000
PBUFF	evas_saint	mage	57	1.0000	1.1500	1.0000
PBUFF	evas_saint	mage	58	1.0000	1.1500	1.0000
PBUFF	evas_saint	mage	59	1.0000	1.1500	1.0000
PBUFF	evas_saint	mage	60	1.0000	1.1500	1.0000
PBUFF	evas_saint	mage	61	1.0000	1.1500	1.0000
PBUFF	evas_saint	mage	62	1.0000	1.1500	1.0000
PBUFF	evas_saint	mage	63	1.0000	1.1500	1.0000
PBUFF	evas_saint	mage	64	1.0000	1.1500	1.0000
PBUFF	evas_saint	mage	65	1.0000	1.1500	1.0000
PBUFF	evas_saint	mage	66	1.0000	1.1500	1.0000
PBUFF	evas_saint	mage	67	1.0000	1.1500	1.0000
PBUFF	evas_saint	mage	68	1.0000	1.1500	1.0000
PBUFF	evas_saint	mage	69	1.0000	1.1500	1.0000
PBUFF	evas_saint	mage	70	1.0000	1.1500	1.0000
PBUFF	evas_saint	mage	71	1.0000	1.1500	1.0000
PBUFF	evas_saint	mage	72	1.0000	1.1500	1.0000
PBUFF	evas_saint	mage	73	1.0000	1.1500	1.0000
PBUFF	evas_saint	mage	74	1.0000	1.1500	1.0000
PBUFF	evas_saint	mage	75	1.0000	1.1500	1.0000
PBUFF	evas_saint	mage	76	1.0000	1.1500	1.0000
PBUFF	evas_saint	mage	77	1.0000	1.1500	1.0000
PBUFF	evas_saint	mage	78	1.3050	1.1500	1.2000
PBUFF	evas_saint	mage	79	1.3051	1.1500	1.2000
PBUFF	evas_saint	mage	80	1.3052	1.1500	1.2000
PBUFF	evas_saint	mage	81	1.3053	1.1500	1.2000
PBUFF	evas_saint	mage	82	1.3054	1.1500	1.2000
PBUFF	evas_saint	mage	83	1.3055	1.1500	1.2000
PBUFF	evas_saint	mage	84	1.3056	1.1500	1.2000
PBUFF	evas_saint	mage	85	1.3057	1.1500	1.2000
PBUFF	shillien_saint	tank	1	1.0000	1.0000	1.0000
PBUFF	shillien_saint	tank	2	1.0000	1.0000	1.0000
PBUFF	shillien_saint	tank	3	1.0000	1.0000	1.0000
PBUFF	shillien_saint	tank	4	1.0000	1.0000	1.0000
PBUFF	shillien_saint	tank	5	1.0000	1.0000	1.0000
PBUFF	shillien_saint	tank	6	1.0000	1.0000	1.0000
PBUFF	shillien_saint	tank	7	1.0779	1.0800	1.0000
PBUFF	shillien_saint	tank	8	1.0779	1.0800	1.0000
PBUFF	shillien_saint	tank	9	1.0779	1.0800	1.0000
PBUFF	shillien_saint	tank	10	1.0769	1.0800	1.0000
PBUFF	shillien_saint	tank	11	1.0769	1.0800	1.0000
PBUFF	shillien_saint	tank	12	1.0770	1.0800	1.0000
PBUFF	shillien_saint	tank	13	1.0770	1.0800	1.0000
PBUFF	shillien_saint	tank	14	1.0770	1.0800	1.0000
PBUFF	shillien_saint	tank	15	1.0761	1.0800	1.0000
PBUFF	shillien_saint	tank	16	1.0762	1.0800	1.0000
PBUFF	shillien_saint	tank	17	1.0762	1.0800	1.0000
PBUFF	shillien_saint	tank	18	1.0762	1.0800	1.0000
PBUFF	shillien_saint	tank	19	1.0763	1.0800	1.0000
PBUFF	shillien_saint	tank	20	1.1151	1.0800	1.0000
PBUFF	shillien_saint	tank	21	1.1152	1.0800	1.0000
PBUFF	shillien_saint	tank	22	1.1152	1.0800	1.0000
PBUFF	shillien_saint	tank	23	1.1153	1.0800	1.0000
PBUFF	shillien_saint	tank	24	1.1140	1.0800	1.0000
PBUFF	shillien_saint	tank	25	1.1141	1.1200	1.0000
PBUFF	shillien_saint	tank	26	1.1141	1.1200	1.0000
PBUFF	shillien_saint	tank	27	1.1142	1.1200	1.0000
PBUFF	shillien_saint	tank	28	1.1126	1.1200	1.0000
PBUFF	shillien_saint	tank	29	1.1127	1.1200	1.0000
PBUFF	shillien_saint	tank	30	1.1127	1.1200	1.0000
PBUFF	shillien_saint	tank	31	1.1128	1.1200	1.0000
PBUFF	shillien_saint	tank	32	1.1109	1.1200	1.0000
PBUFF	shillien_saint	tank	33	1.1110	1.1200	1.0000
PBUFF	shillien_saint	tank	34	1.1110	1.1200	1.0000
PBUFF	shillien_saint	tank	35	1.1111	1.1200	1.0000
PBUFF	shillien_saint	tank	36	1.1090	1.1200	1.0000
PBUFF	shillien_saint	tank	37	1.1091	1.1200	1.0000
PBUFF	shillien_saint	tank	38	1.1092	1.1200	1.0000
PBUFF	shillien_saint	tank	39	1.1092	1.1200	1.0000
PBUFF	shillien_saint	tank	40	1.1398	1.1200	1.0000
PBUFF	shillien_saint	tank	41	1.1399	1.1200	1.0000
PBUFF	shillien_saint	tank	42	1.1400	1.1200	1.0000
PBUFF	shillien_saint	tank	43	1.1384	1.1200	1.0000
PBUFF	shillien_saint	tank	44	1.1385	1.1500	1.0000
PBUFF	shillien_saint	tank	45	1.1385	1.1500	1.0000
PBUFF	shillien_saint	tank	46	1.1368	1.1500	1.0000
PBUFF	shillien_saint	tank	47	1.1369	1.1500	1.0000
PBUFF	shillien_saint	tank	48	1.1370	1.1500	1.0000
PBUFF	shillien_saint	tank	49	1.1351	1.1500	1.0000
PBUFF	shillien_saint	tank	50	1.1352	1.1500	1.0000
PBUFF	shillien_saint	tank	51	1.1353	1.1500	1.0000
PBUFF	shillien_saint	tank	52	1.1376	1.1500	1.0000
PBUFF	shillien_saint	tank	53	1.1377	1.1500	1.0000
PBUFF	shillien_saint	tank	54	1.1378	1.1500	1.0000
PBUFF	shillien_saint	tank	55	1.1362	1.1500	1.0000
PBUFF	shillien_saint	tank	56	1.1363	1.1500	1.0000
PBUFF	shillien_saint	tank	57	1.1364	1.1500	1.0000
PBUFF	shillien_saint	tank	58	1.1348	1.1500	1.0000
PBUFF	shillien_saint	tank	59	1.1349	1.1500	1.0000
PBUFF	shillien_saint	tank	60	1.1338	1.1500	1.0000
PBUFF	shillien_saint	tank	61	1.1365	1.1500	1.0000
PBUFF	shillien_saint	tank	62	1.1356	1.1500	1.0000
PBUFF	shillien_saint	tank	63	1.1357	1.1500	1.0000
PBUFF	shillien_saint	tank	64	1.1348	1.1500	1.0000
PBUFF	shillien_saint	tank	65	1.1349	1.1500	1.0000
PBUFF	shillien_saint	tank	66	1.1340	1.1500	1.0000
PBUFF	shillien_saint	tank	67	1.1341	1.1500	1.0000
PBUFF	shillien_saint	tank	68	1.1332	1.1500	1.0000
PBUFF	shillien_saint	tank	69	1.1333	1.1500	1.0000
PBUFF	shillien_saint	tank	70	1.1325	1.1500	1.0000
PBUFF	shillien_saint	tank	71	1.1325	1.1500	1.0000
PBUFF	shillien_saint	tank	72	1.1317	1.1500	1.0000
PBUFF	shillien_saint	tank	73	1.1318	1.1500	1.0000
PBUFF	shillien_saint	tank	74	1.1310	1.1500	1.0000
PBUFF	shillien_saint	tank	75	1.1311	1.1500	1.0000
PBUFF	shillien_saint	tank	76	1.1335	1.1500	1.0000
PBUFF	shillien_saint	tank	77	1.1336	1.1500	1.0000
PBUFF	shillien_saint	tank	78	1.3604	1.1500	1.0000
PBUFF	shillien_saint	tank	79	1.3605	1.1500	1.0000
PBUFF	shillien_saint	tank	80	1.3606	1.1500	1.0000
PBUFF	shillien_saint	tank	81	1.3607	1.1500	1.0000
PBUFF	shillien_saint	tank	82	1.3608	1.1500	1.0000
PBUFF	shillien_saint	tank	83	1.3609	1.1500	1.0000
PBUFF	shillien_saint	tank	84	1.3610	1.1500	1.0000
PBUFF	shillien_saint	tank	85	1.3611	1.1500	1.0000
PBUFF	shillien_saint	melee	1	1.0000	1.0000	1.0000
PBUFF	shillien_saint	melee	2	1.0000	1.0000	1.0000
PBUFF	shillien_saint	melee	3	1.0000	1.0000	1.0000
PBUFF	shillien_saint	melee	4	1.0000	1.0000	1.0000
PBUFF	shillien_saint	melee	5	1.0000	1.0000	1.0000
PBUFF	shillien_saint	melee	6	1.0000	1.0000	1.0000
PBUFF	shillien_saint	melee	7	1.0779	1.0800	1.0000
PBUFF	shillien_saint	melee	8	1.0779	1.0800	1.0000
PBUFF	shillien_saint	melee	9	1.0779	1.0800	1.0000
PBUFF	shillien_saint	melee	10	1.0769	1.0800	1.0000
PBUFF	shillien_saint	melee	11	1.0769	1.0800	1.0000
PBUFF	shillien_saint	melee	12	1.0770	1.0800	1.0000
PBUFF	shillien_saint	melee	13	1.0770	1.0800	1.0000
PBUFF	shillien_saint	melee	14	1.0770	1.0800	1.0000
PBUFF	shillien_saint	melee	15	1.0761	1.0800	1.0000
PBUFF	shillien_saint	melee	16	1.0762	1.0800	1.0000
PBUFF	shillien_saint	melee	17	1.0762	1.0800	1.0000
PBUFF	shillien_saint	melee	18	1.0762	1.0800	1.0000
PBUFF	shillien_saint	melee	19	1.0763	1.0800	1.0000
PBUFF	shillien_saint	melee	20	1.1127	1.0800	1.0000
PBUFF	shillien_saint	melee	21	1.1127	1.0800	1.0000
PBUFF	shillien_saint	melee	22	1.1128	1.0800	1.0000
PBUFF	shillien_saint	melee	23	1.1129	1.0800	1.0000
PBUFF	shillien_saint	melee	24	1.1108	1.0800	1.0000
PBUFF	shillien_saint	melee	25	1.1108	1.1200	1.0000
PBUFF	shillien_saint	melee	26	1.1109	1.1200	1.0000
PBUFF	shillien_saint	melee	27	1.1110	1.1200	1.0000
PBUFF	shillien_saint	melee	28	1.1086	1.1200	1.0000
PBUFF	shillien_saint	melee	29	1.1087	1.1200	1.0000
PBUFF	shillien_saint	melee	30	1.1088	1.1200	1.0000
PBUFF	shillien_saint	melee	31	1.1089	1.1200	1.0000
PBUFF	shillien_saint	melee	32	1.1060	1.1200	1.0000
PBUFF	shillien_saint	melee	33	1.1061	1.1200	1.0000
PBUFF	shillien_saint	melee	34	1.1062	1.1200	1.0000
PBUFF	shillien_saint	melee	35	1.1063	1.1200	1.0000
PBUFF	shillien_saint	melee	36	1.1031	1.1200	1.0000
PBUFF	shillien_saint	melee	37	1.1032	1.1200	1.0000
PBUFF	shillien_saint	melee	38	1.1034	1.1200	1.0000
PBUFF	shillien_saint	melee	39	1.1035	1.1200	1.0000
PBUFF	shillien_saint	melee	40	1.1360	1.1200	1.0000
PBUFF	shillien_saint	melee	41	1.1361	1.1200	1.0000
PBUFF	shillien_saint	melee	42	1.1362	1.1200	1.0000
PBUFF	shillien_saint	melee	43	1.1340	1.1200	1.0000
PBUFF	shillien_saint	melee	44	1.1341	1.1500	1.0000
PBUFF	shillien_saint	melee	45	1.1342	1.1500	1.0000
PBUFF	shillien_saint	melee	46	1.1319	1.1500	1.0000
PBUFF	shillien_saint	melee	47	1.1320	1.1500	1.0000
PBUFF	shillien_saint	melee	48	1.1321	1.1500	1.0000
PBUFF	shillien_saint	melee	49	1.1296	1.1500	1.0000
PBUFF	shillien_saint	melee	50	1.1298	1.1500	1.0000
PBUFF	shillien_saint	melee	51	1.1299	1.1500	1.0000
PBUFF	shillien_saint	melee	52	1.1306	1.1500	1.0000
PBUFF	shillien_saint	melee	53	1.1307	1.1500	1.0000
PBUFF	shillien_saint	melee	54	1.1308	1.1500	1.0000
PBUFF	shillien_saint	melee	55	1.1285	1.1500	1.0000
PBUFF	shillien_saint	melee	56	1.1287	1.1500	1.0000
PBUFF	shillien_saint	melee	57	1.1288	1.1500	1.0000
PBUFF	shillien_saint	melee	58	1.1264	1.1500	1.0000
PBUFF	shillien_saint	melee	59	1.1266	1.1500	1.0000
PBUFF	shillien_saint	melee	60	1.1250	1.1500	1.0000
PBUFF	shillien_saint	melee	61	1.1289	1.1500	1.0000
PBUFF	shillien_saint	melee	62	1.1276	1.1500	1.0000
PBUFF	shillien_saint	melee	63	1.1277	1.1500	1.0000
PBUFF	shillien_saint	melee	64	1.1264	1.1500	1.0000
PBUFF	shillien_saint	melee	65	1.1265	1.1500	1.0000
PBUFF	shillien_saint	melee	66	1.1252	1.1500	1.0000
PBUFF	shillien_saint	melee	67	1.1254	1.1500	1.0000
PBUFF	shillien_saint	melee	68	1.1241	1.1500	1.0000
PBUFF	shillien_saint	melee	69	1.1242	1.1500	1.0000
PBUFF	shillien_saint	melee	70	1.1230	1.1500	1.0000
PBUFF	shillien_saint	melee	71	1.1231	1.1500	1.0000
PBUFF	shillien_saint	melee	72	1.1219	1.1500	1.0000
PBUFF	shillien_saint	melee	73	1.1220	1.1500	1.0000
PBUFF	shillien_saint	melee	74	1.1209	1.1500	1.0000
PBUFF	shillien_saint	melee	75	1.1211	1.1500	1.0000
PBUFF	shillien_saint	melee	76	1.1244	1.1500	1.0000
PBUFF	shillien_saint	melee	77	1.1246	1.1500	1.0000
PBUFF	shillien_saint	melee	78	1.3359	1.1500	1.0000
PBUFF	shillien_saint	melee	79	1.3361	1.1500	1.0000
PBUFF	shillien_saint	melee	80	1.3363	1.1500	1.0000
PBUFF	shillien_saint	melee	81	1.3365	1.1500	1.0000
PBUFF	shillien_saint	melee	82	1.3366	1.1500	1.0000
PBUFF	shillien_saint	melee	83	1.3368	1.1500	1.0000
PBUFF	shillien_saint	melee	84	1.3370	1.1500	1.0000
PBUFF	shillien_saint	melee	85	1.3372	1.1500	1.0000
PBUFF	shillien_saint	bow	1	1.0000	1.0000	1.0000
PBUFF	shillien_saint	bow	2	1.0000	1.0000	1.0000
PBUFF	shillien_saint	bow	3	1.0000	1.0000	1.0000
PBUFF	shillien_saint	bow	4	1.0000	1.0000	1.0000
PBUFF	shillien_saint	bow	5	1.0000	1.0000	1.0000
PBUFF	shillien_saint	bow	6	1.0000	1.0000	1.0000
PBUFF	shillien_saint	bow	7	1.0780	1.0800	1.0000
PBUFF	shillien_saint	bow	8	1.0781	1.0800	1.0000
PBUFF	shillien_saint	bow	9	1.0781	1.0800	1.0000
PBUFF	shillien_saint	bow	10	1.0772	1.0800	1.0000
PBUFF	shillien_saint	bow	11	1.0772	1.0800	1.0000
PBUFF	shillien_saint	bow	12	1.0772	1.0800	1.0000
PBUFF	shillien_saint	bow	13	1.0773	1.0800	1.0000
PBUFF	shillien_saint	bow	14	1.0773	1.0800	1.0000
PBUFF	shillien_saint	bow	15	1.0765	1.0800	1.0000
PBUFF	shillien_saint	bow	16	1.0765	1.0800	1.0000
PBUFF	shillien_saint	bow	17	1.0765	1.0800	1.0000
PBUFF	shillien_saint	bow	18	1.0766	1.0800	1.0000
PBUFF	shillien_saint	bow	19	1.0766	1.0800	1.0000
PBUFF	shillien_saint	bow	20	1.1075	1.0800	1.0000
PBUFF	shillien_saint	bow	21	1.1076	1.0800	1.0000
PBUFF	shillien_saint	bow	22	1.1077	1.0800	1.0000
PBUFF	shillien_saint	bow	23	1.1078	1.0800	1.0000
PBUFF	shillien_saint	bow	24	1.1042	1.0800	1.0000
PBUFF	shillien_saint	bow	25	1.1043	1.1200	1.0000
PBUFF	shillien_saint	bow	26	1.1044	1.1200	1.0000
PBUFF	shillien_saint	bow	27	1.1046	1.1200	1.0000
PBUFF	shillien_saint	bow	28	1.1004	1.1200	1.0000
PBUFF	shillien_saint	bow	29	1.1006	1.1200	1.0000
PBUFF	shillien_saint	bow	30	1.1007	1.1200	1.0000
PBUFF	shillien_saint	bow	31	1.1008	1.1200	1.0000
PBUFF	shillien_saint	bow	32	1.0962	1.1200	1.0000
PBUFF	shillien_saint	bow	33	1.0964	1.1200	1.0000
PBUFF	shillien_saint	bow	34	1.0965	1.1200	1.0000
PBUFF	shillien_saint	bow	35	1.0967	1.1200	1.0000
PBUFF	shillien_saint	bow	36	1.0916	1.1200	1.0000
PBUFF	shillien_saint	bow	37	1.0918	1.1200	1.0000
PBUFF	shillien_saint	bow	38	1.0919	1.1200	1.0000
PBUFF	shillien_saint	bow	39	1.0921	1.1200	1.0000
PBUFF	shillien_saint	bow	40	1.1160	1.1200	1.0000
PBUFF	shillien_saint	bow	41	1.1162	1.1200	1.0000
PBUFF	shillien_saint	bow	42	1.1164	1.1200	1.0000
PBUFF	shillien_saint	bow	43	1.1119	1.1200	1.0000
PBUFF	shillien_saint	bow	44	1.1121	1.1500	1.0000
PBUFF	shillien_saint	bow	45	1.1123	1.1500	1.0000
PBUFF	shillien_saint	bow	46	1.1077	1.1500	1.0000
PBUFF	shillien_saint	bow	47	1.1079	1.1500	1.0000
PBUFF	shillien_saint	bow	48	1.1081	1.1500	1.0000
PBUFF	shillien_saint	bow	49	1.1034	1.1500	1.0000
PBUFF	shillien_saint	bow	50	1.1037	1.1500	1.0000
PBUFF	shillien_saint	bow	51	1.1039	1.1500	1.0000
PBUFF	shillien_saint	bow	52	1.1015	1.1500	1.0000
PBUFF	shillien_saint	bow	53	1.1017	1.1500	1.0000
PBUFF	shillien_saint	bow	54	1.1019	1.1500	1.0000
PBUFF	shillien_saint	bow	55	1.0975	1.1500	1.0000
PBUFF	shillien_saint	bow	56	1.0977	1.1500	1.0000
PBUFF	shillien_saint	bow	57	1.0980	1.1500	1.0000
PBUFF	shillien_saint	bow	58	1.0936	1.1500	1.0000
PBUFF	shillien_saint	bow	59	1.0939	1.1500	1.0000
PBUFF	shillien_saint	bow	60	1.0912	1.1500	1.0000
PBUFF	shillien_saint	bow	61	1.1060	1.1500	1.0000
PBUFF	shillien_saint	bow	62	1.1037	1.1500	1.0000
PBUFF	shillien_saint	bow	63	1.1039	1.1500	1.0000
PBUFF	shillien_saint	bow	64	1.1017	1.1500	1.0000
PBUFF	shillien_saint	bow	65	1.1019	1.1500	1.0000
PBUFF	shillien_saint	bow	66	1.0997	1.1500	1.0000
PBUFF	shillien_saint	bow	67	1.0999	1.1500	1.0000
PBUFF	shillien_saint	bow	68	1.0979	1.1500	1.0000
PBUFF	shillien_saint	bow	69	1.0981	1.1500	1.0000
PBUFF	shillien_saint	bow	70	1.0961	1.1500	1.0000
PBUFF	shillien_saint	bow	71	1.0963	1.1500	1.0000
PBUFF	shillien_saint	bow	72	1.0945	1.1500	1.0000
PBUFF	shillien_saint	bow	73	1.0947	1.1500	1.0000
PBUFF	shillien_saint	bow	74	1.0929	1.1500	1.0000
PBUFF	shillien_saint	bow	75	1.0931	1.1500	1.0000
PBUFF	shillien_saint	bow	76	1.0940	1.1500	1.0000
PBUFF	shillien_saint	bow	77	1.0942	1.1500	1.0000
PBUFF	shillien_saint	bow	78	1.3037	1.1500	1.0000
PBUFF	shillien_saint	bow	79	1.3040	1.1500	1.0000
PBUFF	shillien_saint	bow	80	1.3042	1.1500	1.0000
PBUFF	shillien_saint	bow	81	1.3045	1.1500	1.0000
PBUFF	shillien_saint	bow	82	1.3048	1.1500	1.0000
PBUFF	shillien_saint	bow	83	1.3050	1.1500	1.0000
PBUFF	shillien_saint	bow	84	1.3053	1.1500	1.0000
PBUFF	shillien_saint	bow	85	1.3055	1.1500	1.0000
PBUFF	shillien_saint	mage	1	1.0000	1.0000	1.0000
PBUFF	shillien_saint	mage	2	1.0000	1.0000	1.0000
PBUFF	shillien_saint	mage	3	1.0000	1.0000	1.0000
PBUFF	shillien_saint	mage	4	1.0000	1.0000	1.0000
PBUFF	shillien_saint	mage	5	1.0000	1.0000	1.0000
PBUFF	shillien_saint	mage	6	1.0000	1.0000	1.0000
PBUFF	shillien_saint	mage	7	1.0000	1.0800	1.0000
PBUFF	shillien_saint	mage	8	1.0000	1.0800	1.0000
PBUFF	shillien_saint	mage	9	1.0000	1.0800	1.0000
PBUFF	shillien_saint	mage	10	1.0000	1.0800	1.0000
PBUFF	shillien_saint	mage	11	1.0000	1.0800	1.0000
PBUFF	shillien_saint	mage	12	1.0000	1.0800	1.0000
PBUFF	shillien_saint	mage	13	1.0000	1.0800	1.0000
PBUFF	shillien_saint	mage	14	1.0000	1.0800	1.0000
PBUFF	shillien_saint	mage	15	1.0000	1.0800	1.0000
PBUFF	shillien_saint	mage	16	1.0000	1.0800	1.0000
PBUFF	shillien_saint	mage	17	1.0000	1.0800	1.0000
PBUFF	shillien_saint	mage	18	1.0000	1.0800	1.0000
PBUFF	shillien_saint	mage	19	1.0000	1.0800	1.0000
PBUFF	shillien_saint	mage	20	1.0000	1.0800	1.0000
PBUFF	shillien_saint	mage	21	1.0000	1.0800	1.0000
PBUFF	shillien_saint	mage	22	1.0000	1.0800	1.0000
PBUFF	shillien_saint	mage	23	1.0000	1.0800	1.0000
PBUFF	shillien_saint	mage	24	1.0000	1.0800	1.0000
PBUFF	shillien_saint	mage	25	1.2337	1.1200	1.0000
PBUFF	shillien_saint	mage	26	1.2339	1.1200	1.0000
PBUFF	shillien_saint	mage	27	1.2341	1.1200	1.0000
PBUFF	shillien_saint	mage	28	1.2343	1.1200	1.0000
PBUFF	shillien_saint	mage	29	1.2344	1.1200	1.0000
PBUFF	shillien_saint	mage	30	1.2304	1.1200	1.0000
PBUFF	shillien_saint	mage	31	1.2306	1.1200	1.0000
PBUFF	shillien_saint	mage	32	1.2308	1.1200	1.0000
PBUFF	shillien_saint	mage	33	1.2310	1.1200	1.0000
PBUFF	shillien_saint	mage	34	1.2313	1.1200	1.0000
PBUFF	shillien_saint	mage	35	1.2265	1.1200	1.0000
PBUFF	shillien_saint	mage	36	1.2268	1.1200	1.0000
PBUFF	shillien_saint	mage	37	1.2271	1.1200	1.0000
PBUFF	shillien_saint	mage	38	1.2273	1.1200	1.0000
PBUFF	shillien_saint	mage	39	1.2276	1.1200	1.0000
PBUFF	shillien_saint	mage	40	1.2322	1.1200	1.0000
PBUFF	shillien_saint	mage	41	1.2324	1.1200	1.0000
PBUFF	shillien_saint	mage	42	1.2326	1.1200	1.0000
PBUFF	shillien_saint	mage	43	1.2328	1.1200	1.0000
PBUFF	shillien_saint	mage	44	1.2674	1.1500	1.0000
PBUFF	shillien_saint	mage	45	1.2676	1.1500	1.0000
PBUFF	shillien_saint	mage	46	1.2678	1.1500	1.0000
PBUFF	shillien_saint	mage	47	1.2681	1.1500	1.0000
PBUFF	shillien_saint	mage	48	1.2646	1.1500	1.0000
PBUFF	shillien_saint	mage	49	1.2649	1.1500	1.0000
PBUFF	shillien_saint	mage	50	1.2652	1.1500	1.0000
PBUFF	shillien_saint	mage	51	1.2654	1.1500	1.0000
PBUFF	shillien_saint	mage	52	1.2978	1.1500	1.0000
PBUFF	shillien_saint	mage	53	1.2981	1.1500	1.0000
PBUFF	shillien_saint	mage	54	1.2984	1.1500	1.0000
PBUFF	shillien_saint	mage	55	1.2987	1.1500	1.0000
PBUFF	shillien_saint	mage	56	1.2946	1.1500	1.0000
PBUFF	shillien_saint	mage	57	1.2949	1.1500	1.0000
PBUFF	shillien_saint	mage	58	1.2930	1.1500	1.0000
PBUFF	shillien_saint	mage	59	1.2934	1.1500	1.0000
PBUFF	shillien_saint	mage	60	1.2915	1.1500	1.0000
PBUFF	shillien_saint	mage	61	1.2970	1.1500	1.0000
PBUFF	shillien_saint	mage	62	1.2954	1.1500	1.0000
PBUFF	shillien_saint	mage	63	1.2957	1.1500	1.0000
PBUFF	shillien_saint	mage	64	1.2941	1.1500	1.0000
PBUFF	shillien_saint	mage	65	1.2944	1.1500	1.0000
PBUFF	shillien_saint	mage	66	1.2929	1.1500	1.0000
PBUFF	shillien_saint	mage	67	1.2932	1.1500	1.0000
PBUFF	shillien_saint	mage	68	1.2917	1.1500	1.0000
PBUFF	shillien_saint	mage	69	1.2921	1.1500	1.0000
PBUFF	shillien_saint	mage	70	1.2906	1.1500	1.0000
PBUFF	shillien_saint	mage	71	1.2909	1.1500	1.0000
PBUFF	shillien_saint	mage	72	1.2896	1.1500	1.0000
PBUFF	shillien_saint	mage	73	1.2899	1.1500	1.0000
PBUFF	shillien_saint	mage	74	1.2886	1.1500	1.0000
PBUFF	shillien_saint	mage	75	1.2890	1.1500	1.0000
PBUFF	shillien_saint	mage	76	1.2967	1.1500	1.0000
PBUFF	shillien_saint	mage	77	1.2970	1.1500	1.0000
PBUFF	shillien_saint	mage	78	1.2980	1.1500	1.0000
PBUFF	shillien_saint	mage	79	1.2982	1.1500	1.0000
PBUFF	shillien_saint	mage	80	1.2985	1.1500	1.0000
PBUFF	shillien_saint	mage	81	1.2988	1.1500	1.0000
PBUFF	shillien_saint	mage	82	1.2990	1.1500	1.0000
PBUFF	shillien_saint	mage	83	1.2993	1.1500	1.0000
PBUFF	shillien_saint	mage	84	1.2995	1.1500	1.0000
PBUFF	shillien_saint	mage	85	1.2998	1.1500	1.0000
